Date,Open,High,Low,Close,Volume,MA_5,MA_10,MA_20,RSI,MACD,Close_Lag1,Close_Lag2,Close_Lag3
2024-05-22,853.495063154874,864.1856193086908,830.1157183318059,850.3978271484375,12935.0,853.1453979492187,817.5518920898437,833.5477325439454,49.68882908447573,-14.57044653980222,840.90625,890.5123291015625,854.6940307617188
2024-05-23,837.6590808180539,854.1944424097916,835.4110692758812,837.4093017578125,6763.0,854.7839477539062,822.8472045898437,829.1491241455078,46.73740734057005,-13.370048831642748,850.3978271484375,840.90625,890.5123291015625
2024-05-24,839.2077135353861,899.2046326629305,837.4093164663037,866.6834106445312,159652.0,857.1818237304688,831.7643127441406,827.1134246826172,53.44879002594088,-9.941944518541504,837.4093017578125,850.3978271484375,840.90625
2024-05-27,879.6719325594748,897.1564672932548,831.7642951926742,839.5074462890625,16184.0,846.9808471679687,839.3376098632813,824.8304412841796,47.469002293220825,-9.310692489413668,866.6834106445312,837.4093017578125,850.3978271484375
2024-05-28,839.5074347425583,843.6037870027874,809.5339470397595,814.92919921875,12829.0,841.7854370117187,844.6529052734375,822.9096435546875,42.804668206100516,-10.670674939558694,839.5074462890625,866.6834106445312,837.4093017578125
2024-05-29,815.2789018218118,849.1989124455687,799.2930410017764,812.8310546875,21694.0,834.2720825195313,843.708740234375,821.5483489990235,42.421460405991425,-11.781958474905423,814.92919921875,839.5074462890625,866.6834106445312
2024-05-30,839.2576214542204,840.6564085491298,806.2867863256618,812.131591796875,14460.0,829.2165405273438,842.000244140625,820.5392395019531,42.28555111060208,-12.57415248988616,812.8310546875,814.92919921875,839.5074462890625
2024-05-31,892.5105626890626,892.5105626890626,816.9274525296985,824.8204345703125,90501.0,820.8439453125,839.0128845214844,820.5217529296875,45.68512401267606,-12.039306753430083,812.131591796875,812.8310546875,814.92919921875
2024-06-03,889.0136491642414,946.1631122818378,814.3297076192918,923.2833251953124,193245.0,837.59912109375,842.2899841308594,825.2026092529297,63.60173148667476,-3.628478428532162,824.8204345703125,812.131591796875,812.8310546875
2024-06-04,899.4044394564122,919.5365948353486,782.6077281646664,822.4225463867188,93025.0,839.0977905273437,840.4416137695313,825.6497131347656,46.632559280330454,-5.043322028473995,923.2833251953124,824.8204345703125,812.131591796875
2024-06-05,822.4225529632803,869.2810677806983,794.2974065647588,853.8947143554688,52379.0,847.3105224609375,840.7913024902343,829.171597290039,51.02360129215661,-3.583743677320399,822.4225463867188,923.2833251953124,824.8204345703125
2024-06-06,877.2240853297035,989.1251076041076,839.7072815759124,969.4425048828124,639912.0,878.772705078125,853.9946228027344,838.4209136962891,63.04560757624539,6.81812856211593,853.8947143554688,822.4225463867188,923.2833251953124
2024-06-07,976.0866497430742,1083.4915875195047,974.1383608251804,1056.315673828125,222656.0,925.0717529296875,872.9578491210938,852.3610809326171,69.17246300066705,21.820097456888675,969.4425048828124,853.8947143554688,822.4225463867188
2024-06-10,1067.0560981949131,1067.0560981949131,999.1161968117163,1036.08349609375,214117.0,947.631787109375,892.6154541015625,865.9765319824219,66.41091448409156,31.711151814929963,1056.315673828125,969.4425048828124,853.8947143554688
2024-06-11,1040.0800452745716,1127.0031614502564,1031.087998773639,1045.42529296875,156421.0,992.2323364257812,915.6650634765625,880.158984375,67.06472692212378,39.84438729556132,1036.08349609375,1056.315673828125,969.4425048828124
2024-06-12,1050.670618057908,1094.0322874507244,1031.0879640631483,1084.4407958984375,74805.0,1038.341552734375,942.8260375976563,893.2673889160156,69.71602945301963,48.874861056309555,1045.42529296875,1036.08349609375,1056.315673828125
2024-06-13,1100.7262710947746,1142.0398236225335,1090.984888124068,1107.020751953125,114108.0,1065.8572021484374,972.3149536132812,907.1575988769531,71.162869835059,57.19429014323771,1084.4407958984375,1045.42529296875,1036.08349609375
2024-06-14,1114.0146366729427,1148.9837059855463,1110.1180588427655,1119.65966796875,54532.0,1078.5260009765625,1001.798876953125,920.4058807373046,71.97010612729395,64.06880719956189,1107.020751953125,1084.4407958984375,1045.42529296875
2024-06-18,1136.4446934557798,1137.9933723787558,1038.4314168558549,1066.6065673828125,66395.0,1084.630615234375,1016.131201171875,929.2105926513672,63.885868506504195,64.49253980721039,1119.65966796875,1107.020751953125,1084.4407958984375
2024-06-19,1066.606629202078,1086.039391984817,988.5756114597002,1009.0574951171876,64080.0,1077.3570556640625,1034.794696044922,937.6181549072265,56.47520667217794,59.4987571417887,1066.6065673828125,1119.65966796875,1107.020751953125
2024-06-20,1029.2895178874328,1119.0102064386476,1029.2895178874328,1095.0814208984375,143692.0,1079.4851806640625,1058.9133666992188,949.8523345947266,63.323810114067406,61.7705083107827,1009.0574951171876,1066.6065673828125,1119.65966796875
2024-06-21,1141.9898493099104,1142.0398539063135,1095.231161025635,1130.100341796875,65520.0,1084.1010986328124,1074.979150390625,964.4868865966797,65.6905332427866,65.63996507256752,1095.0814208984375,1009.0574951171876,1066.6065673828125
2024-06-24,1142.0399311870206,1168.7662921110875,1117.661469166599,1143.9881591796875,79968.0,1088.966796875,1083.7463989257812,978.3521240234375,66.61074111260015,69.03141702675362,1130.100341796875,1095.0814208984375,1009.0574951171876
2024-06-25,1145.98636120708,1156.3271902047352,1119.659671896161,1148.783935546875,51539.0,1105.4022705078125,1095.0164428710937,993.8159484863281,66.9404859838441,71.28442374349265,1143.9881591796875,1130.100341796875,1095.0814208984375
2024-06-26,1167.866944684964,1172.962412886791,1136.4446671759158,1145.2369384765625,47125.0,1132.6381591796876,1104.997607421875,1010.3313354492187,66.41803699194409,71.95429050748271,1148.783935546875,1143.9881591796875,1130.100341796875
2024-06-27,1163.9704007381715,1163.9704007381715,1104.0734319057583,1136.9942626953125,49780.0,1141.0207275390626,1110.2529541015624,1026.5394958496095,65.14561176011004,71.00158759065187,1145.2369384765625,1148.783935546875,1143.9881591796875
2024-06-28,1147.9845857552252,1178.957189896576,1134.7962998735593,1156.227294921875,47153.0,1146.2461181640624,1115.1736083984374,1043.7442810058594,66.74645361296854,70.98029200618657,1136.9942626953125,1145.2369384765625,1148.783935546875
2024-07-01,1173.9615299479822,1175.7599878852134,1120.0592599749154,1139.4420166015625,41907.0,1145.3368896484376,1117.1518432617188,1059.475360107422,63.984409546984786,68.8157186537037,1156.227294921875,1136.9942626953125,1145.2369384765625
2024-07-02,1149.982760005275,1163.970386973193,1123.5061803874296,1154.22900390625,55372.0,1146.4259033203125,1125.9140869140624,1071.0226440429688,65.34492984770895,67.51519186733253,1139.4420166015625,1156.227294921875,1136.9942626953125
2024-07-03,1153.1300679405897,1164.9695713530198,1128.0522739446028,1134.84619140625,34733.0,1144.34775390625,1138.4929565429688,1086.6438262939453,62.036777543603655,64.18064946356753,1154.22900390625,1139.4420166015625,1156.227294921875
2024-07-04,1148.933728521091,1152.9301936797713,1124.605271260113,1140.391357421875,19761.0,1145.0271728515625,1143.0239501953124,1100.9686584472656,62.61981636367998,61.27906225430206,1134.84619140625,1154.22900390625,1139.4420166015625
2024-07-05,1146.985454590318,1148.933682492149,1120.4089867422972,1126.953125,17956.0,1139.1723388671876,1142.709228515625,1108.844189453125,60.20662926790275,57.23540630165917,1140.391357421875,1134.84619140625,1154.22900390625
2024-07-08,1142.988912158957,1163.9703519800566,1109.8681863345932,1146.18603515625,31646.0,1140.521142578125,1142.9290161132812,1113.3377075195312,62.437727061623434,54.94929368682028,1126.953125,1140.391357421875,1134.84619140625
2024-07-09,1154.9783854735635,1175.9598267321662,1134.0469488124545,1143.23876953125,28126.0,1138.323095703125,1142.3744995117188,1118.6954711914063,61.86530809129358,52.29686752919088,1146.18603515625,1126.953125,1140.391357421875
2024-07-10,1163.97042823807,1163.97042823807,1109.0690392276078,1149.5831298828125,25991.0,1141.2704833984376,1142.8091186523438,1123.9033630371093,62.65891799373535,50.12888298895973,1143.23876953125,1146.18603515625,1126.953125
2024-07-11,1154.978434622131,1154.978434622131,1131.1994180655238,1134.0469970703125,20149.0,1140.001611328125,1142.5143920898438,1126.3836730957032,59.39900668341556,46.61970065485889,1149.5831298828125,1143.23876953125,1146.18603515625
2024-07-12,1148.9837144145736,1148.9837144145736,1114.0146448454343,1120.3590087890625,19363.0,1138.6827880859375,1138.9275634765625,1127.0505859375,56.60480607201091,42.24714334325722,1134.0469970703125,1149.5831298828125,1143.23876953125
2024-07-15,1120.3590463730716,1133.2976757251588,1091.0350071574362,1097.629150390625,30116.0,1128.9714111328126,1134.7462768554688,1125.9490600585937,52.212480574499345,36.52669357340051,1120.3590087890625,1134.0469970703125,1149.5831298828125
2024-07-16,1106.021727885954,1106.021727885954,1048.0729833354703,1065.3077392578125,53053.0,1113.385205078125,1125.854150390625,1125.8841186523437,46.66711217420087,29.050254904674148,1097.629150390625,1120.3590087890625,1134.0469970703125
2024-07-18,1065.307769298425,1075.248927833045,1029.0898029330624,1055.2666015625,31385.0,1094.5218994140625,1117.89619140625,1128.1945739746093,45.065784159956536,22.060586787901684,1065.3077392578125,1097.629150390625,1120.3590087890625
2024-07-19,1073.0508904261776,1073.0508904261776,1004.1118667395796,1013.5535278320312,21388.0,1070.4232055664063,1105.2124084472657,1124.118179321289,39.0683151732788,13.005409740274217,1055.2666015625,1065.3077392578125,1097.629150390625
2024-07-22,1013.5535545732296,1032.8364871922804,994.6702318901162,1000.2653198242188,22766.0,1046.4044677734375,1092.5436279296875,1117.6264282226562,37.36248519462421,4.702660021535394,1013.5535278320312,1055.2666015625,1065.3077392578125
2024-07-23,1001.414251184682,1018.099505522462,958.5521986792884,995.9690551757812,34143.0,1026.0724487304688,1077.5219299316407,1110.2254730224608,36.802980997326806,-2.1986568528109274,1000.2653198242188,1013.5535278320312,1055.2666015625
2024-07-24,1002.6631235597856,1047.7731866964148,983.9796370586866,1022.095947265625,60212.0,1017.4300903320312,1065.407647705078,1103.8910736083985,42.447337325929595,-5.496419059416212,995.9690551757812,1000.2653198242188,1013.5535278320312
2024-07-25,1024.0942552232048,1041.628795890297,1002.2635874433746,1030.7384033203125,25893.0,1012.5244506835937,1053.523175048828,1098.1661468505858,44.22199629528902,-7.328071939893334,1022.095947265625,995.9690551757812,1000.2653198242188
2024-07-26,1031.0880209574595,1061.061509938781,1010.6061368202232,1048.072998046875,25646.0,1019.4283447265625,1044.9257751464843,1093.7200836181642,47.705127182562286,-7.296800150799072,1030.7384033203125,1022.095947265625,995.9690551757812
2024-07-29,1048.0730276202253,1089.5863598157075,1024.4939066820775,1032.7864990234375,32962.0,1025.9325805664062,1036.168524169922,1087.548043823242,45.0343959034468,-8.408580863198267,1048.072998046875,1030.7384033203125,1022.095947265625
2024-07-30,1032.6865757790438,1035.8838210932604,1018.549116825566,1025.2930908203125,32302.0,1031.7973876953124,1028.9349182128906,1081.8405975341798,43.741640841438546,-9.781574601501688,1032.7864990234375,1048.072998046875,1030.7384033203125
2024-07-31,1028.9898443989005,1070.0534976472177,1028.9898443989005,1032.1370849609375,21370.0,1033.805615234375,1025.617852783203,1075.736001586914,45.28647381875953,-10.199851364151073,1025.2930908203125,1032.7864990234375,1048.072998046875
2024-08-01,1047.6234422394118,1073.0509032187924,1031.7374687210597,1056.7652587890625,25382.0,1039.010986328125,1025.7677185058594,1071.8319549560547,50.54880882407236,-8.446682808836158,1032.1370849609375,1025.2930908203125,1032.7864990234375
2024-08-02,1056.7652014870664,1080.0446587350614,1026.6918269638031,1048.97216796875,34079.0,1039.1908203125,1029.3095825195312,1067.2609954833983,48.944636193085636,-7.598530270436868,1056.7652587890625,1032.1370849609375,1025.2930908203125
2024-08-05,990.1242249478272,1047.9730814538148,985.877980794418,992.4221801757812,52840.0,1031.1179565429688,1028.5252685546875,1060.5344482421874,39.21853103775036,-11.358540495683656,1048.97216796875,1056.7652587890625,1032.1370849609375
2024-08-06,1005.5106732753608,1024.993441213771,990.4739241071504,1003.362548828125,30761.0,1026.7318481445313,1029.2646179199219,1053.3932739257812,41.63494255803623,-13.30223943498413,992.4221801757812,1048.97216796875,1056.7652587890625
2024-08-07,1009.1073901904692,1094.0322695629343,1009.1073901904692,1077.796630859375,51130.0,1035.8637573242188,1034.8346862792969,1050.1211669921875,54.800937791001985,-8.735726482541622,1003.362548828125,992.4221801757812,1048.97216796875
2024-08-08,1179.3568750159802,1278.8688315808804,1122.107463692268,1232.01025390625,887417.0,1070.9127563476563,1054.9618713378907,1054.2425231933594,69.9336569358905,7.243519708809572,1077.796630859375,1003.362548828125,992.4221801757812
2024-08-09,1348.7569828713497,1441.7248021631,1309.092115061817,1410.752197265625,1084980.0,1143.2687622070312,1091.2297912597655,1068.077783203125,78.79521143143403,33.93894146906291,1232.01025390625,1077.796630859375,1003.362548828125
2024-08-12,1398.762826151181,1458.709804414803,1303.896781833975,1453.5643310546875,533784.0,1235.4971923828125,1133.3075744628907,1084.7380493164062,80.29339874435489,57.88260233597771,1410.752197265625,1232.01025390625,1077.796630859375
2024-08-13,1463.7054127147546,1468.601107088337,1368.7893620608968,1403.9083251953125,150106.0,1315.60634765625,1171.1690979003906,1100.0520080566407,73.78202902079087,72.0210871365341,1453.5643310546875,1410.752197265625,1232.01025390625
2024-08-14,1431.7335186652592,1431.7335186652592,1336.1680294714256,1390.469970703125,105611.0,1378.141015625,1207.0023864746095,1116.3101196289062,72.07847045212985,81.20548897649292,1403.9083251953125,1453.5643310546875,1410.752197265625
2024-08-16,1369.7884165519945,1418.7451141530505,1369.7884165519945,1386.723388671875,48998.0,1409.083642578125,1239.9981994628906,1132.882958984375,71.58223752223671,87.17695408534678,1390.469970703125,1403.9083251953125,1453.5643310546875
2024-08-19,1397.7636655986685,1427.7371537816275,1376.7822238705971,1388.3719482421875,105291.0,1404.6075927734375,1273.9381774902345,1151.6238800048827,71.67464549753993,90.99349185333017,1386.723388671875,1390.469970703125,1403.9083251953125
2024-08-20,1389.7706775966026,1527.199163982878,1388.7715613654043,1504.9188232421875,148565.0,1414.8784912109375,1325.187841796875,1176.8565551757813,77.29560213585124,102.24388051082929,1388.3719482421875,1386.723388671875,1390.469970703125
2024-08-21,1532.6444592459327,1603.6816063347908,1528.647993902397,1598.5361328125,158169.0,1453.804052734375,1384.7052001953125,1206.9849090576172,80.62206436342795,117.36116263828694,1504.9188232421875,1388.3719482421875,1386.723388671875
2024-08-22,1638.0011287481534,1673.4198738848388,1623.5139427563695,1644.24560546875,97163.0,1504.5591796875,1441.35009765625,1238.0923919677734,82.00812956711562,131.51407764932014,1598.5361328125,1504.9188232421875,1388.3719482421875
2024-08-23,1656.6846839658351,1721.4773503270983,1569.6116757770585,1718.77978515625,145903.0,1570.970458984375,1490.02705078125,1272.4944610595703,84.01583524719412,147.04955442620576,1644.24560546875,1598.5361328125,1504.9188232421875
2024-08-26,1736.4641153990071,1807.301484890338,1663.528626087081,1770.833740234375,173484.0,1647.4628173828125,1526.035205078125,1308.6324981689454,85.25348055818475,161.6978981245711,1718.77978515625,1644.24560546875,1598.5361328125
2024-08-28,1748.453472783547,1770.4340307271116,1688.5064965738254,1709.2381591796875,86060.0,1688.3266845703124,1551.602587890625,1342.4550811767579,77.59695976375309,166.41820198502978,1770.833740234375,1718.77978515625,1644.24560546875
2024-08-29,1685.1095794621942,1728.4712526198275,1623.8138169481936,1683.9605712890625,85293.0,1705.411572265625,1579.6078125,1375.3884552001953,74.63464911825469,166.20349626636448,1709.2381591796875,1770.833740234375,1718.77978515625
2024-08-30,1693.5520428696468,1708.139115679978,1638.5506447000766,1688.9061279296875,64673.0,1714.3436767578125,1609.4514282226562,1408.2269073486327,74.8370496681212,164.53573993656119,1683.9605712890625,1709.2381591796875,1770.833740234375
2024-09-02,1706.4906174846803,1741.459687515104,1647.5927611755558,1680.5635986328125,61907.0,1706.700439453125,1638.83544921875,1439.4168243408203,73.76773747055871,160.6885411594826,1688.9061279296875,1683.9605712890625,1709.2381591796875
2024-09-03,1697.248780835928,1723.425578589821,1653.5374435811398,1664.1280517578125,37739.0,1685.3593017578125,1666.4110595703125,1470.1746185302734,71.59725958594042,154.5320478807514,1680.5635986328125,1688.9061279296875,1683.9605712890625
2024-09-04,1648.541867304073,1678.4154685646768,1638.5507044719272,1660.131591796875,35743.0,1675.53798828125,1681.9323364257812,1503.5600891113281,71.04983041291874,147.62872958422645,1664.1280517578125,1680.5635986328125,1688.9061279296875
2024-09-05,1668.5241944914408,1688.506520173973,1653.187783922585,1662.4794921875,16635.0,1671.2417724609375,1688.3266723632812,1536.515936279297,71.18920246785908,140.72506508581114,1660.131591796875,1664.1280517578125,1680.5635986328125
2024-09-06,1677.4662391719369,1677.4662391719369,1599.8349525542778,1642.7469482421875,40315.0,1662.0099365234375,1688.176806640625,1564.7634521484374,68.21682351063936,132.13840061892734,1662.4794921875,1660.131591796875,1664.1280517578125
2024-09-09,1638.6005942502038,1642.6969463318546,1564.6159898774756,1614.322021484375,39171.0,1648.76162109375,1677.7310302734375,1583.8790405273437,64.06703795195304,121.63759070414812,1642.7469482421875,1662.4794921875,1660.131591796875
2024-09-10,1614.3221660445888,1643.9958714490135,1602.582549488176,1625.1126708984375,23423.0,1640.958544921875,1663.1589233398438,1594.5970642089844,64.93898783417742,112.88506960503969,1614.322021484375,1642.7469482421875,1662.4794921875
2024-09-11,1625.1125191870483,1633.4551151430655,1554.6248218287983,1588.09521484375,42271.0,1626.55126953125,1651.04462890625,1601.3236083984375,59.59628111387657,101.78828228251473,1625.1126708984375,1614.322021484375,1642.7469482421875
2024-09-12,1588.0953474863295,1628.9592282564147,1562.1183238722092,1604.53076171875,29749.0,1614.9615234375,1643.1016479492187,1611.3547302246093,61.125544910804074,93.2453354724737,1588.09521484375,1625.1126708984375,1614.322021484375
2024-09-13,1633.5551409156612,1684.709846390553,1548.680260513612,1680.1639404296875,77171.0,1622.444921875,1642.2274291992187,1625.8394287109375,67.26567215901457,91.52293458716031,1604.53076171875,1588.09521484375,1625.1126708984375
2024-09-16,1721.1775437471078,1746.455234077947,1610.1258682805776,1642.29736328125,64587.0,1628.039990234375,1638.4008056640625,1638.6181274414062,61.98680549461428,86.10978318554771,1680.1639404296875,1604.53076171875,1588.09521484375
2024-09-17,1647.492664230527,1658.5829519908789,1595.388850230225,1631.0572509765625,43235.0,1629.22890625,1635.0937255859376,1650.752392578125,60.46980726297347,79.9907549441889,1642.29736328125,1680.1639404296875,1604.53076171875
2024-09-18,1663.5286228887037,1698.197909367535,1648.591883137831,1665.52685546875,70683.0,1644.715234375,1635.633251953125,1658.7827941894532,63.42584801877376,77.03478098302344,1631.0572509765625,1642.29736328125,1680.1639404296875
2024-09-19,1698.2978588178207,1698.2978588178207,1628.6095000404405,1644.3455810546875,48140.0,1652.6781982421876,1633.8198608398438,1661.0732666015624,60.435156582222845,72.15128341366017,1665.52685546875,1631.0572509765625,1642.29736328125
2024-09-20,1671.3716556480842,1716.7815640515646,1645.5445240319343,1688.706298828125,55102.0,1654.386669921875,1638.4157958984374,1663.2963012695313,64.23839449648666,71.04169119835183,1644.3455810546875,1665.52685546875,1631.0572509765625
2024-09-23,1718.4799247184103,1772.432201424686,1694.5511396679144,1701.9945068359375,116695.0,1666.3260986328125,1647.1830444335938,1662.4570373535157,65.31399467477254,70.42278863486354,1688.706298828125,1644.3455810546875,1665.52685546875
2024-09-24,1748.4535495438963,1753.4491311140218,1681.5627611048933,1696.349609375,64835.0,1679.3845703125,1654.30673828125,1658.7328308105468,64.42749329690665,68.68504935165834,1701.9945068359375,1688.706298828125,1644.3455810546875
2024-09-25,1699.4968246554736,1722.476499533237,1684.060526620386,1689.006103515625,23901.0,1684.080419921875,1664.3978271484375,1657.7212280273438,63.22524067909139,65.95503036490459,1696.349609375,1701.9945068359375,1688.706298828125
2024-09-26,1688.5064956723195,1708.4888210648912,1678.1656666741503,1703.9927978515625,47353.0,1696.00986328125,1674.3440307617188,1658.7228393554688,64.67403142260247,64.2600220987772,1689.006103515625,1696.349609375,1701.9945068359375
2024-09-27,1751.4508036432985,1789.1674424553548,1688.5064792682117,1702.593994140625,181586.0,1698.78740234375,1676.5870361328125,1659.4072326660157,64.4189346458312,62.08813074411523,1703.9927978515625,1689.006103515625,1696.349609375
2024-09-30,1707.489783152428,1787.7188720703125,1707.489783152428,1787.7188720703125,86304.0,1715.932275390625,1691.1291870117188,1664.7649963378906,71.7273866805032,66.46953797067567,1702.593994140625,1703.9927978515625,1689.006103515625
2024-10-01,1788.418139456897,1823.387209222814,1768.435813876373,1822.837646484375,128322.0,1741.2298828125,1710.3072265625,1672.7004760742188,74.09173928483648,71.94627449208679,1787.7188720703125,1702.593994140625,1703.9927978515625
2024-10-03,1769.534869447849,1822.1883720789772,1758.4447028168893,1771.8328857421875,83656.0,1757.7952392578125,1720.9378295898437,1678.2855407714844,65.52161828856353,71.3485085223956,1822.837646484375,1787.7188720703125,1702.593994140625
2024-10-04,1755.9468636439824,1816.393398637132,1704.0428216373184,1800.207763671875,96551.0,1777.038232421875,1736.5240478515625,1685.1719543457032,67.75608024986465,72.3306079704771,1771.8328857421875,1822.837646484375,1787.7188720703125
2024-10-07,1811.3978192506088,1818.3916332245492,1710.2372956989684,1712.435302734375,82460.0,1779.006494140625,1738.8969482421876,1688.6563720703125,55.72544421613301,65.27398691660369,1800.207763671875,1771.8328857421875,1822.837646484375
2024-10-08,1703.4933266079097,1722.4765366991414,1659.0826549426097,1701.744873046875,63549.0,1761.8116943359375,1738.8719848632813,1693.0275146484375,54.45715918634852,58.148634299134756,1712.435302734375,1800.207763671875,1771.8328857421875
2024-10-09,1727.27227702749,1828.2829087405776,1707.040172317916,1826.9840087890625,159082.0,1762.640966796875,1751.9354248046875,1703.1210815429688,64.61701199654988,61.894016902498834,1701.744873046875,1712.435302734375,1800.207763671875
2024-10-10,1828.2829297700089,1828.2829297700089,1804.4540305638004,1827.2838134765625,84908.0,1773.73115234375,1765.7631958007812,1715.0805114746095,64.63734938339925,64.14700459356777,1826.9840087890625,1701.744873046875,1712.435302734375
2024-10-11,1828.282896098159,1828.282896098159,1780.4252021309946,1800.057861328125,32155.0,1773.701171875,1775.3697021484375,1724.856866455078,61.1973182200553,63.009275067964836,1827.2838134765625,1826.9840087890625,1701.744873046875
2024-10-14,1800.0577705390417,1848.3650156085407,1731.4184127279043,1778.4268798828125,273319.0,1786.8994873046875,1782.9529907226563,1729.7700134277343,58.531994334743224,59.6742887423768,1800.057861328125,1827.2838134765625,1826.9840087890625
2024-10-15,1846.3668885517604,1846.3668885517604,1798.4593116299943,1838.0242919921875,85884.0,1814.15537109375,1787.9835327148437,1739.5563598632812,63.27753100350145,61.13556835649706,1778.4268798828125,1800.057861328125,1827.2838134765625
2024-10-16,1846.366841331316,1848.3650738435792,1826.9340789345283,1841.4212646484373,107811.0,1817.042822265625,1789.84189453125,1750.074560546875,63.533692180788194,61.85472748707298,1838.0242919921875,1778.4268798828125,1800.057861328125
2024-10-17,1843.3195285063364,1848.3651144957453,1809.899137788672,1847.8155517578125,67114.0,1821.149169921875,1797.4401611328126,1759.1889953613281,64.04215575907665,62.223359652379486,1841.4212646484373,1838.0242919921875,1778.4268798828125
2024-10-18,1847.3160052813191,1847.3160052813191,1754.498200029257,1825.885009765625,74643.0,1826.314599609375,1800.0078857421875,1768.265966796875,60.90550256893792,60.053630965964885,1847.8155517578125,1841.4212646484373,1838.0242919921875
2024-10-21,1838.3739764925192,1898.3209539868403,1838.2740892558493,1866.1993408203125,148841.0,1843.869091796875,1815.3842895507812,1777.1406188964843,64.36107450422324,60.885287253439174,1825.885009765625,1847.8155517578125,1841.4212646484373
2024-10-22,1774.4805184991333,1810.098916323632,1619.1678195413915,1644.945068359375,371003.0,1805.2532470703125,1809.7043090820312,1774.2881469726562,42.275458352042044,43.19310691479359,1866.1993408203125,1825.885009765625,1847.8155517578125
2024-10-23,1658.4830335897925,1717.480899185051,1604.0311958902082,1644.54541015625,111019.0,1765.878076171875,1791.46044921875,1771.6979370117188,42.247257222607914,28.80760135788705,1644.945068359375,1866.1993408203125,1825.885009765625
2024-10-24,1648.1422016834167,1681.3129355699723,1640.299163227519,1664.2779541015625,50125.0,1729.170556640625,1775.15986328125,1770.4615295410156,44.22555852742872,18.78272043733955,1644.54541015625,1644.945068359375,1866.1993408203125
2024-10-25,1649.540926161064,1664.2778908254345,1558.621347553761,1613.972412109375,114598.0,1686.788037109375,1756.551318359375,1765.9605102539062,40.42388106964543,6.701443198931884,1664.2779541015625,1644.54541015625,1644.945068359375
2024-10-28,1613.9224051195984,1643.5462262341782,1563.0673637573127,1625.5621337890625,49937.0,1638.660595703125,1741.26484375,1762.1089172363281,41.667968495559876,-1.9157784715141588,1613.972412109375,1664.2779541015625,1644.54541015625
2024-10-29,1651.4392954413477,1657.4838756548031,1588.195187210919,1641.0484619140625,32991.0,1637.8812744140625,1721.5672607421875,1754.7753967285157,43.36968725470452,-7.409954135293674,1625.5621337890625,1613.972412109375,1664.2779541015625
2024-10-31,1653.5374770632504,1679.4644962721063,1613.5728250496372,1655.8853759765625,55243.0,1640.149267578125,1703.013671875,1746.427783203125,45.0244290664072,-10.44649230409209,1641.0484619140625,1625.5621337890625,1613.972412109375
2024-11-01,1643.5462715093622,1698.49766660542,1643.5462715093622,1677.3663330078125,14021.0,1642.766943359375,1685.96875,1741.7044555664063,47.4199343507225,-10.9929174617223,1655.8853759765625,1641.0484619140625,1625.5621337890625
2024-11-04,1692.50298195066,1700.3960249720787,1630.5577724577786,1685.1094970703125,54015.0,1656.9943603515626,1671.8911987304687,1735.9495422363282,48.29454204193592,-10.678064626255946,1677.3663330078125,1655.8853759765625,1641.0484619140625
2024-11-06,1688.456486787018,1748.4534674108618,1670.7221730461365,1732.4176025390625,67586.0,1678.3654541015626,1658.5130249023437,1736.9486572265625,53.39518299701969,-6.53583174482219,1685.1094970703125,1677.3663330078125,1655.8853759765625
2024-11-07,1758.394634716656,1764.3893323506854,1675.5179887111758,1683.710693359375,44811.0,1686.897900390625,1662.3895874023438,1736.0469482421875,48.130759949622885,-7.101461624189142,1732.4176025390625,1685.1094970703125,1677.3663330078125
2024-11-08,1688.506516041212,1709.9375114982988,1633.5551205487463,1644.3955078125,60448.0,1684.5999267578125,1662.3745971679687,1726.9175231933593,44.3313665549116,-10.59994471718528,1683.710693359375,1732.4176025390625,1685.1094970703125
2024-11-11,1648.7417148739128,1691.7537215582445,1633.7050873223354,1653.0379638671875,71578.0,1679.7342529296875,1661.2505981445313,1718.2052307128906,45.35259435086772,-12.530697714831831,1644.3955078125,1683.710693359375,1732.4176025390625
2024-11-12,1668.424362861863,1671.97115261126,1615.6709725168034,1621.9654541015625,47022.0,1667.1054443359376,1662.04990234375,1709.3006103515625,42.34487856612888,-16.379314686145108,1653.0379638671875,1644.3955078125,1683.710693359375
2024-11-13,1633.3553435525653,1633.3553435525653,1548.8800132820268,1557.72216796875,76663.0,1632.166357421875,1655.2659057617188,1698.2653747558593,36.896624040034006,-24.33277457242798,1621.9654541015625,1653.0379638671875,1644.3955078125
2024-11-14,1539.6381329392564,1594.1898555023074,1539.6381329392564,1571.4599609375,32567.0,1609.7162109375,1648.3070556640625,1684.937158203125,38.71256548961609,-29.19092889525723,1557.72216796875,1621.9654541015625,1653.0379638671875
2024-11-18,1549.6294392161367,1617.5693501553355,1549.6294392161367,1597.9866943359375,64376.0,1600.4344482421875,1642.5171875,1672.7654296875,42.17300574393861,-30.54842230847862,1571.4599609375,1557.72216796875,1621.9654541015625
2024-11-19,1602.6325435495803,1637.3018302393918,1584.7982200941844,1600.5343017578125,45924.0,1589.9337158203125,1634.833984375,1660.4013671875,42.50873961596183,-31.06062741272217,1597.9866943359375,1571.4599609375,1557.72216796875
2024-11-21,1598.5861111773777,1605.1802544934958,1554.1254349602566,1564.4163818359375,38374.0,1578.4239013671875,1622.7646728515624,1647.3279357910155,39.04749255734586,-33.98916203331669,1600.5343017578125,1597.9866943359375,1571.4599609375
2024-11-22,1583.549274871964,1588.5448561952137,1548.630210207422,1552.7265625,31333.0,1577.4247802734376,1604.7955688476563,1631.654296875,37.969878300709844,-36.82877831233782,1564.4163818359375,1600.5343017578125,1597.9866943359375
2024-11-25,1558.7713758575323,1594.3398930233268,1548.6303206555892,1555.4742431640625,51586.0,1574.22763671875,1591.971923828125,1627.1807556152344,38.400199385098986,-38.414659522844204,1552.7265625,1564.4163818359375,1600.5343017578125
2024-11-26,1558.5214362771449,1588.494923267683,1553.6257423428708,1567.7132568359375,24491.0,1568.17294921875,1584.3036987304688,1623.3391479492188,40.38408687374614,-38.24305357408457,1555.4742431640625,1552.7265625,1564.4163818359375
2024-11-27,1572.3592843293684,1586.446799831428,1556.7230897702375,1580.95166015625,24591.0,1564.2564208984375,1577.095068359375,1619.172833251953,42.53974149361449,-36.616731228859635,1567.7132568359375,1555.4742431640625,1552.7265625
2024-11-28,1585.4976955380782,1631.5569330019212,1581.0016721464624,1592.6912841796875,25265.0,1569.9114013671874,1574.1676513671875,1618.1087768554687,44.457720895895264,-33.98876814478945,1580.95166015625,1567.7132568359375,1555.4742431640625
2024-11-29,1612.2738593122012,1612.2738593122012,1568.6125275531788,1579.35302734375,16206.0,1575.2366943359375,1576.3307373046875,1615.798321533203,42.713231384844,-32.60650680777462,1592.6912841796875,1580.95166015625,1567.7132568359375
2024-12-02,1573.658209986171,1618.568439824726,1557.622344251079,1601.683349609375,29874.0,1584.478515625,1579.353076171875,1613.8300659179688,46.49826411231997,-29.370618151513554,1579.35302734375,1592.6912841796875,1580.95166015625
2024-12-03,1612.5736468336277,1666.8755912796832,1594.6395587160837,1657.883544921875,41164.0,1602.5125732421875,1585.3427612304688,1613.9299743652343,54.62410057191154,-22.01746338847147,1601.683349609375,1579.35302734375,1592.6912841796875
2024-12-04,1668.524128203107,1687.5073368473338,1580.1523451679811,1593.5404052734375,84640.0,1605.030322265625,1584.6433715820312,1609.7386779785156,46.00846943197538,-21.13831950461281,1657.883544921875,1601.683349609375,1579.35302734375
2024-12-05,1588.5948628715855,1626.561280977951,1573.6581234805028,1609.7261962890625,53233.0,1608.4373046875,1589.1743530273438,1605.9695129394531,48.22091958540997,-18.917464819379347,1593.5404052734375,1657.883544921875,1601.683349609375
2024-12-06,1612.1241106370323,1684.5100358108332,1601.5833851748314,1653.4874267578125,60573.0,1623.2641845703124,1599.250439453125,1602.0230041503905,53.74030702930445,-13.47097094233709,1609.7261962890625,1593.5404052734375,1657.883544921875
2024-12-09,1666.475893685786,1726.2230939799476,1641.6478793658418,1705.7412109375,51347.0,1644.0757568359375,1614.2771362304688,1603.124530029297,59.316838398487796,-4.881866506476172,1653.4874267578125,1609.7261962890625,1593.5404052734375
2024-12-10,1722.776283346711,1807.4013850966649,1718.5300390754778,1794.8624267578125,186149.0,1671.471533203125,1636.9920532226563,1610.6478759765625,66.69181171533617,9.012507364909652,1705.7412109375,1653.4874267578125,1609.7261962890625
2024-12-11,1798.3592595198113,1853.2607710657528,1752.2501417902968,1846.1170654296875,106893.0,1721.986865234375,1663.50859375,1620.3018310546875,70.05399515708066,23.88439530788378,1794.8624267578125,1705.7412109375,1653.4874267578125
2024-12-12,1833.3784185528184,1908.761694933952,1818.4416785871867,1879.3377685546875,167562.0,1775.9091796875,1692.1732421875,1633.1704467773438,72.02505564733436,37.91405710442609,1846.1170654296875,1794.8624267578125,1705.7412109375
2024-12-13,1893.3253822938784,1899.4199673114133,1813.3960785558784,1828.53271484375,68207.0,1810.9182373046874,1717.0912109375,1646.7109741210938,64.9808909454512,44.42106354808766,1879.3377685546875,1846.1170654296875,1794.8624267578125
2024-12-16,1829.282073835121,1886.331590664532,1801.8063753482168,1825.93505859375,57632.0,1834.9570068359376,1739.5163818359374,1659.4347290039063,64.63282742954733,48.8057021316049,1828.53271484375,1879.3377685546875,1846.1170654296875
2024-12-17,1832.3291804744515,1842.420352073416,1764.9888434349004,1774.1806640625,31321.0,1830.820654296875,1751.14609375,1668.2444274902343,57.97044289749245,47.55621425429922,1825.93505859375,1828.53271484375,1879.3377685546875
2024-12-18,1771.4331983303648,1793.9133150604457,1754.4482212454147,1770.43408203125,23516.0,1815.6840576171876,1768.8354614257812,1676.7394165039063,57.50829632213103,45.73644696042106,1774.1806640625,1825.93505859375,1828.53271484375
2024-12-19,1743.907438948213,1765.9380014141957,1700.0962150453606,1754.4981689453125,24495.0,1790.7161376953125,1783.3126586914063,1686.243505859375,55.48223107398511,42.51824935340005,1770.43408203125,1774.1806640625,1825.93505859375
2024-12-20,1754.498167537561,1764.2894337660257,1670.1227257039363,1694.60107421875,28719.0,1763.9298095703125,1787.4240234375,1693.3372314453125,48.55764204315316,34.73421518904661,1754.4981689453125,1770.43408203125,1774.1806640625
2024-12-23,1698.3978485381808,1708.4888989288395,1659.582204086584,1666.1263427734375,16260.0,1731.96806640625,1783.4625366210937,1698.8698364257812,45.64131138524623,25.968292863057513,1694.60107421875,1754.4981689453125,1770.43408203125
2024-12-24,1666.0263539042408,1695.150617107107,1663.528563268702,1669.323486328125,9446.0,1710.996630859375,1770.908642578125,1703.9503479003906,46.03322721532894,19.059512830100402,1666.1263427734375,1694.60107421875,1754.4981689453125
2024-12-26,1688.456433134733,1701.1452825010613,1662.4794110157873,1679.9140625,43095.0,1692.892626953125,1754.2883422851562,1708.8984680175781,47.38643260505346,14.274280842718326,1669.323486328125,1666.1263427734375,1694.60107421875
2024-12-27,1705.0918470999743,1716.8814681828585,1682.5618477928745,1706.3907470703125,14139.0,1683.271142578125,1736.9936401367188,1714.5834411621095,50.713732148891715,12.47459778878033,1679.9140625,1669.323486328125,1666.1263427734375
2024-12-30,1716.4317641361338,1738.4123222922294,1680.0640291205432,1710.636962890625,16688.0,1686.4783203125,1725.2040649414062,1721.147637939453,51.246239268242846,11.261158506673837,1706.3907470703125,1679.9140625,1669.323486328125
2024-12-31,1700.5958034980342,1718.5300139827257,1682.761602211745,1703.1934814453125,12514.0,1693.891748046875,1712.9299072265626,1726.22314453125,50.22188258949725,9.588343928113545,1710.636962890625,1706.3907470703125,1679.9140625
2025-01-01,1747.2545897961288,1955.8699947540335,1704.9919225958,1884.9327392578125,932721.0,1737.0135986328125,1724.0051147460938,1737.5756042480468,67.3712204494517,22.66618391082966,1703.1934814453125,1710.636962890625,1706.3907470703125
2025-01-02,1878.338601137671,1923.2988336117112,1840.372182604037,1900.119384765625,139860.0,1781.0546630859376,1736.9736450195312,1752.9045532226562,68.352397743427,33.86552104422685,1884.9327392578125,1703.1934814453125,1710.636962890625
2025-01-03,1900.1193740535543,1986.2431478777676,1878.8881532827284,1946.478271484375,173551.0,1829.07216796875,1756.1716552734374,1769.7421569824219,71.19949670383112,45.95214342494546,1900.119384765625,1884.9327392578125,1703.1934814453125
2025-01-06,1954.271389796212,1986.2431098746777,1841.920815992952,1873.29296875,151113.0,1861.603369140625,1774.0408447265625,1780.7324340820312,61.75442249239456,49.05990440624282,1946.478271484375,1900.119384765625,1884.9327392578125
2025-01-07,1899.3699983023412,1968.5587987042657,1889.3288311918905,1934.2890625,107162.0,1907.8224853515626,1800.8571166992188,1792.1598266601563,65.8236917880063,55.80145790262986,1873.29296875,1946.478271484375,1900.119384765625
2025-01-08,1948.176841602882,1948.176841602882,1875.141466570742,1894.72412109375,50035.0,1909.78076171875,1823.3971801757812,1797.1529113769532,61.269876602250974,57.29121009784626,1934.2890625,1873.29296875,1946.478271484375
2025-01-09,1905.3146336047173,1938.2354643044207,1826.4344567352096,1849.2142333984373,78566.0,1899.5997314453125,1840.327197265625,1797.3077697753906,56.43360298699137,54.175085191362996,1894.72412109375,1934.2890625,1873.29296875
2025-01-10,1849.214287884761,1893.3252947377605,1786.4698605294864,1860.454345703125,90923.0,1882.3949462890625,1855.7335571289063,1796.3635986328125,57.329465796207394,52.012944036043564,1849.2142333984373,1894.72412109375,1934.2890625
2025-01-13,1832.529078838107,1872.6935029635908,1725.12408287109,1743.4078369140625,161043.0,1856.417919921875,1859.01064453125,1792.107354736328,46.58653516515866,40.38917526125533,1860.454345703125,1849.2142333984373,1894.72412109375
2025-01-14,1769.5348265874616,1839.7727501530196,1672.9203306884767,1714.2337646484375,115803.0,1812.4068603515625,1860.1146728515625,1786.5222900390625,44.355454934958416,28.494681991884136,1743.4078369140625,1860.454345703125,1849.2142333984373
2025-01-15,1741.709417800416,1797.410149217237,1703.4932209090546,1771.73291015625,76793.0,1787.8086181640624,1848.7946899414062,1786.39990234375,49.48977672724752,23.437735260186173,1714.2337646484375,1743.4078369140625,1860.454345703125
2025-01-16,1723.47556182122,1877.1895752178316,1663.079032222372,1830.6807861328125,133803.0,1784.1019287109375,1841.850830078125,1789.4122375488282,54.159598980852664,23.911037924249058,1771.73291015625,1714.2337646484375,1743.4078369140625
2025-01-17,1838.3739297756872,1838.3739297756872,1704.4923501072403,1749.2528076171875,171928.0,1761.86162109375,1822.1282836914063,1789.149969482422,47.61139573339222,17.51368944129422,1830.6807861328125,1771.73291015625,1714.2337646484375
2025-01-20,1763.4401895952888,1891.3270702004995,1750.3517910508358,1883.2342529296875,122033.0,1789.826904296875,1823.122412109375,1798.5816284179687,56.85485150110648,22.989914165431628,1749.2528076171875,1830.6807861328125,1771.73291015625
2025-01-21,1862.3527427520148,1923.2988357283416,1813.845598655554,1828.632568359375,72270.0,1812.7066650390625,1812.5567626953125,1806.7069396972656,52.768651654571634,22.662720360609,1883.2342529296875,1749.2528076171875,1830.6807861328125
2025-01-22,1833.2784185002984,1833.2784185002984,1693.5020317252938,1784.121826171875,182863.0,1815.1844482421875,1801.496533203125,1812.4468566894532,49.63681259081413,18.597392842037607,1828.632568359375,1883.2342529296875,1749.2528076171875
2025-01-23,1763.4402169402335,1885.3324019072072,1763.4402169402335,1810.398681640625,69634.0,1811.12802734375,1797.6149780273438,1818.9710876464844,51.46804906204426,17.29653048918749,1784.121826171875,1828.632568359375,1883.2342529296875
2025-01-24,1823.387133343586,1839.173218680245,1753.448996722188,1758.994140625,41047.0,1813.0762939453125,1787.4689575195312,1821.6012573242188,47.80598240398987,11.979577732982534,1810.398681640625,1784.121826171875,1828.632568359375
2025-01-27,1756.4964668130629,1763.440276340021,1683.5109720299918,1705.9910888671875,43563.0,1777.6276611328126,1783.7272827148438,1821.368963623047,44.30548240521659,3.449190929258748,1758.994140625,1810.398681640625,1784.121826171875
2025-01-28,1723.4256206242976,1726.3230822997716,1589.7938149003692,1629.8084716796875,83488.0,1737.862841796875,1775.2847534179687,1817.6997131347657,39.79506486401463,-9.350713389804241,1705.9910888671875,1758.994140625,1810.398681640625
2025-01-29,1640.1492002434602,1717.2310427893722,1633.6050620287622,1698.6973876953125,166100.0,1720.7779541015625,1767.981201171875,1808.3879455566407,45.22528630483145,-13.777155514435663,1629.8084716796875,1705.9910888671875,1758.994140625
2025-01-30,1708.4889414963125,1739.3616607965416,1630.158196043408,1639.9495849609375,55017.0,1686.688134765625,1748.9080810546875,1795.3794555664062,41.76564112461181,-21.774595510954896,1698.6973876953125,1629.8084716796875,1705.9910888671875
2025-01-31,1668.524294928416,1697.4986689122031,1624.5631757806016,1686.6082763671875,161456.0,1672.2109619140624,1742.6436279296875,1782.3859558105469,45.341911030657045,-24.070191686522094,1639.9495849609375,1698.6973876953125,1629.8084716796875
2025-02-01,1711.835786309922,1717.430812864372,1658.5329592704338,1699.7965087890625,32154.0,1670.9720458984375,1724.299853515625,1773.7111328125,46.344910344333606,-24.5423787911443,1686.6082763671875,1639.9495849609375,1698.6973876953125
2025-02-03,1699.7965797696218,1712.4853077691678,1663.5286099391274,1693.2523193359375,40713.0,1683.6608154296875,1710.7618286132813,1761.6592956542968,45.894856820388675,-25.15468432759485,1699.7965087890625,1686.6082763671875,1639.9495849609375
2025-02-04,1708.4888611234635,1747.4043919529674,1703.4932796581909,1737.7130126953125,28045.0,1691.4639404296875,1706.120947265625,1753.808740234375,49.48404122005636,-21.80102584084557,1693.2523193359375,1699.7965087890625,1686.6082763671875
2025-02-05,1763.4402403395047,1781.0246625362383,1722.376585481027,1771.7828369140625,27193.0,1717.8305908203124,1702.2593627929687,1749.9371704101563,52.10594743109801,-16.207250156103328,1737.7130126953125,1693.2523193359375,1699.7965087890625
2025-02-06,1777.078184335598,1826.3845480426205,1751.4508275266485,1811.6475830078125,98358.0,1742.8384521484375,1707.52470703125,1747.4968322753907,55.046035522897604,-8.45987065595068,1771.7828369140625,1737.7130126953125,1693.2523193359375
2025-02-07,1798.4592157270192,1834.3773953532395,1760.043123567354,1798.8587646484375,94557.0,1762.6509033203124,1716.811474609375,1750.2693786621094,53.90285033801953,-3.3137682881354067,1811.6475830078125,1771.7828369140625,1737.7130126953125
2025-02-10,1828.3827142891157,1853.360620222027,1780.4251348979258,1803.155029296875,61883.0,1784.6314453125,1734.1461303710937,1754.7154418945313,54.24661329636718,1.0985640037679332,1798.8587646484375,1811.6475830078125,1771.7828369140625
2025-02-11,1831.2802047029445,1831.2802047029445,1714.1338240267476,1757.645263671875,53700.0,1788.6178955078126,1740.04091796875,1754.0110595703125,49.993591581834984,0.912591601369968,1803.155029296875,1798.8587646484375,1811.6475830078125
2025-02-12,1730.0697273256578,1747.4043704038968,1628.6095421946318,1677.5162353515625,87040.0,1769.7645751953125,1743.7975830078126,1746.35283203125,43.52339214582138,-5.635572415819752,1757.645263671875,1803.155029296875,1798.8587646484375
2025-02-13,1698.4976708124798,1715.4326429217829,1619.7672594039625,1695.4503173828125,61901.0,1746.5251220703126,1744.681787109375,1743.6627075195313,45.23185415832709,-9.271038279605818,1677.5162353515625,1757.645263671875,1803.155029296875
2025-02-14,1680.5135888322018,1697.6983401232756,1632.606011823773,1640.9486083984375,88753.0,1714.9430908203126,1738.7969970703125,1731.5484252929687,41.15713646064852,-16.361399564464136,1695.4503173828125,1677.5162353515625,1757.645263671875
2025-02-17,1638.500727997302,1646.343888525112,1550.6785027652395,1598.8858642578125,102003.0,1674.0892578125,1729.3603515625,1720.0610900878905,38.290231525109,-25.085503812372053,1640.9486083984375,1695.4503173828125,1677.5162353515625
2025-02-18,1590.9427898749452,1607.8778840602467,1466.7027043957617,1526.39990234375,159807.0,1627.840185546875,1708.2290405273438,1707.1749938964845,33.90696349580766,-37.417109471970434,1598.8858642578125,1640.9486083984375,1695.4503173828125
2025-02-19,1526.399804588082,1560.1199770016626,1445.4713907954886,1484.3370361328125,99243.0,1589.204345703125,1679.4844604492187,1690.8719116210937,31.643253417765408,-50.007660390511546,1526.39990234375,1598.8858642578125,1640.9486083984375
2025-02-20,1450.716718755239,1527.6486659619563,1450.716718755239,1520.455078125,155975.0,1554.2052978515626,1650.3652099609376,1678.9449584960937,35.61797365787925,-56.42095294109663,1484.3370361328125,1526.39990234375,1598.8858642578125
2025-02-21,1501.6718133832462,1574.6073039866906,1501.6718133832462,1527.5489501953125,149761.0,1531.5253662109376,1623.234228515625,1670.0228515625,36.40018635631781,-60.23674559544975,1520.455078125,1484.3370361328125,1526.39990234375
2025-02-24,1527.5488184230169,1538.6389841108105,1454.7132213411296,1499.5235595703125,61408.0,1511.6529052734375,1592.8710815429688,1663.5086059570312,34.61111047916897,-64.775511792217,1527.5489501953125,1520.455078125,1484.3370361328125
2025-02-25,1499.5235866656992,1528.6478494979672,1453.7141313853217,1501.072265625,84871.0,1506.5873779296876,1567.2137817382813,1653.6273498535156,34.80181573349074,-67.46979922073751,1499.5235595703125,1527.5489501953125,1520.455078125
2025-02-27,1488.8830165282998,1517.507722051659,1432.383064646396,1498.7742919921875,209580.0,1509.4748291015626,1549.3395874023438,1646.568585205078,34.640379111418156,-68.99513570985141,1501.072265625,1499.5235595703125,1527.5489501953125
2025-02-28,1476.294153357514,1478.6420521632626,1324.3285954301746,1408.354248046875,141691.0,1487.0546630859376,1520.62998046875,1632.6558837890625,28.94986989892479,-76.61692551650594,1498.7742919921875,1501.072265625,1499.5235595703125
2025-03-03,1421.093113611821,1598.5861572797808,1421.093113611821,1574.95703125,866706.0,1496.536279296875,1514.0308227539062,1626.4139099121094,46.41627769992205,-68.42503538851861,1408.354248046875,1498.7742919921875,1501.072265625
2025-03-04,1543.4348552517308,1588.5948616533813,1488.6832351343007,1511.463134765625,111252.0,1498.9241943359375,1505.2885498046876,1617.3244506835938,42.16228030027557,-66.29215554467783,1574.95703125,1408.354248046875,1498.7742919921875
2025-03-05,1494.7778975992746,1547.631175165591,1494.7778975992746,1516.6585693359375,62960.0,1502.041455078125,1504.3144165039062,1606.271728515625,42.62564115285532,-63.451179056918136,1511.463134765625,1574.95703125,1408.354248046875
2025-03-06,1547.6310444019643,1547.6310444019643,1501.6216931026536,1515.4095458984375,39672.0,1505.368505859375,1507.4216674804688,1593.4530639648438,42.53741189400858,-60.601889615004666,1516.6585693359375,1511.463134765625,1574.95703125
2025-03-07,1508.6656599156634,1524.2518502878663,1469.7001230039343,1508.8155517578125,56302.0,1525.4607666015625,1506.25771484375,1578.3114624023438,42.04265202909182,-58.204937139082176,1515.4095458984375,1516.6585693359375,1511.463134765625
2025-03-10,1531.4455536933058,1531.4455536933058,1449.7177894193535,1467.402099609375,31790.0,1503.9497802734375,1500.2430297851563,1561.7386291503906,38.97643380540505,-58.96731600153612,1508.8155517578125,1515.4095458984375,1516.6585693359375
2025-03-11,1478.5421999078585,1478.5421999078585,1413.849420894143,1454.7633056640625,61510.0,1492.609814453125,1495.7670043945313,1544.31904296875,38.064051503571825,-59.90085205178525,1467.402099609375,1508.8155517578125,1515.4095458984375
2025-03-12,1455.6623891389415,1474.9453817805552,1419.8440955386543,1466.05322265625,70515.0,1482.4887451171876,1492.2651000976562,1529.7394409179688,39.42805680163323,-59.049003988623326,1454.7633056640625,1467.402099609375,1508.8155517578125
2025-03-13,1478.042586105527,1483.6876172572752,1414.2490385371534,1465.6036376953125,45334.0,1472.5275634765626,1488.9480346679688,1519.1438110351562,39.39085410919632,-57.74454286492596,1466.05322265625,1454.7633056640625,1467.402099609375
2025-03-17,1473.6964329056948,1474.6455445351369,1403.6584098766966,1424.0404052734375,60109.0,1455.5725341796874,1490.516650390625,1505.5733154296875,36.00823529532599,-59.38005718782051,1465.6036376953125,1466.05322265625,1454.7633056640625
2025-03-18,1424.040447371831,1517.05814634175,1422.042214861361,1493.229248046875,57040.0,1460.7379638671875,1482.3438720703125,1498.1873474121094,44.54528098690354,-54.46540935986741,1424.0404052734375,1465.6036376953125,1466.05322265625
2025-03-19,1496.726243616529,1547.3813919731433,1496.726243616529,1539.28857421875,113475.0,1477.643017578125,1485.126416015625,1495.2074829101562,49.38610684296038,-46.31996513496961,1493.229248046875,1424.0404052734375,1465.6036376953125
2025-03-20,1548.630190634335,1598.586003235442,1548.630190634335,1596.0382080078125,35752.0,1503.6400146484375,1493.0643798828125,1498.6893981933595,54.640031725623714,-34.883307674911066,1539.28857421875,1493.229248046875,1424.0404052734375
2025-03-21,1598.6360935864566,1638.250957534194,1533.8933081975397,1550.7283935546875,82909.0,1520.6649658203125,1496.5962646484375,1502.008966064453,50.162797950414124,-29.139891072266664,1596.0382080078125,1539.28857421875,1493.229248046875
2025-03-24,1557.6222737474843,1596.5878084980627,1550.6284598178931,1578.5537109375,48993.0,1551.567626953125,1503.5700805664062,1504.9138977050782,52.7247174990034,-22.088301280999076,1550.7283935546875,1596.0382080078125,1539.28857421875
2025-03-25,1598.5860445037908,1609.726215393914,1553.6258120021216,1564.0665283203125,77192.0,1565.7350830078126,1513.2365234375,1506.7397766113281,51.24760391745167,-17.467505598829575,1578.5537109375,1550.7283935546875,1596.0382080078125
2025-03-26,1559.0709219410396,1586.8464028040569,1524.6514155069988,1534.642578125,29042.0,1564.8058837890626,1521.2244506835937,1508.4957275390625,48.28859724157516,-15.995373890786823,1564.0665283203125,1578.5537109375,1550.7283935546875
2025-03-27,1553.588153391485,1657.6139768083044,1537.7919052453467,1651.16552734375,304591.0,1575.83134765625,1539.7356811523437,1516.000390625,58.50623304072029,-5.364432883949121,1534.642578125,1564.0665283203125,1578.5537109375
2025-03-28,1650.7156154624265,1749.5926169062502,1631.6701233435272,1730.047119140625,158890.0,1611.6950927734374,1566.180029296875,1527.564031982422,63.730806913204866,9.318333722115312,1651.16552734375,1534.642578125,1564.0665283203125
2025-04-01,1732.0966470164465,1795.5818632274388,1726.1480810858743,1778.0859375,119171.0,1651.6015380859376,1601.5845825195313,1546.0506164550782,66.4974151184814,24.547890405425278,1730.047119140625,1651.16552734375,1534.642578125
2025-04-02,1789.583276469691,1810.5783875344196,1730.5970120497404,1793.88232421875,37019.0,1697.564697265625,1631.6498901367188,1556.9968811035155,67.3785910104541,37.460241842500636,1778.0859375,1730.047119140625,1651.16552734375
2025-04-03,1754.591385696399,1798.181209958313,1753.591618525062,1777.9859619140625,37092.0,1746.2333740234376,1655.51962890625,1570.3230224609374,65.51124489960233,45.88177327638823,1793.88232421875,1778.0859375,1730.047119140625
2025-04-04,1777.1861786275977,1777.1861786275977,1667.6117161701222,1683.9578857421875,39760.0,1752.791845703125,1664.3115966796875,1578.68798828125,55.681191100040834,44.45615481029404,1777.9859619140625,1793.88232421875,1778.0859375
2025-04-07,1412.5210870807568,1649.51595451131,1411.3214152380067,1513.0477294921875,165806.0,1709.3919677734375,1660.5435302734375,1578.5698974609375,43.039565479890314,29.198735800559007,1683.9578857421875,1777.9859619140625,1793.88232421875
2025-04-08,1549.639185015676,1665.162335657313,1549.639185015676,1642.0177001953125,115627.0,1682.1783203125,1666.8899291992188,1585.2300048828124,51.9118919142433,27.200371153288643,1513.0477294921875,1683.9578857421875,1777.9859619140625
2025-04-09,1628.620789866175,1628.620789866175,1549.6391800445497,1558.6370849609375,48239.0,1635.1292724609375,1666.3469848632812,1589.7917541503907,46.832911334317174,18.673280016038007,1642.0177001953125,1513.0477294921875,1683.9578857421875
2025-04-11,1599.527509430677,1630.220312536031,1573.0835947286755,1608.6253662109375,40131.0,1601.2571533203125,1673.745263671875,1597.4848571777343,49.99183004291036,15.767378854191747,1558.6370849609375,1642.0177001953125,1513.0477294921875
2025-04-15,1639.6181829464497,1678.6091031506642,1626.3212305728707,1663.8125,95444.0,1597.228076171875,1675.0099609375,1607.372821044922,53.2913247637057,17.713382874616627,1608.6253662109375,1558.6370849609375,1642.0177001953125
2025-04-16,1666.7118493035632,1738.3952296759282,1660.7132461950084,1721.9990234375,34937.0,1639.0183349609374,1674.2051513671875,1620.1925903320312,56.5466821357812,23.67782797538166,1663.8125,1608.6253662109375,1558.6370849609375
2025-04-17,1717.7999024102917,1776.1863295375963,1701.2037917992488,1769.587890625,22848.0,1664.532373046875,1673.3553466796875,1637.4699645996093,59.05983198031591,31.877256385805822,1721.9990234375,1663.8125,1608.6253662109375
2025-04-21,1787.5837560243428,1863.066179726713,1760.789946211247,1822.7755126953125,157941.0,1717.36005859375,1676.2446655273438,1653.9472778320312,61.72428831023579,42.18092363735036,1769.587890625,1721.9990234375,1663.8125
2025-04-22,1834.1728820208127,1926.551395775129,1829.573977305909,1859.467041015625,441017.0,1767.5283935546875,1684.3927734375,1669.956201171875,63.48957708888692,52.69986264758995,1822.7755126953125,1769.587890625,1721.9990234375
2025-04-23,1880.0621637608992,1901.457205613831,1825.674805287861,1864.4658203125,61299.0,1807.6590576171875,1702.4435668945312,1683.3775817871094,63.73497076229322,60.73939141550454,1859.467041015625,1822.7755126953125,1769.587890625
2025-04-24,1839.5716038069152,1873.363783171864,1777.1861076172588,1785.8841552734375,44527.0,1820.436083984375,1729.7272094726563,1695.1353698730468,57.22371849795476,60.07735786684566,1864.4658203125,1859.467041015625,1822.7755126953125
2025-04-25,1789.5832855261174,1798.2812113373357,1704.603073643592,1724.198486328125,49971.0,1811.358203125,1737.9452880859376,1702.4176086425782,52.6745184024063,53.95323425483048,1785.8841552734375,1864.4658203125,1859.467041015625
2025-04-28,1753.59166065739,1799.2809726684786,1740.6946394288968,1784.984375,67845.0,1803.7999755859375,1760.5800170898438,1713.4635009765625,56.356500758384826,53.38929679753414,1724.198486328125,1785.8841552734375,1864.4658203125
2025-04-29,1789.3833091514473,1822.67548230532,1767.5883362787656,1797.2813720703125,35071.0,1791.362841796875,1779.4456176757812,1726.595440673828,57.08392478444266,53.31999745286771,1784.984375,1724.198486328125,1785.8841552734375
2025-04-30,1799.5809871427443,1809.5786592935372,1713.6010066459244,1721.6990966796875,35695.0,1762.8094970703125,1785.23427734375,1730.122119140625,51.41190955892738,46.628712494086585,1797.2813720703125,1784.984375,1724.198486328125
2025-05-02,1734.4961120882774,1821.2758304422616,1720.6992761310612,1795.3819580078125,118654.0,1764.7090576171875,1792.5725708007812,1733.3888610839845,56.00167900258932,46.73270652128417,1721.6990966796875,1797.2813720703125,1784.984375
2025-05-05,1831.273468184277,1902.2569369330208,1831.273468184277,1854.4681396484373,193665.0,1790.76298828125,1801.060595703125,1737.2079711914062,59.32019579208315,50.995044462400074,1795.3819580078125,1721.6990966796875,1797.2813720703125
2025-05-06,1873.7635864736687,1878.86249668854,1771.6873825376056,1786.384033203125,40942.0,1791.042919921875,1797.4214477539062,1736.833056640625,54.24329712268399,48.322132141854354,1854.4681396484373,1795.3819580078125,1721.6990966796875
2025-05-07,1794.5820668427075,1794.5820668427075,1725.198200964199,1778.48583984375,52464.0,1787.2838134765625,1789.3233276367187,1736.8580505371094,53.66945842074923,45.047235188065315,1786.384033203125,1854.4681396484373,1795.3819580078125
2025-05-08,1778.1858993756532,1847.4698144457743,1735.8958204721123,1751.3922119140625,61662.0,1793.2224365234374,1778.015966796875,1740.2297668457031,51.650880274014085,39.806758877308994,1778.48583984375,1786.384033203125,1854.4681396484373
2025-05-09,1699.6041981724145,1759.4902763869854,1651.215442474892,1744.99365234375,32809.0,1783.144775390625,1773.9269165039063,1751.8270629882813,51.161483366492476,34.73690791167928,1751.3922119140625,1778.48583984375,1786.384033203125
2025-05-12,1809.5786069452947,1898.557886513323,1775.88650158854,1866.1654052734373,84086.0,1785.484228515625,1788.1236083984375,1763.0344482421874,59.0705198416274,40.03506299668311,1744.99365234375,1751.3922119140625,1778.48583984375
2025-05-13,1919.553046693361,1979.5390794025284,1851.068992683728,1935.0494384765625,502982.0,1815.2173095703124,1803.1301147460938,1781.8550659179687,62.76237727238144,49.22482176043491,1866.1654052734373,1744.99365234375,1751.3922119140625
2025-05-14,1974.440131980692,2144.500496603684,1959.5435773161864,2135.102783203125,969285.0,1886.5406982421875,1836.912255859375,1808.178936767578,70.95601604572772,71.82247995226885,1935.0494384765625,1866.1654052734373,1744.99365234375
2025-05-15,2143.500884637476,2155.4980910813424,2100.6109692341693,2147.300048828125,185299.0,1965.722265625,1879.4723510742188,1832.3533142089843,71.36965628081796,89.681709355247,2135.102783203125,1935.0494384765625,1866.1654052734373
2025-05-16,2156.5,2164.0,2105.0,2150.199951171875,132043.0,2046.763525390625,1914.954150390625,1853.763360595703,71.47367654800792,102.8833005632896,2147.300048828125,2135.102783203125,1935.0494384765625
2025-05-19,2166.10009765625,2180.0,2141.800048828125,2171.300048828125,116712.0,2107.7904541015623,1946.6373413085937,1873.8489685058594,72.26332108977671,113.73716698589215,2150.199951171875,2147.300048828125,2135.102783203125
2025-05-20,2198.800048828125,2278.0,2150.0,2221.5,365229.0,2165.08056640625,1990.1489379882812,1893.7851928710938,74.10022065903092,124.94931294339813,2171.300048828125,2150.199951171875,2147.300048828125
2025-05-21,2229.89990234375,2248.5,2155.800048828125,2215.699951171875,118777.0,2181.2,2033.8703491210938,1911.5968383789063,73.49460174161796,131.84715202987422,2221.5,2171.300048828125,2150.199951171875
2025-05-22,2225.0,2243.800048828125,2167.10009765625,2201.0,77741.0,2191.939990234375,2078.8311279296877,1928.4235473632812,71.89090297329903,134.57626458784875,2215.699951171875,2221.5,2171.300048828125
2025-05-23,2223.0,2253.89990234375,2184.0,2223.39990234375,95262.0,2206.57998046875,2126.6717529296875,1950.299334716797,72.86264241005507,136.96771233917752,2201.0,2215.699951171875,2221.5
2025-05-26,2233.0,2280.0,2192.10009765625,2205.300048828125,157930.0,2213.37998046875,2160.5852172851564,1974.3544128417968,70.73475138092593,135.8366051705773,2223.39990234375,2201.0,2215.699951171875
2025-05-27,2219.0,2254.89990234375,2180.0,2225.0,269744.0,2214.07998046875,2189.5802734375,1996.3551940917969,71.70337246420932,134.9739206713325,2205.300048828125,2223.39990234375,2201.0
2025-05-28,2244.0,2330.0,2227.0,2322.0,253489.0,2235.339990234375,2208.2699951171876,2022.5911254882812,75.92813833995973,140.49775565715095,2225.0,2205.300048828125,2223.39990234375
2025-05-29,2370.89990234375,2370.89990234375,2273.0,2331.10009765625,95944.0,2261.360009765625,2226.65,2053.061175537109,76.28585116537582,143.9503662920415,2322.0,2225.0,2205.300048828125
2025-05-30,2337.800048828125,2386.0,2322.10009765625,2379.199951171875,1483109.0,2292.52001953125,2249.55,2082.2520751953125,78.13533305605854,148.8519684511989,2331.10009765625,2322.0,2225.0
2025-06-02,2398.199951171875,2410.60009765625,2353.60009765625,2387.5,332492.0,2328.960009765625,2271.1699951171877,2108.903668212891,78.44769480598335,151.65804847157233,2379.199951171875,2331.10009765625,2322.0
2025-06-03,2391.0,2514.5,2391.0,2473.60009765625,393273.0,2378.680029296875,2296.3800048828125,2143.264471435547,81.41395736537734,158.99663122396896,2387.5,2379.199951171875,2331.10009765625
2025-06-04,2494.800048828125,2530.0,2451.0,2525.0,159325.0,2419.280029296875,2327.310009765625,2180.5901794433594,82.9248184172365,167.03458278419203,2473.60009765625,2387.5,2379.199951171875
2025-06-05,2520.10009765625,2531.0,2465.0,2472.5,70824.0,2447.560009765625,2354.460009765625,2216.6455688476562,76.11853958362676,167.24056098340725,2525.0,2473.60009765625,2387.5
2025-06-06,2496.0,2530.0,2436.10009765625,2495.10009765625,98600.0,2470.7400390625,2381.630029296875,2254.1508911132814,76.99393301478914,167.2989213686651,2472.5,2525.0,2473.60009765625
2025-06-09,2520.0,2521.199951171875,2469.39990234375,2499.89990234375,63561.0,2493.22001953125,2411.0900146484373,2285.837615966797,77.18520741981608,165.82099530519326,2495.10009765625,2472.5,2525.0
2025-06-10,2523.5,2549.89990234375,2480.0,2494.39990234375,59193.0,2497.37998046875,2438.0300048828126,2313.805139160156,76.40134598729084,162.3346316337529,2499.89990234375,2495.10009765625,2472.5
2025-06-11,2500.0,2550.0,2467.0,2536.39990234375,97784.0,2499.6599609375,2459.4699951171874,2333.8699951171875,78.2203258202074,161.1036101631512,2494.39990234375,2499.89990234375,2495.10009765625
2025-06-12,2549.199951171875,2549.199951171875,2475.0,2497.800048828125,60552.0,2504.719970703125,2476.139990234375,2351.3949951171876,72.6759528798715,155.22400548079895,2536.39990234375,2494.39990234375,2499.89990234375
2025-06-13,2480.5,2489.89990234375,2421.199951171875,2448.800048828125,72540.0,2495.4599609375,2483.1,2366.325,66.25571302091345,144.93971115153954,2497.800048828125,2536.39990234375,2494.39990234375
2025-06-16,2448.800048828125,2498.0,2400.0,2483.39990234375,63006.0,2492.1599609375,2492.689990234375,2381.9299926757812,68.37987194651895,137.9905832691611,2448.800048828125,2497.800048828125,2536.39990234375
2025-06-17,2498.800048828125,2515.0,2430.0,2436.699951171875,44945.0,2480.619970703125,2488.9999755859376,2392.689990234375,62.64770577427454,127.24821536732816,2483.39990234375,2448.800048828125,2497.800048828125
2025-06-18,2436.699951171875,2590.0,2420.0,2541.10009765625,683675.0,2481.560009765625,2490.6099853515625,2408.959997558594,68.92017354759379,125.7099249601747,2436.699951171875,2483.39990234375,2448.800048828125
2025-06-19,2534.0,2591.800048828125,2501.0,2549.800048828125,193549.0,2491.960009765625,2498.339990234375,2426.4,69.38160162425598,123.76613313967482,2541.10009765625,2436.699951171875,2483.39990234375
2025-06-20,2537.10009765625,2597.0,2525.0,2587.89990234375,173733.0,2519.77998046875,2507.619970703125,2444.625,71.38518555443764,123.8720836104485,2549.800048828125,2541.10009765625,2436.699951171875
2025-06-23,2555.10009765625,2611.0,2535.39990234375,2599.800048828125,160739.0,2543.060009765625,2517.6099853515625,2464.35,72.00145997355298,123.49274499672538,2587.89990234375,2549.800048828125,2541.10009765625
2025-06-24,2612.800048828125,2720.0,2599.800048828125,2664.89990234375,424065.0,2588.7,2534.6599853515627,2486.3449951171874,75.15394502655599,126.98136835762807,2599.800048828125,2587.89990234375,2549.800048828125
2025-06-25,2687.0,2742.699951171875,2674.39990234375,2719.699951171875,204135.0,2624.419970703125,2552.989990234375,2506.2299926757814,77.45512746968502,132.6390530243093,2664.89990234375,2599.800048828125,2587.89990234375
2025-06-26,2725.0,2740.0,2593.5,2646.39990234375,151492.0,2643.73994140625,2567.8499755859375,2521.994982910156,68.3378916539449,129.71285844896101,2719.699951171875,2664.89990234375,2599.800048828125
2025-06-27,2658.0,2683.5,2609.0,2620.5,75347.0,2650.2599609375,2585.019970703125,2534.0599853515623,65.4081880889517,123.87595757248891,2646.39990234375,2719.699951171875,2664.89990234375
2025-06-30,2654.5,2668.0,2575.0,2630.699951171875,172505.0,2656.43994140625,2599.7499755859376,2546.2199829101564,66.02591220687208,118.70486657959054,2620.5,2646.39990234375,2719.699951171875
2025-07-01,2617.10009765625,2619.0,2485.0,2492.39990234375,200019.0,2621.93994140625,2605.319970703125,2547.1599731445312,52.370198800563685,102.26819747260197,2630.699951171875,2620.5,2646.39990234375
2025-07-02,2482.10009765625,2520.0,2432.0,2500.0,125627.0,2577.999951171875,2601.2099609375,2545.9099731445312,52.94613818636008,88.8312913189352,2492.39990234375,2630.699951171875,2620.5
2025-07-03,2496.10009765625,2698.0,2495.199951171875,2683.60009765625,465664.0,2585.439990234375,2614.5899658203125,2556.464978027344,64.20626826247849,91.93763997090355,2500.0,2492.39990234375,2630.699951171875
2025-07-04,2670.0,2670.10009765625,2535.39990234375,2567.89990234375,140794.0,2574.919970703125,2612.5899658203125,2560.1049682617186,55.2358082313295,84.09402131180832,2683.60009765625,2500.0,2492.39990234375
2025-07-07,2584.699951171875,2685.0,2560.5,2671.300048828125,157702.0,2583.039990234375,2619.7399658203126,2568.6749755859373,60.5415817058926,85.23884434617912,2567.89990234375,2683.60009765625,2500.0
2025-07-08,2671.699951171875,2690.0,2613.10009765625,2669.60009765625,103658.0,2618.480029296875,2620.2099853515624,2577.4349853515623,60.41479863540224,85.02879398793038,2671.300048828125,2567.89990234375,2683.60009765625
2025-07-09,2650.0,2699.10009765625,2650.0,2694.5,235278.0,2657.380029296875,2617.689990234375,2585.339990234375,61.68061840470211,85.88155250973887,2669.60009765625,2671.300048828125,2567.89990234375
2025-07-10,2696.89990234375,2697.0,2655.800048828125,2674.300048828125,225809.0,2655.52001953125,2620.4800048828124,2594.164990234375,60.004291606573815,83.95956889334593,2694.5,2669.60009765625,2671.300048828125
2025-07-11,2687.199951171875,2691.0,2556.0,2628.60009765625,204693.0,2667.66005859375,2621.2900146484376,2603.154992675781,56.277823880086984,77.85135691928917,2674.300048828125,2694.5,2669.60009765625
2025-07-14,2646.89990234375,2690.0,2584.800048828125,2612.699951171875,179794.0,2655.9400390625,2619.4900146484374,2609.6199951171875,54.99805238005799,70.91013805289231,2628.60009765625,2674.300048828125,2694.5
2025-07-15,2512.10009765625,2830.0,2506.10009765625,2754.800048828125,887234.0,2672.980029296875,2645.730029296875,2625.525,63.07875935746984,75.99938874777627,2612.699951171875,2628.60009765625,2674.300048828125
2025-07-16,2749.89990234375,2789.39990234375,2650.0,2692.10009765625,295163.0,2672.500048828125,2664.9400390625,2633.075,58.119704042810284,74.11889801640655,2754.800048828125,2612.699951171875,2628.60009765625
2025-07-17,2712.0,2805.0,2700.89990234375,2793.5,305776.0,2696.3400390625,2675.930029296875,2645.2599975585936,63.1634149814348,79.88980035952,2692.10009765625,2754.800048828125,2612.699951171875
2025-07-18,2792.89990234375,2824.39990234375,2760.60009765625,2804.800048828125,206405.0,2731.580029296875,2699.6200439453123,2656.1050048828124,63.68824081340079,84.40216591537637,2793.5,2692.10009765625,2754.800048828125
2025-07-21,2805.0,2890.0,2737.800048828125,2885.0,248813.0,2786.0400390625,2720.9900390625,2670.3650024414064,67.2541522051734,93.37336391256031,2804.800048828125,2793.5,2692.10009765625
2025-07-22,2889.89990234375,2895.0,2852.5,2888.0,177153.0,2812.680029296875,2742.830029296875,2681.5200073242186,67.38318397552368,99.57731261220533,2885.0,2804.800048828125,2793.5
2025-07-23,2890.0,2896.0,2865.0,2889.0,183307.0,2852.060009765625,2762.280029296875,2689.985009765625,67.4292553886097,103.38294407076273,2888.0,2885.0,2804.800048828125
2025-07-24,2880.199951171875,2891.0,2750.0,2808.10009765625,518345.0,2854.980029296875,2775.6600341796875,2698.07001953125,60.040565732421804,98.73285748727267,2889.0,2888.0,2885.0
2025-07-25,2770.10009765625,2779.800048828125,2266.0,2740.800048828125,3537425.0,2842.180029296875,2786.880029296875,2704.0850219726562,54.673375204977624,88.59580162517477,2808.10009765625,2889.0,2888.0
2025-07-28,2725.199951171875,2741.5,2640.10009765625,2684.10009765625,313671.0,2802.000048828125,2794.0200439453124,2706.755029296875,50.57169553431377,75.12095204856496,2740.800048828125,2808.10009765625,2889.0
2025-07-29,2650.0,2840.0,2640.0,2825.60009765625,307782.0,2789.520068359375,2801.100048828125,2723.4150390625,58.86544792867663,74.99540378143729,2684.10009765625,2740.800048828125,2808.10009765625
2025-07-30,2840.10009765625,2890.0,2820.10009765625,2838.60009765625,219030.0,2779.440087890625,2815.750048828125,2740.3450439453127,59.53719066773159,75.07942831538048,2825.60009765625,2684.10009765625,2740.800048828125
2025-07-31,2756.10009765625,2834.0,2750.0,2776.199951171875,127725.0,2773.06005859375,2814.0200439453124,2744.9750366210938,54.902553970192166,69.31186401911373,2838.60009765625,2825.60009765625,2684.10009765625
2025-08-01,2768.10009765625,2839.89990234375,2750.0,2756.300048828125,75468.0,2776.16005859375,2809.1700439453125,2754.3950439453124,53.47296354329194,62.41578167388616,2776.199951171875,2838.60009765625,2825.60009765625
2025-08-04,2730.0,2830.0,2726.10009765625,2793.199951171875,87339.0,2797.980029296875,2799.9900390625,2760.4900390625,55.77265165809513,59.24515914964604,2756.300048828125,2776.199951171875,2838.60009765625
2025-08-05,2790.0,2897.89990234375,2776.10009765625,2876.199951171875,177069.0,2808.1,2798.8100341796876,2770.820031738281,60.501756006900585,62.70697729561607,2793.199951171875,2756.300048828125,2776.199951171875
2025-08-06,2876.5,2904.0,2811.0,2900.10009765625,146727.0,2820.4,2799.9200439453125,2781.1000366210938,61.76942531363621,66.61118294382595,2876.199951171875,2793.199951171875,2756.300048828125
2025-08-07,2895.0,2896.0,2820.0,2868.39990234375,147241.0,2838.839990234375,2805.9500244140627,2790.805029296875,59.06184555254399,66.38214121371902,2900.10009765625,2876.199951171875,2793.199951171875
2025-08-08,2858.60009765625,2902.60009765625,2826.5,2843.60009765625,139368.0,2856.3,2816.230029296875,2801.555029296875,56.95837566207037,63.46786892914815,2868.39990234375,2900.10009765625,2876.199951171875
2025-08-11,2840.10009765625,2893.0,2800.0,2877.60009765625,108923.0,2873.180029296875,2835.580029296875,2814.8000366210936,59.108566286879984,63.173577322386336,2843.60009765625,2868.39990234375,2900.10009765625
2025-08-12,2890.0,2895.0,2853.60009765625,2879.39990234375,120686.0,2873.82001953125,2840.960009765625,2821.030029296875,59.224688883765765,62.36665433122107,2877.60009765625,2843.60009765625,2868.39990234375
2025-08-13,2900.0,2999.0,2878.10009765625,2987.60009765625,219795.0,2891.32001953125,2855.860009765625,2835.805029296875,65.55712905922404,69.65507321684663,2879.39990234375,2877.60009765625,2843.60009765625
2025-08-14,2984.10009765625,2984.10009765625,2495.5,2897.699951171875,1289933.0,2897.180029296875,2868.010009765625,2841.015026855469,57.55874641596416,67.4000612485197,2987.60009765625,2879.39990234375,2877.60009765625
2025-08-18,2940.0,3021.0,2920.699951171875,2967.300048828125,296996.0,2921.92001953125,2889.110009765625,2849.140026855469,61.47735988685409,70.417366656186,2897.699951171875,2987.60009765625,2879.39990234375
2025-08-19,2969.89990234375,3010.0,2890.0,2909.800048828125,213652.0,2928.360009765625,2900.77001953125,2850.380029296875,56.810591828807155,67.39198067465759,2967.300048828125,2897.699951171875,2987.60009765625
2025-08-20,2899.89990234375,2968.0,2829.0,2860.60009765625,240547.0,2924.600048828125,2899.2100341796877,2849.0100341796874,53.096533765779505,60.328881813029966,2909.800048828125,2967.300048828125,2897.699951171875
2025-08-21,2873.5,2939.0,2868.60009765625,2903.699951171875,196408.0,2907.82001953125,2899.57001953125,2849.7450317382813,55.82129328945829,57.545771226812576,2860.60009765625,2909.800048828125,2967.300048828125
2025-08-22,2890.0,3015.0,2886.199951171875,2983.10009765625,226935.0,2924.900048828125,2911.0400390625,2858.4950317382813,60.38684123369357,61.0433940343496,2903.699951171875,2860.60009765625,2909.800048828125
2025-08-25,2981.0,3055.0,2970.0,3042.10009765625,178165.0,2939.86005859375,2930.8900390625,2873.5600341796876,63.41255205532288,67.79459829627285,2983.10009765625,2903.699951171875,2860.60009765625
2025-08-26,3023.10009765625,3190.0,3013.5,3125.699951171875,672707.0,2983.0400390625,2955.7000244140627,2895.640026855469,67.23180680701904,78.98034951359887,3042.10009765625,2983.10009765625,2903.699951171875
2025-08-28,3129.0,3210.0,3075.0,3196.39990234375,204512.0,3050.2,2987.4000244140625,2914.1800170898437,70.0766300807208,92.48393589400575,3125.699951171875,3042.10009765625,2983.10009765625
2025-08-29,3197.199951171875,3250.0,3183.5,3232.89990234375,176175.0,3116.039990234375,3011.9300048828127,2933.8950073242186,71.45447175103588,104.92140173741245,3196.39990234375,3125.699951171875,3042.10009765625
2025-09-01,3232.0,3240.5,3037.89990234375,3219.800048828125,543239.0,3163.37998046875,3044.1400146484375,2956.0750122070312,70.20503201539542,112.42516698399277,3232.89990234375,3196.39990234375,3125.699951171875
2025-09-02,3214.10009765625,3248.0,3145.0,3179.699951171875,187789.0,3190.899951171875,3065.3800048828125,2977.245007324219,66.37873610263492,113.82411866632538,3219.800048828125,3232.89990234375,3196.39990234375
2025-09-03,3120.0,3245.0,3120.0,3167.300048828125,173900.0,3199.219970703125,3091.1300048828125,2995.9500122070312,65.19546243412475,112.63385647929135,3179.699951171875,3219.800048828125,3232.89990234375
2025-09-04,3170.0,3224.60009765625,3000.0,3096.699951171875,350695.0,3179.27998046875,3114.739990234375,3006.9750122070313,58.7716103507671,104.78582154559763,3167.300048828125,3179.699951171875,3219.800048828125
2025-09-05,3103.800048828125,3133.699951171875,3033.0,3089.199951171875,175455.0,3150.539990234375,3133.289990234375,3016.4300048828127,58.11649433585922,96.84464521241262,3096.699951171875,3167.300048828125,3179.699951171875
2025-09-08,3110.39990234375,3119.89990234375,3040.0,3052.300048828125,63752.0,3117.039990234375,3140.2099853515624,3025.6250122070314,54.875503658752066,86.57570122922016,3089.199951171875,3096.699951171875,3167.300048828125
2025-09-09,3060.5,3125.10009765625,3058.5,3111.300048828125,105266.0,3103.360009765625,3147.12998046875,3039.010009765625,58.82899937913329,82.25016732524591,3052.300048828125,3089.199951171875,3096.699951171875
2025-09-10,3130.0,3158.39990234375,3081.300048828125,3113.39990234375,59133.0,3092.57998046875,3145.8999755859377,3050.8,58.96679202780372,78.09140209887437,3111.300048828125,3052.300048828125,3089.199951171875
2025-09-11,3113.39990234375,3129.0,3090.0,3099.300048828125,61363.0,3093.1,3136.189990234375,3061.7950073242187,57.57342046639487,72.81840510717848,3113.39990234375,3111.300048828125,3052.300048828125
2025-09-12,3108.699951171875,3145.0,3087.10009765625,3134.800048828125,68341.0,3102.22001953125,3126.3800048828125,3069.1550048828126,60.12803575930257,70.68920911531222,3099.300048828125,3113.39990234375,3111.300048828125
2025-09-15,3139.800048828125,3281.0,3115.5,3276.89990234375,301458.0,3147.139990234375,3132.089990234375,3088.1150024414064,68.34452487978695,79.55106143500825,3134.800048828125,3099.300048828125,3113.39990234375
2025-09-16,3295.0,3295.0,3255.0,3284.60009765625,116110.0,3181.8,3142.5800048828123,3103.9800048828124,68.72068151727646,86.201803916279,3276.89990234375,3134.800048828125,3099.300048828125
2025-09-17,3284.60009765625,3286.39990234375,3250.0,3275.60009765625,79406.0,3214.2400390625,3153.410009765625,3122.2700073242186,67.70797140356268,89.71219413475319,3284.60009765625,3276.89990234375,3134.800048828125
2025-09-18,3280.0,3281.0,3152.0,3197.800048828125,164480.0,3233.9400390625,3163.52001953125,3139.1300048828125,59.539762592348524,85.2338669733681,3275.60009765625,3284.60009765625,3276.89990234375
2025-09-19,3227.300048828125,3227.300048828125,3105.0,3160.39990234375,1364770.0,3239.060009765625,3170.6400146484375,3151.9650024414063,56.039812740000635,77.77039250374764,3197.800048828125,3275.60009765625,3284.60009765625
2025-09-22,3118.10009765625,3118.10009765625,3025.0,3035.10009765625,144445.0,3190.700048828125,3168.92001953125,3154.5650024414062,46.23410486171128,61.04124270200782,3160.39990234375,3197.800048828125,3275.60009765625
2025-09-23,3030.0,3075.0,2978.39990234375,3014.89990234375,230539.0,3136.760009765625,3159.2800048828126,3153.2049926757813,44.87097375682519,45.62732066486751,3035.10009765625,3160.39990234375,3197.800048828125
2025-09-24,3005.10009765625,3091.300048828125,2990.89990234375,3059.5,103684.0,3093.539990234375,3153.8900146484375,3149.8949951171876,48.48253188837589,36.58875910219467,3014.89990234375,3035.10009765625,3160.39990234375
2025-09-25,3068.89990234375,3076.60009765625,3000.0,3002.60009765625,32769.0,3054.5,3144.22001953125,3140.2050048828123,44.47911497040767,24.551275535901368,3059.5,3014.89990234375,3035.10009765625
2025-09-26,3000.0,3038.5,2955.0,2965.5,92477.0,3015.52001953125,3127.2900146484376,3126.835009765625,42.04146372320568,11.880860102143288,3002.60009765625,3059.5,3014.89990234375
2025-09-29,2971.39990234375,3100.0,2951.0,3007.300048828125,226015.0,3009.960009765625,3100.330029296875,3116.210009765625,45.65522647564246,5.1529788556913445,2965.5,3002.60009765625,3059.5
