Date,Open,High,Low,Close,Volume,Stock
,APTUS.BO,APTUS.BO,APTUS.BO,APTUS.BO,APTUS.BO,
2021-08-24,316.52649133734695,340.1736372409074,316.52649133734695,332.4031677246094,1620757,APTUS.BO
2021-08-25,337.0078874323102,341.9963451305968,320.41172306765594,333.6023254394531,241967,APTUS.BO
2021-08-26,332.4031540067242,338.44683600553134,331.7796041617703,337.3436279296875,209229,APTUS.BO
2021-08-27,335.6647818526064,344.154737325454,333.02666191491994,340.7491760253906,709076,APTUS.BO
2021-08-30,336.24041483308747,343.2434131891054,336.24041483308747,341.1329345703125,391255,APTUS.BO
2021-08-31,340.4614536442483,362.18996866157926,340.4614536442483,353.9878234863281,388289,APTUS.BO
2021-09-01,354.227572233241,365.6914146496371,352.2130019861907,361.3265075683594,223309,APTUS.BO
2021-09-02,361.2785669595289,365.16378672143503,350.5342114244595,351.92523193359375,77139,APTUS.BO
2021-09-03,353.02846381615484,363.96466580743044,350.15051438287094,360.31927490234375,134453,APTUS.BO
2021-09-06,359.791591757691,362.4297117671224,354.27552264706156,358.832275390625,97484,APTUS.BO
2021-09-07,358.8323049368623,361.758237662942,351.6854149793534,353.1243896484375,89579,APTUS.BO
2021-09-08,356.81777549470104,356.81777549470104,344.63444452079017,345.5458068847656,62705,APTUS.BO
2021-09-09,345.5458104612353,351.1098343775775,345.0661522175501,346.3612060546875,46138,APTUS.BO
2021-09-13,346.3132859404025,348.99936065834163,345.11414021346206,347.320556640625,37441,APTUS.BO
2021-09-14,345.3539439473243,350.9659513916716,345.3539439473243,346.6010437011719,431318,APTUS.BO
2021-09-15,344.394634853048,349.86275079371217,344.394634853048,345.5937805175781,112681,APTUS.BO
2021-09-16,345.3539345943387,348.1839299354486,339.59803568443306,342.1882019042969,60121,APTUS.BO
2021-09-17,338.63871127521617,340.2695609719334,326.8870846091499,332.8828125,79003,APTUS.BO
2021-09-20,327.17487335484503,334.80145107102385,322.3303368477479,323.0977783203125,129839,APTUS.BO
2021-09-21,321.371009141999,334.60956437535316,306.117883518522,330.8202819824219,115738,APTUS.BO
2021-09-22,335.6647760672258,337.4395171226465,322.76198906908076,329.3332824707031,65867,APTUS.BO
2021-09-23,330.9641390316283,339.0223904745874,323.5294373577294,325.2561950683594,88368,APTUS.BO
2021-09-24,326.16760624662646,332.5470550430117,323.81726913826645,325.5920104980469,53129,APTUS.BO
2021-09-27,321.8506810725355,330.38859194325056,296.4287941919925,322.80999755859375,108778,APTUS.BO
2021-09-28,325.73588399949847,325.7838673868873,314.89561998756017,319.4044189453125,404006,APTUS.BO
2021-09-29,316.04679328960617,322.8099620622285,316.04679328960617,319.0686340332031,139488,APTUS.BO
2021-09-30,320.1238732777687,322.857901416645,300.02618431283537,303.09600830078125,153918,APTUS.BO
2021-10-01,304.00736453245,307.12514286555154,290.67287228608006,296.5726623535156,118286,APTUS.BO
2021-10-04,295.46950267923927,302.2806561611397,295.46950267923927,298.4433898925781,62228,APTUS.BO
2021-10-05,298.3474213816775,327.942340258182,296.52472594869664,325.2082824707031,243519,APTUS.BO
2021-10-06,328.08623288094066,334.41772744086364,307.9405870022864,310.1470031738281,186299,APTUS.BO
2021-10-07,311.106267016254,315.42319040284036,309.09172618998866,310.38677978515625,49449,APTUS.BO
2021-10-08,312.737143513185,317.5337254689087,307.98851566661335,309.5714111328125,60810,APTUS.BO
2021-10-11,311.7778662699758,316.4305572064387,309.52346661251266,311.2022705078125,67414,APTUS.BO
2021-10-12,311.7778428086092,321.0832239813027,308.42023527067033,317.5816955566406,112910,APTUS.BO
2021-10-13,316.57442392286634,321.0352394956675,311.7778417422169,313.2647705078125,104474,APTUS.BO
2021-10-14,310.43480824663555,319.5483144973111,310.43480824663555,312.8330993652344,146898,APTUS.BO
2021-10-18,311.77783449923453,316.57441656845356,307.22108153347654,308.42022705078125,76079,APTUS.BO
2021-10-19,311.05833607508487,315.135430688251,306.213800068669,307.0771789550781,140661,APTUS.BO
2021-10-20,306.981266300273,308.9958367155715,295.03776469787203,299.0189514160156,86122,APTUS.BO
2021-10-21,298.4433471175148,304.2471998064566,298.05962640085994,300.17010498046875,50834,APTUS.BO
2021-10-22,301.5131640755049,309.8592293313693,300.2181102220227,301.4652099609375,72584,APTUS.BO
2021-10-25,302.4245490572871,302.4245490572871,283.9577050625122,298.29949951171875,126187,APTUS.BO
2021-10-26,302.1846620177105,311.2981676976097,294.8938516185886,309.7153015136719,71129,APTUS.BO
2021-10-27,308.70804893068106,314.46394813467896,307.02924499618166,311.72991943359375,39506,APTUS.BO
2021-10-28,307.22106829067974,315.6150865499879,307.17311418246004,311.9696960449219,31604,APTUS.BO
2021-10-29,308.32430614851626,317.2459668430444,308.32430614851626,316.4305419921875,50315,APTUS.BO
2021-11-01,321.3710119623258,325.9757192292905,316.57442969423136,321.4669494628906,26413,APTUS.BO
2021-11-02,321.51486838022606,328.0861912233821,312.54525466555407,325.1123046875,32713,APTUS.BO
2021-11-03,326.1675599916143,333.5063242362233,323.4814859138528,329.4292297363281,48487,APTUS.BO
2021-11-04,330.96413471274724,335.8086704814714,330.96413471274724,333.5063171386719,10817,APTUS.BO
2021-11-08,333.5063938113902,345.35395909671723,333.2186105558834,343.0516052246094,157182,APTUS.BO
2021-11-09,340.5573448111843,349.5269596071889,339.118370114799,343.1954650878906,38026,APTUS.BO
2021-11-10,342.47598702983186,343.81902426102016,331.0121432605838,334.3697509765625,23031,APTUS.BO
2021-11-11,334.94528573518517,338.92644258970694,333.31446556427807,335.90460205078125,8952,APTUS.BO
2021-11-12,334.8014519368381,345.16205822333114,331.2040151323592,343.86700439453125,79944,APTUS.BO
2021-11-15,344.39460106342557,346.98476715508826,335.8566906248555,337.1037902832031,30065,APTUS.BO
2021-11-16,337.1037757213547,350.1504845630148,334.84937633540386,345.2579650878906,149827,APTUS.BO
2021-11-17,347.56033977821835,347.56033977821835,335.37703837086144,339.16632080078125,49470,APTUS.BO
2021-11-18,337.96714837466044,340.60526841506334,333.65022467218307,335.664794921875,11969,APTUS.BO
2021-11-22,316.57440585340476,335.2331211815332,316.57440585340476,329.5251770019531,23184,APTUS.BO
2021-11-23,329.04555738421607,340.3175261867366,328.8057282607582,334.2258605957031,10558,APTUS.BO
2021-11-24,333.89006730713055,335.76074603113807,317.5816882141895,320.2677917480469,27830,APTUS.BO
2021-11-25,319.02068774521564,322.4742329720629,305.6861943599042,313.6005554199219,36057,APTUS.BO
2021-11-26,308.9958008383484,309.81122558748325,287.79490374089977,290.5289611816406,22141,APTUS.BO
2021-11-29,287.7949587039994,297.1482948618794,283.8138009637975,295.7093200683594,30793,APTUS.BO
2021-11-30,297.2442632666577,304.0074337887839,295.3256300092012,300.0262756347656,13346,APTUS.BO
2021-12-01,302.18469904023056,304.58299030245456,294.98982525355837,296.7165832519531,4787,APTUS.BO
2021-12-02,295.03776088487746,306.4536499986947,294.8459151615281,304.05535888671875,10355,APTUS.BO
2021-12-03,302.1846642886154,307.9405626560176,298.34739871034725,300.3619689941406,5076,APTUS.BO
2021-12-06,299.30675560735887,305.0626547536542,294.4622188696337,297.38812255859375,18252,APTUS.BO
2021-12-07,302.18471738516564,302.18471738516564,297.19625954649536,298.5872802734375,10854,APTUS.BO
2021-12-08,301.0814491543195,308.8998717295386,298.8750039335011,305.9739685058594,20231,APTUS.BO
2021-12-09,306.981275538633,324.2010181737845,306.981275538633,322.80999755859375,32353,APTUS.BO
2021-12-10,322.9059375390382,324.87252464013466,320.36375468668894,322.522216796875,4994,APTUS.BO
2021-12-13,322.3303015558134,326.16756705052546,322.2343640632431,323.8172302246094,7010,APTUS.BO
2021-12-14,318.63693611784157,329.81296631257413,317.2938990142537,328.66180419921875,10667,APTUS.BO
2021-12-15,328.08624129971594,331.92350727982955,326.9830331856365,329.7650451660156,21401,APTUS.BO
2021-12-16,330.9642010813137,338.54279577260996,330.9642010813137,335.71282958984375,40388,APTUS.BO
2021-12-17,334.80144883087377,340.9410683983572,330.58046220797985,336.7680358886719,58215,APTUS.BO
2021-12-20,335.7607187090451,336.8639266438868,320.2677656866729,331.6836242675781,35240,APTUS.BO
2021-12-21,331.9235367380089,336.9599487838891,326.2635747702235,329.9089660644531,11178,APTUS.BO
2021-12-22,330.4365224402763,336.5761411130786,330.4365224402763,333.5063171386719,8846,APTUS.BO
2021-12-23,334.6575748990029,334.75351240650497,319.884106300216,320.9393310546875,19429,APTUS.BO
2021-12-24,325.9277613861834,332.25925576279565,320.41169184101625,322.04254150390625,12107,APTUS.BO
2021-12-27,321.99450667901164,327.6065128271531,315.61505920976094,320.603515625,14486,APTUS.BO
2021-12-28,320.50759271382395,323.7692623908555,317.0540480597859,319.8360595703125,10323,APTUS.BO
2021-12-29,319.06865325925065,330.7243421303232,319.06865325925065,328.1821594238281,8941,APTUS.BO
2021-12-30,327.17487313061514,329.76503933177275,323.8172654574189,326.1676025390625,8993,APTUS.BO
2021-12-31,325.4960449219056,331.2039892493527,321.6108251870977,326.6951904296875,15765,APTUS.BO
2022-01-03,330.628388708515,335.7607372618632,328.13416023365284,333.410400390625,27302,APTUS.BO
2022-01-04,332.88278066304827,334.3217552192286,326.4073951602368,330.10076904296875,10228,APTUS.BO
2022-01-05,335.76078211277724,335.76078211277724,316.8142808364134,328.469970703125,13900,APTUS.BO
2022-01-06,326.4074396385957,345.35394054340765,326.4074396385957,344.250732421875,58993,APTUS.BO
2022-01-07,339.45410896457184,344.4425366050366,336.76800551877136,342.90765380859375,18081,APTUS.BO
2022-01-10,348.5676701348606,348.5676701348606,341.37279609578684,345.1620788574219,28555,APTUS.BO
2022-01-11,341.61260039476724,346.74494935804853,332.0194357067705,337.05584716796875,21702,APTUS.BO
2022-01-12,338.1590319775548,340.7491979754477,333.5543249546487,334.5136413574219,22551,APTUS.BO
2022-01-13,335.4249828944883,339.5980152077525,334.5616039652646,336.14447021484375,4532,APTUS.BO
2022-01-14,337.15176151095676,359.6956969791968,336.76801152898463,352.3569030761719,69252,APTUS.BO
2022-01-17,352.06915310278555,356.7218439513089,345.88155000951,348.99932861328125,51185,APTUS.BO
2022-01-18,350.9179014714523,350.9179014714523,328.9975467725087,333.79412841796875,17723,APTUS.BO
2022-01-19,329.23739875722066,346.7928770903957,329.23739875722066,337.7273254394531,7277,APTUS.BO
2022-01-20,337.48752448084167,341.0849612651429,333.84213358315594,336.6241455078125,13439,APTUS.BO
2022-01-21,335.7607678544504,356.3860721655095,335.7607678544504,351.25372314453125,42325,APTUS.BO
2022-01-24,354.9470805950381,354.9470805950381,332.4510985063793,337.3916015625,15298,APTUS.BO
2022-01-25,331.20402165892045,343.0036028997224,331.20402165892045,336.8639831542969,11676,APTUS.BO
2022-01-27,331.6357415352047,341.1809235986272,331.58775814231257,336.0965576171875,9841,APTUS.BO
2022-01-28,338.9744328487907,351.78131177704915,338.15900810878713,345.4977722167969,23362,APTUS.BO
2022-01-31,354.9471344448252,354.9471344448252,335.61691122147965,344.5385437011719,13553,APTUS.BO
2022-02-01,351.109792436933,360.70295616471805,341.7085036941086,349.62286376953125,28468,APTUS.BO
2022-02-02,350.82203406848066,377.7788026308846,350.82203406848066,374.3252868652344,186708,APTUS.BO
2022-02-03,376.7236170471201,378.8820792625711,366.26704333812137,367.17840576171875,34295,APTUS.BO
2022-02-04,370.00833812465623,371.9749249860667,350.39030651492163,353.9397888183594,23300,APTUS.BO
2022-02-07,356.9616896448222,363.4850303928119,346.45716184332053,355.4747314453125,26837,APTUS.BO
2022-02-08,352.1651099206583,357.8730258042154,340.2695906044872,343.3393859863281,57997,APTUS.BO
2022-02-09,345.35393630012805,354.2276138300619,342.5239409450401,350.8220520019531,26945,APTUS.BO
2022-02-10,349.7187721356019,360.0794065316493,349.6708180273474,354.08367919921875,16565,APTUS.BO
2022-02-11,349.3350780352462,362.5256791707499,348.23186997729795,351.5894775390625,12994,APTUS.BO
2022-02-15,345.35395988644245,347.5124221357327,338.78263562784406,345.8336181640625,10290,APTUS.BO
2022-02-16,349.09522832475074,355.9063805462014,348.2798035383776,351.6853942871094,14754,APTUS.BO
2022-02-17,352.59678245090214,353.9878031438527,349.95866196676775,351.013916015625,8903,APTUS.BO
2022-02-18,349.62288846423405,359.26400698122836,338.11109117778614,341.42071533203125,16138,APTUS.BO
2022-02-21,337.00786883767194,339.45414343544076,332.16333230791935,334.80145263671875,30962,APTUS.BO
2022-02-22,330.0048102094772,332.1632719041613,322.04249655726903,324.2009582519531,6703,APTUS.BO
2022-02-23,325.8798336638651,330.96419951116616,325.8798336638651,328.469970703125,3298,APTUS.BO
2022-02-24,271.48656005318884,325.44811130051,271.48656005318884,310.434814453125,40657,APTUS.BO
2022-02-25,311.1542906194566,323.0977626339775,311.1542906194566,316.4784851074219,10261,APTUS.BO
2022-02-28,315.2793182396156,334.80141216823824,313.5045771050113,330.2446594238281,10736,APTUS.BO
2022-03-02,308.1324842698349,326.6952358926851,308.1324842698349,324.6806945800781,6728,APTUS.BO
2022-03-03,330.9641651980472,330.9641651980472,316.6223729957263,319.97998046875,9676,APTUS.BO
2022-03-04,320.3637724684774,321.3230890151403,315.61514385208903,316.86224365234375,12459,APTUS.BO
2022-03-07,313.02491090731485,334.9932785755827,313.02491090731485,331.53973388671875,17590,APTUS.BO
2022-03-08,331.92350391960576,333.17060364011127,321.94661832751444,325.73590087890625,5516,APTUS.BO
2022-03-09,327.0309803813732,328.9016592175093,322.76203963441935,324.7765808105469,22866,APTUS.BO
2022-03-10,329.9569466897521,334.32182538247315,326.40746366251506,331.8755798339844,16798,APTUS.BO
2022-03-11,333.21857327134205,358.78435069421636,333.21857327134205,356.05029296875,30911,APTUS.BO
2022-03-14,335.7607653963073,357.5852151470673,335.7607653963073,353.076416015625,29346,APTUS.BO
2022-03-15,354.8511633013358,358.4965835238657,345.64171915496536,355.2828674316406,45682,APTUS.BO
2022-03-16,353.268310922301,358.49659770270523,348.27985327354804,350.3424072265625,40280,APTUS.BO
2022-03-17,359.7436978882779,372.45464188033037,352.78865306243785,366.36297607421875,51694,APTUS.BO
2022-03-21,366.36292210235337,376.81946485866524,348.51963146052987,353.36419677734375,41465,APTUS.BO
2022-03-22,355.1389227766118,362.04598289786793,344.05880142166217,346.45709228515625,25662,APTUS.BO
2022-03-23,347.27254302346086,347.27254302346086,318.5410046181585,321.8027038574219,68867,APTUS.BO
2022-03-24,321.80273026389847,321.80273026389847,312.30547353356235,313.4566650390625,16206,APTUS.BO
2022-03-25,316.574421532004,316.574421532004,305.5422825998281,310.77056884765625,32096,APTUS.BO
2022-03-28,311.8257622953969,313.12084520000025,301.4651576105924,303.2398986816406,40119,APTUS.BO
2022-03-29,305.01467872210605,312.2575062503802,297.436055303205,309.4754943847656,47754,APTUS.BO
2022-03-30,312.7371507627839,335.7607446839705,307.12514388929196,329.47723388671875,62163,APTUS.BO
2022-03-31,330.6764016963322,332.4031596464269,319.7401704256806,326.1676025390625,23747,APTUS.BO
2022-04-01,326.16759874428703,330.77230607497677,323.91319919188084,328.1341857910156,26288,APTUS.BO
2022-04-04,331.01214081767336,337.87127709336426,330.100807724243,334.80145263671875,16310,APTUS.BO
2022-04-05,336.95988396407864,337.8232628649406,326.6472327110855,330.3406066894531,10392,APTUS.BO
2022-04-06,319.45235850094355,332.3071922971303,319.45235850094355,326.023681640625,33860,APTUS.BO
2022-04-07,326.35946679333813,327.5106289634716,316.09476910589706,320.2198181152344,21701,APTUS.BO
2022-04-08,323.0498233064879,327.894359800084,316.09477885519755,318.9247741699219,16244,APTUS.BO
2022-04-11,318.6369587219175,332.8828141148903,318.0613629864005,326.7431945800781,29840,APTUS.BO
2022-04-12,327.4626661170967,328.61382825652515,318.4930517268165,319.97998046875,14990,APTUS.BO
2022-04-13,319.4524069079642,325.7839019090913,319.4524069079642,321.7547607421875,15330,APTUS.BO
2022-04-18,326.1675832242015,327.606557856073,310.9624120922235,312.59326171875,26611,APTUS.BO
2022-04-19,313.88833983950684,330.96416016057464,313.88833983950684,319.3084716796875,18888,APTUS.BO
2022-04-20,321.70683053049515,331.8276090402284,320.3637931337372,324.153076171875,10504,APTUS.BO
2022-04-21,328.326064845617,329.1894438212716,320.60357890224026,323.24169921875,21522,APTUS.BO
2022-04-22,324.92050942110916,329.71709190871917,319.98000603805787,320.8434143066406,9826,APTUS.BO
2022-04-25,321.08322004367216,332.69092539738295,318.15728737374207,328.75775146484375,18958,APTUS.BO
2022-04-26,332.64300083355903,332.64300083355903,316.6703867496744,318.5890197753906,14793,APTUS.BO
2022-04-27,318.8767928893201,324.7286292870671,316.43054756964654,322.9538879394531,6997,APTUS.BO
2022-04-28,323.2896682464109,324.2489847693973,320.31578116994973,320.9393310546875,7539,APTUS.BO
2022-04-29,320.8913965620624,323.1937505028197,308.5641726326509,313.7444763183594,20023,APTUS.BO
2022-05-04,303.14400839007783,310.2909278932248,303.14400839007783,308.180419921875,12636,APTUS.BO
2022-05-05,310.24295876636177,315.8549663007122,307.50890081106104,312.0177001953125,31786,APTUS.BO
2022-05-06,311.7778256064967,318.2052571063281,293.1191101790259,296.1889343261719,37283,APTUS.BO
2022-05-09,297.43604993520046,297.6279249332344,288.41848127187825,293.8865966796875,18310,APTUS.BO
2022-05-10,295.37352468072964,301.36925240352787,273.69296737988833,279.1131286621094,19308,APTUS.BO
2022-05-11,278.4416131198088,290.8167900699304,278.0578923763973,285.30072021484375,36216,APTUS.BO
2022-05-12,279.44884736929504,284.6291791973496,269.1361963733912,271.2467041015625,22364,APTUS.BO
2022-05-13,273.40518266066834,296.4287769899878,273.40518266066834,291.24847412109375,25051,APTUS.BO
2022-05-16,298.6831359863281,305.63817916426507,289.4736936472372,298.6831359863281,11964,APTUS.BO
2022-05-17,302.5204430132912,308.51617071976983,301.8489097997599,306.0219421386719,8516,APTUS.BO
2022-05-18,306.93328845008375,313.6964572398029,301.5611108501017,302.32855224609375,15446,APTUS.BO
2022-05-19,294.55809450334897,299.3067224839322,289.569666694225,293.2150573730469,12292,APTUS.BO
2022-05-20,296.66860935123634,306.7414319807852,294.51014735919017,304.1992492675781,7082,APTUS.BO
2022-05-23,299.1148777025591,311.7778674124884,288.75427104972,290.4330749511719,16806,APTUS.BO
2022-05-24,295.13369970466954,303.33587290992375,291.96796713310704,300.8416442871094,6400,APTUS.BO
2022-05-25,299.1148255616011,308.42020584653574,290.3370868336127,300.9855041503906,14635,APTUS.BO
2022-05-26,303.6715928903559,303.6715928903559,284.964923202424,292.8313293457031,11383,APTUS.BO
2022-05-27,289.90542841968823,293.8386022474152,276.7627820007549,281.9430847167969,20010,APTUS.BO
2022-05-30,284.7730965581438,292.5435657271208,282.9983552547331,291.4883117675781,9583,APTUS.BO
2022-05-31,285.2047457231517,292.63944760714116,269.61585467607705,274.3165283203125,47075,APTUS.BO
2022-06-01,274.3645127240349,282.5187027875115,272.4458797679228,277.2424621582031,16919,APTUS.BO
2022-06-02,278.201797831344,278.201797831344,269.85573218599666,271.58251953125,33185,APTUS.BO
2022-06-03,274.9400978912004,280.69599653815084,266.35420403242694,268.3687744140625,36383,APTUS.BO
2022-06-06,268.60860853152246,268.60860853152246,259.4951021706315,266.1143798828125,22286,APTUS.BO
2022-06-07,267.16961664317176,267.16961664317176,253.06765389271402,261.17388916015625,18242,APTUS.BO
2022-06-08,259.06340259459273,259.5430608325209,240.11691683443817,244.0021514892578,52240,APTUS.BO
2022-06-09,244.00212308664686,252.6839244721515,240.78840741141167,250.47750854492188,17336,APTUS.BO
2022-06-10,248.94262211426587,249.75804696290677,244.24197730141532,248.127197265625,9337,APTUS.BO
2022-06-13,237.52675048335263,243.18671148318253,234.7926928422443,238.00640869140625,18089,APTUS.BO
2022-06-14,232.39440647717709,237.8625072313916,218.72414727263725,220.8346405029297,23599,APTUS.BO
2022-06-15,221.60209837021634,228.74900294416514,221.60209837021634,222.08175659179688,9662,APTUS.BO
2022-06-16,223.76056383337294,230.1879811745114,212.39265795062238,214.8868865966797,11653,APTUS.BO
2022-06-17,215.7982272841325,230.14000493739542,212.2007906835813,227.8856201171875,18754,APTUS.BO
2022-06-20,224.7198937656366,232.8740841477408,216.8055325124178,219.63551330566406,19415,APTUS.BO
2022-06-21,223.90444453899627,234.64880005580713,223.37683222319427,232.92202758789062,20856,APTUS.BO
2022-06-22,233.73743835416647,236.37555849196974,228.36527521998937,234.3130340576172,5051,APTUS.BO
2022-06-23,234.45692206747546,246.54431455044298,233.73743476820374,243.8102569580078,6384,APTUS.BO
2022-06-24,243.81030179580432,264.6274831935101,243.81030179580432,263.04461669921875,18899,APTUS.BO
2022-06-27,264.2916812580143,267.55335132396294,247.69551842844322,256.2334289550781,21355,APTUS.BO
2022-06-28,248.51089679710816,258.1999981007796,248.51089679710816,255.1302032470703,8437,APTUS.BO
2022-06-29,254.074960330115,257.72035102486205,250.71735285168498,253.40342712402344,6577,APTUS.BO
2022-06-30,253.45146151324215,276.66690604160675,251.96450319367725,268.70458984375,21280,APTUS.BO
2022-07-01,262.7567692670504,282.039035728158,262.7567692670504,279.92852783203125,14642,APTUS.BO
2022-07-04,284.2934280567253,284.2934280567253,263.8120165527879,266.0184326171875,13610,APTUS.BO
2022-07-05,267.6492876534692,267.6492876534692,249.75804184294734,253.3074951171875,36924,APTUS.BO
2022-07-06,252.1083166633872,253.93104108842027,248.46292636534244,252.20425415039062,13931,APTUS.BO
2022-07-07,255.41797248975936,256.665072006535,254.26678118503492,256.3772888183594,4816,APTUS.BO
2022-07-08,256.23345486829214,267.3615326387028,256.23345486829214,262.8047790527344,12379,APTUS.BO
2022-07-11,262.8047606534357,266.1623683238157,259.97476533513776,264.00390625,10291,APTUS.BO
2022-07-12,263.9079348297006,270.71908679802164,262.5169144060534,268.8963623046875,9344,APTUS.BO
2022-07-13,268.5606250016108,271.4865281707852,261.94131873847476,268.8963623046875,10802,APTUS.BO
2022-07-14,266.4981440625949,271.34271053624735,263.8600233700976,268.70458984375,3741,APTUS.BO
2022-07-15,268.8484377396366,269.8077541990109,247.64753813226247,253.49937438964844,22567,APTUS.BO
2022-07-18,251.62866619853602,262.80472506593,251.62866619853602,258.5837097167969,12247,APTUS.BO
2022-07-19,256.6171611387894,266.210326041174,256.6171611387894,264.8193054199219,3331,APTUS.BO
2022-07-20,266.11434606598,273.932768358426,263.6681011166909,271.1507568359375,18954,APTUS.BO
2022-07-21,271.4865874910068,272.0621832843539,256.1375224738474,260.5503845214844,16123,APTUS.BO
2022-07-22,259.25527819465185,263.62015645940073,259.2073240811553,260.93408203125,8696,APTUS.BO
2022-07-25,265.73065181755396,268.41672611830046,259.92679911100583,267.26556396484375,5678,APTUS.BO
2022-07-26,266.25827530533167,267.36151266982296,261.8933970646601,264.1477966308594,3749,APTUS.BO
2022-07-27,263.14046246625384,263.62012064010844,258.15203502377244,260.1186218261719,3401,APTUS.BO
2022-07-28,260.64628757906917,272.34993054197616,260.4544125813107,268.5126647949219,7277,APTUS.BO
2022-07-29,270.81501466441887,271.96620608311275,265.87454093821765,270.6231689453125,7487,APTUS.BO
2022-08-01,271.24672935294944,282.9983560004247,268.80048408775855,277.9619445800781,5301,APTUS.BO
2022-08-02,278.92124391187645,286.8356042292384,276.2831238060892,280.5520935058594,7983,APTUS.BO
2022-08-03,279.1610913051944,282.42276143087685,273.4051925153966,279.35296630859375,6928,APTUS.BO
2022-08-04,282.4227775750292,284.77311475895516,275.995374457954,278.4416198730469,7528,APTUS.BO
2022-08-05,280.2642991109667,287.699001707194,276.283141640448,283.81378173828125,11493,APTUS.BO
2022-08-08,279.8805750214796,285.6364737365743,275.32382187202967,278.2497253417969,14097,APTUS.BO
2022-08-10,278.20179528218046,278.20179528218046,269.18422570409945,271.87030029296875,10784,APTUS.BO
2022-08-11,271.87032010716035,273.9328449535058,268.6086495041002,270.52728271484375,5378,APTUS.BO
2022-08-12,272.44587372122766,280.12040537534676,268.60860789416813,278.1058349609375,9621,APTUS.BO
2022-08-16,275.5156895054172,285.8762952051304,275.5156895054172,283.8617248535156,13419,APTUS.BO
2022-08-17,287.79493227282427,307.3170277005337,287.60305727423656,304.1992492675781,1464290,APTUS.BO
2022-08-18,304.72686154855853,308.56412731155257,301.22536239502944,305.7341613769531,23131,APTUS.BO
2022-08-19,304.8707961545999,306.11792526906095,294.0784846741677,296.6206970214844,20835,APTUS.BO
2022-08-22,296.42875765102116,315.6150850070743,295.32554968325053,304.58294677734375,101217,APTUS.BO
2022-08-23,303.0480325332633,344.39457354054827,303.0480325332633,335.1371765136719,102687,APTUS.BO
2022-08-24,339.98174005432867,339.98174005432867,319.02067001141904,323.5774230957031,44283,APTUS.BO
2022-08-25,322.33029146105565,329.95686810335127,315.183372990577,317.8694763183594,30777,APTUS.BO
2022-08-26,321.371042786541,339.59805715353883,321.371042786541,336.0965576171875,17474,APTUS.BO
2022-08-29,316.57441631913395,344.3945922986942,316.57441631913395,341.32476806640625,55297,APTUS.BO
2022-08-30,343.435291659889,347.46443249032717,330.9641777169321,345.0181579589844,49075,APTUS.BO
2022-09-01,345.01817721684375,347.2725768721842,330.9641961903413,336.43231201171875,23406,APTUS.BO
2022-09-02,337.8712912188001,342.95565708191543,335.76078315712,340.17364501953125,21036,APTUS.BO
2022-09-05,343.4352944816597,348.13593930511627,335.904654375951,338.7346496582031,31531,APTUS.BO
2022-09-06,339.11837327386047,342.4280268167838,325.0643927967805,332.3072204589844,20001,APTUS.BO
2022-09-07,330.00482513474543,350.0545310391832,330.00482513474543,346.1693115234375,23716,APTUS.BO
2022-09-08,346.3132645447002,349.8627473875596,334.2738539004366,343.09954833984375,24921,APTUS.BO
2022-09-09,348.9513846315711,351.8293341955428,332.45112875439315,335.8567199707031,29454,APTUS.BO
2022-09-12,336.9119323420697,345.7376256813914,323.2896277131859,328.5179138183594,45015,APTUS.BO
2022-09-13,332.78684211801135,339.78986916820924,329.2373891229358,334.7054748535156,31555,APTUS.BO
2022-09-14,331.8755297221166,341.4207106077772,331.68365472625834,334.75347900390625,17623,APTUS.BO
2022-09-15,336.52821226308544,336.52821226308544,308.08448425051773,315.27935791015625,29002,APTUS.BO
2022-09-16,314.55990055190614,327.0310160849724,291.5842860392914,310.96246337890625,178339,APTUS.BO
2022-09-19,301.27332423890743,303.04806555504416,291.6322054723493,297.0523376464844,72701,APTUS.BO
2022-09-20,298.3474157284468,304.439081036626,297.3880992791592,299.3067321777344,21235,APTUS.BO
2022-09-21,298.9230031499909,301.2253567091254,282.4707323569086,285.54052734375,39871,APTUS.BO
2022-09-22,296.42878864496737,308.27635288128806,294.41421820674026,302.9041748046875,108495,APTUS.BO
2022-09-23,305.06259729127413,306.2137886140986,297.6278956277289,299.594482421875,12039,APTUS.BO
2022-09-26,294.51020550670984,298.29951790686226,285.9722933521102,292.6395263671875,13577,APTUS.BO
2022-09-27,297.24422789060895,297.2921820059301,290.2891831600726,291.9679870605469,8270,APTUS.BO
2022-09-28,288.3705080886038,298.5392675155763,287.3152542212365,296.7645263671875,12285,APTUS.BO
2022-09-29,299.4506278333437,300.649773411145,289.761525709506,292.73541259765625,12339,APTUS.BO
2022-09-30,296.23685030059886,299.8342862868076,291.392314882908,294.270263671875,26236,APTUS.BO
2022-10-03,294.8938877497446,300.26606603236394,293.26306725703165,296.8605041503906,41542,APTUS.BO
2022-10-04,301.2733509381798,304.0553923551122,298.34744716991094,300.5538635253906,17979,APTUS.BO
2022-10-06,298.8750195930954,302.66433117077366,294.9897997940187,296.1409912109375,6692,APTUS.BO
2022-10-07,295.0377502624598,297.00436646908355,292.6394592368309,293.6467590332031,10504,APTUS.BO
2022-10-10,289.76152335188203,292.5915186028732,289.2339110123484,291.6322021484375,10018,APTUS.BO
2022-10-11,291.6321813293879,292.0638854134714,287.6030407979847,288.6582946777344,43020,APTUS.BO
2022-10-12,287.6510048339788,291.5362242253388,287.6510048339788,290.0013122558594,7101,APTUS.BO
2022-10-13,292.5435646384196,294.0784475454805,280.26429644982795,288.5623779296875,42467,APTUS.BO
2022-10-14,292.7354165151635,293.16712063935523,288.1786632585381,289.2339172363281,6911,APTUS.BO
2022-10-17,292.54355986400736,325.01639791228723,289.4257814363989,319.1166076660156,82717,APTUS.BO
2022-10-18,317.38982915315165,328.03824679196373,313.50458026109203,319.2125244140625,77716,APTUS.BO
2022-10-19,315.47119602264365,319.2604781412734,303.7195704196297,307.2210693359375,14912,APTUS.BO
2022-10-20,307.94057001219204,317.24595097218713,303.9594127348384,312.7371520996094,20263,APTUS.BO
2022-10-21,317.917473185697,318.49306892449863,297.4840440283568,299.6904602050781,20077,APTUS.BO
2022-10-24,303.00012055903454,307.2211072784612,303.00012055903454,306.2138366699219,2737,APTUS.BO
2022-10-25,306.50160280759815,312.2095473402424,302.4245079345706,305.5902404785156,35894,APTUS.BO
2022-10-27,299.78639894337346,305.4463603002212,297.86776599013587,299.54656982421875,7444,APTUS.BO
2022-10-28,301.99277097716356,304.05532452115636,297.62789335710926,301.56109619140625,6093,APTUS.BO
2022-10-31,299.78640349441963,308.61212692370174,296.42879577528214,303.28790283203125,15428,APTUS.BO
2022-11-01,303.5277288934884,312.2575147304017,303.5277288934884,311.1063232421875,14629,APTUS.BO
2022-11-02,313.69650197583576,313.69650197583576,308.22838610254746,309.37957763671875,3342,APTUS.BO
2022-11-03,304.91875906723965,312.68922866640236,304.91875906723965,311.2022705078125,3704,APTUS.BO
2022-11-04,310.5787181584049,313.84038841667984,306.1179022701747,311.63397216796875,12823,APTUS.BO
2022-11-07,307.5568309912918,312.7371334821121,301.0814455587634,306.4056396484375,12399,APTUS.BO
2022-11-09,314.89560539326067,324.05706521828773,305.73414556823354,309.5714111328125,37677,APTUS.BO
2022-11-10,308.8519804892469,314.6558340098133,305.350451598506,313.0729675292969,20032,APTUS.BO
2022-11-11,316.62241308653864,318.30121703562105,307.79671846268724,309.7633056640625,7114,APTUS.BO
2022-11-14,309.76328602865453,315.0395266770324,306.021957605917,311.250244140625,26758,APTUS.BO
2022-11-15,310.146963735467,312.73712958661974,299.9302504799408,303.9114074707031,1536963,APTUS.BO
2022-11-16,304.15125128179113,311.4900451233248,304.15125128179113,307.8926086425781,8598,APTUS.BO
2022-11-17,299.4026445399347,313.3606859947424,299.4026445399347,312.11358642578125,11337,APTUS.BO
2022-11-18,312.1615539895657,314.65578251101425,304.1033019999741,305.6382141113281,8232,APTUS.BO
2022-11-21,305.9259727033274,308.46815513028287,300.2660121944803,303.2398986816406,6263,APTUS.BO
2022-11-22,305.062679296875,308.7560540680945,298.15558805521727,299.78643798828125,10429,APTUS.BO
2022-11-23,300.2660703457522,304.0553823049312,298.53931232254115,302.1367492675781,2677,APTUS.BO
2022-11-24,301.7050400240715,310.7705926827371,301.2733358875574,304.2472229003906,7722,APTUS.BO
2022-11-25,300.74573376274014,303.5757292517757,297.3881258897909,299.8823547363281,8184,APTUS.BO
2022-11-28,302.04078737840825,303.4797620402625,299.3067296656823,301.1294250488281,5337,APTUS.BO
2022-11-29,300.3619981485092,304.29520160320953,300.3619981485092,302.0408020019531,10594,APTUS.BO
2022-11-30,303.8634995451776,311.0583732518511,292.1118724909442,306.0699157714844,30580,APTUS.BO
2022-12-01,299.2587792974016,300.170112362367,295.757250822278,299.162841796875,14393,APTUS.BO
2022-12-02,302.18468034223713,302.18468034223713,296.0450609460422,297.91571044921875,7079,APTUS.BO
2022-12-05,299.3067163243244,301.5611157159442,299.3067163243244,300.21807861328125,7431,APTUS.BO
2022-12-06,300.3140490815607,300.74575326076376,287.8429333163616,294.222412109375,33835,APTUS.BO
2022-12-07,297.19628091403524,300.6498266447977,293.550889422465,295.5654602050781,17934,APTUS.BO
2022-12-08,299.3311917416707,299.3311917416707,285.3302166440764,287.6476135253906,36631,APTUS.BO
2022-12-09,292.5721269817302,300.2968036017099,291.17201755743775,296.6275939941406,14089,APTUS.BO
2022-12-12,296.627570439243,300.6830076623125,290.6409347472304,292.2824401855469,21830,APTUS.BO
2022-12-13,292.6203813182381,294.3101542531797,287.84075555407014,288.951171875,24344,APTUS.BO
2022-12-14,290.1581306659513,295.9999048708087,286.8751493904786,292.86175537109375,23226,APTUS.BO
2022-12-15,291.9927352492479,294.69638942168956,289.9167345505886,292.86175537109375,8676,APTUS.BO
2022-12-16,292.91007469442377,292.91007469442377,288.51664737816225,291.0754699707031,4258,APTUS.BO
2022-12-19,292.86177745180123,292.86177745180123,287.7441912071846,288.951171875,3271,APTUS.BO
2022-12-20,288.37182153592283,291.55826824867296,287.1648408418437,288.22698974609375,9065,APTUS.BO
2022-12-21,287.74416751075,290.7857526497025,287.74416751075,288.8545837402344,4887,APTUS.BO
2022-12-22,284.8956774491842,290.978877106135,279.87465603779,280.8402404785156,5799,APTUS.BO
2022-12-23,275.3846871733279,280.88850066301416,262.63896109783724,265.19775390625,5561,APTUS.BO
2022-12-26,267.6600177378471,286.4406173581374,265.3908884173143,278.08831787109375,6374,APTUS.BO
2022-12-27,282.81969628964265,288.1304110796975,278.13660553586146,285.6681823730469,9787,APTUS.BO
2022-12-28,290.30295729363513,290.30295729363513,280.4540136418728,283.5921630859375,2668,APTUS.BO
2022-12-29,283.59216556901447,309.2284210034589,278.281451078713,302.4693298339844,34431,APTUS.BO
2022-12-30,302.7589934342975,302.80729033732416,290.83404901425365,293.9721984863281,10845,APTUS.BO
2023-01-02,293.972191731049,295.46883581180384,289.28910134841533,292.57208251953125,14129,APTUS.BO
2023-01-03,292.52382487289714,296.2413014818635,292.52382487289714,294.9860534667969,1692,APTUS.BO
2023-01-04,295.90337909080154,295.90337909080154,286.9717225479368,288.2752380371094,3918,APTUS.BO
2023-01-05,289.7236222857106,293.53769291144744,288.226978072589,292.4272766113281,8166,APTUS.BO
2023-01-06,295.4205631330957,295.4205631330957,290.4960767301885,291.79962158203125,982,APTUS.BO
2023-01-09,291.7996171347496,297.39999486145547,291.7996171347496,295.9033508300781,14356,APTUS.BO
2023-01-10,297.255206360766,297.255206360766,291.2685704293033,294.45501708984375,3594,APTUS.BO
2023-01-11,296.2413271536208,296.2413271536208,287.1648383077034,287.84075927734375,6958,APTUS.BO
2023-01-12,289.67535362168246,291.4616908624763,287.0199962134837,287.5510559082031,5940,APTUS.BO
2023-01-13,293.9722244414332,293.9722244414332,286.3440830158243,287.45452880859375,1410,APTUS.BO
2023-01-16,287.79245897664345,295.46886781966316,287.79245897664345,291.0754699707031,7936,APTUS.BO
2023-01-17,290.59265661697566,290.59265661697566,282.9162483309732,285.619873046875,7247,APTUS.BO
2023-01-18,286.2957977636635,286.2957977636635,276.97791344323014,280.2608947753906,7080,APTUS.BO
2023-01-19,279.72982787971847,280.40571931658087,276.3985497292498,278.233154296875,8964,APTUS.BO
2023-01-20,279.24702890937164,281.12990086726643,277.6537910262244,278.3297119140625,2057,APTUS.BO
2023-01-23,278.0883292427805,280.3574586561034,277.12274476624304,278.1365966796875,3856,APTUS.BO
2023-01-24,282.3852020533324,282.3852020533324,275.77094225894933,276.302001953125,5665,APTUS.BO
2023-01-25,275.4329887569885,276.06061281161595,272.53623515042943,273.45355224609375,1761,APTUS.BO
2023-01-27,274.7087848000179,274.7087848000179,264.28048419382645,272.3913879394531,6764,APTUS.BO
2023-01-30,269.5429005289897,270.8464454647936,266.5495827605178,267.5151672363281,9852,APTUS.BO
2023-01-31,267.4668709010894,274.4190901626934,266.115058674471,268.1427917480469,5217,APTUS.BO
2023-02-01,270.3636489679784,285.42677244679703,267.8531234769588,273.7431945800781,12253,APTUS.BO
2023-02-02,271.08781249925215,276.8330513008477,267.4668711034474,270.8946838378906,7638,APTUS.BO
2023-02-03,271.81204385130945,276.63996647744284,261.86653502839516,264.5701599121094,16727,APTUS.BO
2023-02-06,262.6389483609347,270.46018764308354,262.6389483609347,266.01849365234375,2255,APTUS.BO
2023-02-07,271.86028739255454,271.86028739255454,262.68723520926557,266.5978698730469,6631,APTUS.BO
2023-02-08,260.9492072582327,265.43916922324,260.9492072582327,263.65283203125,12980,APTUS.BO
2023-02-09,262.39753537497995,263.41138711021017,256.02467305659053,258.5834655761719,11461,APTUS.BO
2023-02-10,255.8798838837772,263.50799528345635,252.9348630448648,254.38323974609375,17505,APTUS.BO
2023-02-13,256.02472432008375,256.02472432008375,251.48649484978077,252.98313903808594,6711,APTUS.BO
2023-02-14,254.43147949083146,256.0246877953224,252.06578601604755,254.3349151611328,6494,APTUS.BO
2023-02-15,256.60406446014576,263.36315552776955,252.59689493494278,260.2250061035156,4451,APTUS.BO
2023-02-16,262.30101949019496,270.50848761374016,252.69347154360136,254.528076171875,10321,APTUS.BO
2023-02-17,252.54861450195312,255.97645716159357,252.01755481321328,252.54861450195312,55685,APTUS.BO
2023-02-20,252.5486026231684,253.32108786817437,249.4104531418731,250.37603759765625,3591,APTUS.BO
2023-02-21,249.41046280966563,251.63132482443268,247.18963026219876,247.4792938232422,27214,APTUS.BO
2023-02-22,243.3272917549149,249.1207987014605,242.36170726382397,248.3483428955078,4281,APTUS.BO
2023-02-23,247.18963046834367,248.92767077065412,242.07202970332372,243.23072814941406,4000,APTUS.BO
2023-02-24,243.0376009920064,243.4721110439751,236.47162384272028,238.74075317382812,19221,APTUS.BO
2023-02-27,239.32012273095208,242.21687621294714,235.31293824066884,237.92001342773438,4280,APTUS.BO
2023-02-28,241.39610022976572,241.39610022976572,232.9955188884996,234.20249938964844,7822,APTUS.BO
2023-03-01,231.8368435855941,237.7269001761496,231.8368435855941,234.299072265625,7972,APTUS.BO
2023-03-02,236.56819367557966,236.56819367557966,231.30576129360793,232.07823181152344,9849,APTUS.BO
2023-03-03,232.60927653201463,232.60927653201463,225.99503221896808,228.457275390625,7521,APTUS.BO
2023-03-06,229.8090920300404,274.1294110280886,229.8090920300404,272.1982421875,131651,APTUS.BO
2023-03-08,274.1294180098744,274.1294180098744,252.59689667582055,254.6728973388672,114098,APTUS.BO
2023-03-09,259.64566997578885,259.64566997578885,235.50605712070802,237.00271606445312,69334,APTUS.BO
2023-03-10,238.49936142533016,265.2460627324184,236.56819250690643,241.44439697265625,342820,APTUS.BO
2023-03-13,241.39611298001856,258.3904052272717,240.28569675377025,244.87222290039062,161930,APTUS.BO
2023-03-14,246.9482249521365,250.0863744383318,233.76800300357615,237.19581604003906,99639,APTUS.BO
2023-03-15,238.0648462212523,241.2512778145282,233.67143408004233,237.0509796142578,53165,APTUS.BO
2023-03-16,238.88559121517764,238.88559121517764,232.8989704671883,235.8922882080078,13480,APTUS.BO
2023-03-17,238.40279374910398,239.80290298228397,234.0093963081026,235.7474365234375,21577,APTUS.BO
2023-03-20,234.58872574698316,236.90613713446564,232.36787869243068,235.07151794433594,18333,APTUS.BO
2023-03-21,235.69917164391293,242.2168667230426,234.9749833017874,239.75462341308594,21406,APTUS.BO
2023-03-22,240.14084975528183,240.14084975528183,235.69917012571173,236.3750762939453,7786,APTUS.BO
2023-03-23,236.5681979852553,237.77517858722086,234.58874685130175,236.90615844726562,11802,APTUS.BO
2023-03-24,235.60261584237188,239.12699334163585,234.6370313512146,236.23023986816406,16871,APTUS.BO
2023-03-27,235.60260709102565,237.3406620572795,233.38175989712624,234.44390869140625,11864,APTUS.BO
2023-03-28,234.68530691754478,235.5543270416687,229.80910242770597,232.07823181152344,21932,APTUS.BO
2023-03-29,227.87793349974206,236.51991150565064,226.86406686583106,232.07823181152344,25252,APTUS.BO
2023-03-31,232.27133241170296,242.84447873806175,231.78854020745234,235.0232391357422,30638,APTUS.BO
2023-04-03,236.56819606025888,236.56819606025888,230.05050086268034,231.40231323242188,18146,APTUS.BO
2023-04-05,231.74027785735586,232.94725847119628,229.03663833562337,230.91952514648438,13440,APTUS.BO
2023-04-06,232.12650126774852,238.20968639050017,230.7264067295211,233.96112060546875,14910,APTUS.BO
2023-04-10,237.4855015375614,237.5337837086224,230.53329618062438,231.78855895996094,10067,APTUS.BO
2023-04-11,235.60263144094904,237.2441222378648,232.94727391446293,235.16812133789062,13584,APTUS.BO
2023-04-12,235.8440056575594,245.16188985456193,234.58874290589668,242.6996612548828,12589,APTUS.BO
2023-04-13,242.89276924368087,245.25844817899247,241.49267475001886,242.98931884765625,11065,APTUS.BO
2023-04-17,239.46493578567993,248.87938386596372,239.46493578567993,246.89993286132812,7763,APTUS.BO
2023-04-18,253.94871792001612,256.84547135636615,248.39660716701198,250.0863800048828,16626,APTUS.BO
2023-04-19,251.05197659681428,251.05197659681428,246.2723361429512,248.01039123535156,10407,APTUS.BO
2023-04-20,248.1069330478542,250.0863693581713,244.53425884153236,245.98263549804688,11076,APTUS.BO
2023-04-21,246.75512038800937,247.14134829214868,235.84401265909796,237.92001342773438,5010,APTUS.BO
2023-04-24,236.423358202499,238.69247281718475,234.68530324777947,235.31292724609375,2580,APTUS.BO
2023-04-25,235.26465266397872,235.4577813469031,231.98167132536278,232.65757751464844,8649,APTUS.BO
2023-04-26,233.18863532996252,233.86454147114569,231.64369437841626,232.46444702148438,7391,APTUS.BO
2023-04-27,233.04381315565146,234.63702160643288,230.77468380221177,231.69198608398438,19865,APTUS.BO
2023-04-28,235.5060383036228,235.5060383036228,230.38845257416443,231.74026489257812,19885,APTUS.BO
2023-05-02,231.7885516691396,241.68579234568492,231.7885516691396,237.63034057617188,25791,APTUS.BO
2023-05-03,237.91998319269845,250.03808473278121,237.91998319269845,244.72735595703125,44648,APTUS.BO
2023-05-04,249.7484143934952,252.6451677701079,246.5137152964675,249.3139190673828,28289,APTUS.BO
2023-05-05,253.852145972251,257.81104811009806,245.74124248696614,248.4931640625,26071,APTUS.BO
2023-05-08,249.60356927168996,256.5557887907412,249.60356927168996,252.25892639160156,12548,APTUS.BO
2023-05-09,252.01754586154684,258.0524487796873,246.8516630701587,249.07252502441406,13928,APTUS.BO
2023-05-10,250.8105704487234,253.75559134657186,248.493173573841,249.84498596191406,7481,APTUS.BO
2023-05-11,251.58301765472729,252.4520672370005,248.54143251866805,249.7484130859375,7546,APTUS.BO
2023-05-12,250.96480062620088,256.12229605117363,248.14279051657476,250.62420654296875,21146,APTUS.BO
2023-05-15,245.61268854629765,259.62545123050097,245.61268854629765,258.60369873046875,11484,APTUS.BO
2023-05-16,258.94432706993604,261.7663374074328,257.04675252222466,258.7010498046875,20863,APTUS.BO
2023-05-17,258.79833103259824,261.96093504557035,257.1926775453933,257.7279052734375,21818,APTUS.BO
2023-05-19,254.1273853299619,258.8469694721286,254.1273853299619,256.7547912597656,6790,APTUS.BO
2023-05-22,256.8034589089488,263.61522190227333,255.6843894994315,259.09027099609375,31087,APTUS.BO
2023-05-23,259.09028914615027,259.77147737197396,255.83036783159162,257.92254638671875,23447,APTUS.BO
2023-05-24,258.8470054395271,258.8470054395271,253.3489452859309,256.9007873535156,12754,APTUS.BO
2023-05-25,255.92765688601824,258.2144688850319,252.13253787538318,256.31689453125,13997,APTUS.BO
2023-05-26,253.15429035522578,255.92765683445256,248.5320227888241,250.0403594970703,18063,APTUS.BO
2023-05-30,255.63574236168276,258.01984155792604,251.35403906807215,252.71641540527344,10576,APTUS.BO
2023-05-31,249.16453005292786,258.5550550002412,246.5857973236198,254.41934204101562,37057,APTUS.BO
2023-06-01,255.2951078680959,258.79830560067074,252.910979352294,257.87384033203125,9285,APTUS.BO
2023-06-02,260.7932002179188,269.55118082225187,259.28489321483283,265.464111328125,18435,APTUS.BO
2023-06-05,267.6049865118348,270.9622245850285,265.4641347409676,270.2810363769531,6360,APTUS.BO
2023-06-06,270.5242624187147,271.3027376260415,265.65871813060835,267.2156982421875,12697,APTUS.BO
2023-06-07,268.5780776256877,272.0812758819303,268.09152313723536,271.4487609863281,5024,APTUS.BO
2023-06-08,271.1081606292478,277.3360519978848,266.6318534997208,268.772705078125,16375,APTUS.BO
2023-06-09,270.0864019852204,270.13507525534516,264.83161911226443,266.9237976074219,5984,APTUS.BO
2023-06-12,267.60498562851075,269.0646491864844,263.7125494739142,267.7509460449219,11540,APTUS.BO
2023-06-13,267.7995694961454,269.64847038624066,265.90199534501363,267.2156982421875,20993,APTUS.BO
2023-06-14,267.2157364934258,268.57808314972687,263.27462723774477,265.7560729980469,18113,APTUS.BO
2023-06-15,266.53453315847736,266.729166825564,259.82008740098365,262.00958251953125,7797,APTUS.BO
2023-06-16,257.92252945204945,263.4692626497639,257.92252945204945,260.793212890625,3243,APTUS.BO
2023-06-19,260.79322711626384,262.73944522907175,259.57684079575887,260.3553161621094,11990,APTUS.BO
2023-06-20,260.7932154848033,260.7932154848033,257.4846507799791,259.1875915527344,7108,APTUS.BO
2023-06-21,254.9545514223717,254.9545514223717,234.81119861174747,236.3681640625,11648010,APTUS.BO
2023-06-22,237.38994116680493,240.84448113868928,235.10314389133487,239.96868896484375,164780,APTUS.BO
2023-06-23,239.62807730886897,240.30925059954654,233.05959194101166,237.82781982421875,81271,APTUS.BO
2023-06-26,237.82782354561235,241.52564055803433,234.9084966697736,237.92514038085938,39992,APTUS.BO
2023-06-27,236.90338228983708,244.63959584433084,236.90338228983708,241.52565002441406,28126,APTUS.BO
2023-06-28,241.86625814267248,246.05063004112768,238.89827256071786,240.64987182617188,91407,APTUS.BO
2023-06-30,241.37967504041947,242.8393384474184,240.64984333692,241.96353149414062,23787,APTUS.BO
2023-07-07,246.05060149612632,247.36428965646294,242.49874495492566,243.22857666015625,38864,APTUS.BO
2023-07-10,243.3745640105377,245.12614831140633,241.76892527012177,242.30413818359375,38528,APTUS.BO
2023-07-14,254.9545659120356,281.1798661546605,254.9545659120356,277.7253112792969,279525,APTUS.BO
2023-07-17,276.99548321302655,276.99548321302655,266.8265115295422,268.6267395019531,117562,APTUS.BO
2023-07-19,260.35531332301866,264.9289377170161,259.6254815386743,262.7880859375,25939,APTUS.BO
2023-07-20,263.03135433593803,263.03135433593803,258.068522127167,259.1875915527344,13912,APTUS.BO
2023-07-21,256.94945847802495,272.4705612569727,256.94945847802495,265.22088623046875,39707,APTUS.BO
2023-07-24,267.2643878850068,272.95708162294636,262.934070540163,264.2964172363281,52360,APTUS.BO
2023-07-26,269.25924678495346,271.7406626221594,260.7931874046149,262.59344482421875,19598,APTUS.BO
2023-07-28,266.3885815130604,270.47565108079954,263.61521499901806,268.0915222167969,25874,APTUS.BO
2023-08-03,254.95455546428997,260.2093380726413,254.03009004471247,255.68438720703125,15042,APTUS.BO
2023-08-04,258.8956157195174,262.88536822215406,258.0684968968731,259.3335266113281,15852,APTUS.BO
2023-08-07,262.35018295505836,262.35018295505836,253.49488543242842,259.67413330078125,40147,APTUS.BO
2023-08-08,258.60371041588843,259.7714530660583,253.59220512802375,255.58706665039062,29558,APTUS.BO
2023-08-09,257.77658472659004,257.9712184178701,253.9814653220832,257.0467529296875,29757,APTUS.BO
2023-08-10,256.9981293101783,260.3553380184443,255.39250517170896,257.5820007324219,29273,APTUS.BO
2023-08-11,258.16582365352264,262.7394481482087,255.6844074108957,257.92254638671875,42554,APTUS.BO
2023-08-14,260.6959034764355,262.5448046960268,258.06852691078393,260.98785400390625,7774,APTUS.BO
2023-08-16,260.69587553560297,266.48588552850686,260.4525983039167,264.3937072753906,11697,APTUS.BO
2023-08-17,264.3937037106681,270.37831759007605,263.9071492538556,269.3078918457031,65611,APTUS.BO
2023-08-18,272.42190586474675,276.3629858618199,262.78810196624244,264.05316162109375,37904,APTUS.BO
2023-08-21,264.19907878569563,264.88026692652954,257.97118747193787,259.5281677246094,34142,APTUS.BO
2023-08-22,260.8905359920779,263.7125462300614,260.01474380745276,262.6421203613281,24804,APTUS.BO
2023-08-23,264.6856420140102,267.5076521108032,263.7611766061455,265.610107421875,31031,APTUS.BO
2023-08-24,263.76120537424146,267.1184435932576,259.33357092023004,260.5499572753906,27873,APTUS.BO
2023-08-25,260.4526125493198,264.8316029591803,259.33354316174126,262.301513671875,36925,APTUS.BO
2023-08-28,265.6101054107486,265.6101054107486,257.38732273019934,259.7227783203125,36731,APTUS.BO
2023-08-29,262.7394481482087,264.34507216972804,257.5333086992189,257.92254638671875,21420,APTUS.BO
2023-08-30,261.32839195738876,261.5716691905261,256.5115205594256,257.77655029296875,47377,APTUS.BO
2023-08-31,256.12229540661525,265.80471193914934,256.12229540661525,262.301513671875,57663,APTUS.BO
2023-09-01,262.6908037328704,263.80987321720033,259.5768428489741,261.23114013671875,29047,APTUS.BO
2023-09-04,261.2797545246968,264.53967546467,260.84184361599574,262.1069030761719,38393,APTUS.BO
2023-09-05,257.8738873123149,265.02624446583496,256.90077830358916,260.84185791015625,55013,APTUS.BO
2023-09-06,259.7714920583223,267.60500861350783,259.38222465188295,265.8534240722656,133623,APTUS.BO
2023-09-07,265.99936110859335,270.76758944880885,260.0633900456214,270.2323913574219,81793,APTUS.BO
2023-09-08,272.47048532495893,272.6651189789615,268.48073299331537,269.0159606933594,38585,APTUS.BO
2023-09-11,269.0646500746266,271.8866603566379,268.5294519803754,270.2810363769531,51447,APTUS.BO
2023-09-12,269.9890929264578,272.81110297207215,257.87387449139254,262.9826965332031,33462,APTUS.BO
2023-09-13,262.98270541771063,265.36683432987155,258.3604376999155,263.2259826660156,25077,APTUS.BO
2023-09-14,261.81492584480714,272.4704796974601,258.40904484858885,261.3770446777344,12734,APTUS.BO
2023-09-15,262.69077158466376,272.9570590757653,262.4961379168901,271.2054748535156,24093,APTUS.BO
2023-09-18,268.5780817345728,271.40009187138344,265.172200263301,269.06463623046875,38992,APTUS.BO
2023-09-20,264.6856623765965,273.05440617053694,264.6856623765965,267.0211181640625,39119,APTUS.BO
2023-09-21,265.9993602169555,272.3732125068975,265.85339980133296,267.7023010253906,16746,APTUS.BO
2023-09-22,264.3450391792561,271.4000790360945,264.3450391792561,269.5511779785156,10317,APTUS.BO
2023-09-25,269.59984120613706,278.6497728798797,269.59984120613706,275.0979309082031,25647,APTUS.BO
2023-09-26,275.14655714526214,278.1145275805245,270.7675668458681,271.3027648925781,8533,APTUS.BO
2023-09-27,278.69840198383673,287.6510163517621,272.2272332979103,284.731689453125,100954,APTUS.BO
2023-09-28,286.8238461467508,289.9378064824158,281.2284700132688,283.3206481933594,80148,APTUS.BO
2023-09-29,284.63436372129684,286.77521525882645,281.90967057982994,284.4884033203125,39978,APTUS.BO
2023-10-03,286.4346463251176,291.34883500332836,286.19136906982146,289.3539733886719,40108,APTUS.BO
2023-10-04,289.40260195662944,289.40260195662944,284.05050261759754,285.60748291015625,24635,APTUS.BO
2023-10-05,288.13757710186127,289.98647823849257,283.66126982053885,287.4077453613281,15806,APTUS.BO
2023-10-06,289.0133719823316,289.8891641398618,284.05051016042074,284.9749755859375,909695,APTUS.BO
2023-10-09,282.25026685124396,286.96985166268877,282.25026685124396,283.7099304199219,59542,APTUS.BO
2023-10-10,284.1478181340118,288.62412531797446,283.3693428398135,284.731689453125,11360,APTUS.BO
2023-10-11,288.86742439977746,296.5549798746984,286.87253305005805,287.84564208984375,32321,APTUS.BO
2023-10-12,288.5754368665874,289.6945358763874,284.14780318207596,285.1695556640625,14083,APTUS.BO
2023-10-13,285.1695620524343,287.3104135921803,280.2067302322625,282.0069580078125,10697,APTUS.BO
2023-10-16,277.3846817269452,284.19644406772755,277.3846817269452,282.5908203125,43542,APTUS.BO
2023-10-17,280.30402447763123,295.2412529758463,280.30402447763123,293.0517578125,38564,APTUS.BO
2023-10-18,294.8520517060251,295.2899626714902,288.38088225318364,289.0133972167969,29260,APTUS.BO
2023-10-19,283.2720284987238,288.38085061633467,282.6395136045006,287.3104248046875,9644,APTUS.BO
2023-10-20,290.32708049493306,290.32708049493306,282.20161428224776,284.2937927246094,8541,APTUS.BO
2023-10-23,289.0134109971421,289.0134109971421,273.5409818023384,276.8009033203125,35945,APTUS.BO
2023-10-25,277.77393846758537,280.5959482476171,274.36805742690973,277.2873840332031,15195,APTUS.BO
2023-10-26,273.54094184499553,277.1414272742614,270.81621886662543,274.0274963378906,8762,APTUS.BO
2023-10-27,275.681755776744,284.09917201653263,275.681755776744,282.1529541015625,6597,APTUS.BO
2023-10-30,282.0069769133714,287.26178928194906,279.7688380874438,284.19647216796875,11093,APTUS.BO
2023-10-31,284.4397289806119,286.48326367745454,279.6715011525976,281.13116455078125,20531,APTUS.BO
2023-11-01,280.83923359124617,280.83923359124617,276.3629267260169,278.3577880859375,11292,APTUS.BO
2023-11-02,277.7739637928798,282.5421917451708,274.5626864150219,282.1529541015625,611268,APTUS.BO
2023-11-03,287.7483293131768,290.95957697966594,279.1849527076583,285.4615173339844,49333,APTUS.BO
2023-11-06,287.0184876049319,290.4243688222283,279.9147746764145,281.0338439941406,32599,APTUS.BO
2023-11-07,286.6778957706171,286.6778957706171,271.5460341409342,281.90966796875,2563984,APTUS.BO
2023-11-08,282.68817027698867,286.3373291015625,278.30917968750003,280.9852294921875,19847,APTUS.BO
2023-11-09,284.97497235563907,284.97497235563907,274.41673392311213,278.21185302734375,29963,APTUS.BO
2023-11-10,287.4563572877319,296.06837681736766,282.68812971387115,292.3705749511719,79834,APTUS.BO
2023-11-13,296.7496053956777,296.798248967556,287.40775293141115,290.1324462890625,27618,APTUS.BO
2023-11-15,290.3270571241816,294.8520077392096,288.23487885023616,293.68426513671875,63983,APTUS.BO
2023-11-16,292.0786599661888,297.77135354691285,290.0351251299123,293.3437194824219,40238,APTUS.BO
2023-11-17,291.88404886493936,291.88404886493936,285.5588405288497,287.3104248046875,12907,APTUS.BO
2023-11-20,287.31043677643845,287.7483477121095,280.2553964152897,283.4666442871094,16580,APTUS.BO
2023-11-21,285.02362856305075,290.08380739099573,281.5204301203912,282.73681640625,47337,APTUS.BO
2023-11-22,282.7855039438022,283.0287812132485,277.3360871688179,279.76885986328125,24460,APTUS.BO
2023-11-23,280.4986921461852,280.4986921461852,273.78424543749304,275.5845031738281,9203,APTUS.BO
2023-11-24,275.87640380859375,278.6010971526226,274.90329480045057,275.87640380859375,8078,APTUS.BO
2023-11-28,275.4385002920073,279.1363324406692,274.3681041117748,276.071044921875,23592,APTUS.BO
2023-11-29,276.6548762583749,281.95833217635703,276.6548762583749,279.1363220214844,8311,APTUS.BO
2023-11-30,280.3040575430161,284.05053342607164,277.384730314183,281.42315673828125,11343,APTUS.BO
2023-12-01,287.0671400140119,296.55495226871227,283.32066462020606,287.94293212890625,28613,APTUS.BO
2023-12-04,291.0082506840085,295.77650880556524,290.13245847490293,292.1273498535156,16740,APTUS.BO
2023-12-05,293.586942310131,304.58306007628795,292.7111206162699,296.01971435546875,64411,APTUS.BO
2023-12-06,296.7982410712531,296.7982410712531,290.95958714853987,291.59210205078125,31378,APTUS.BO
2023-12-07,291.44614566197805,292.4192546625189,287.3590759809346,290.0351257324219,13326,APTUS.BO
2023-12-08,291.4461223912727,310.42174638669775,291.4461223912727,309.3999938964844,86052,APTUS.BO
2023-12-11,315.4332616167463,322.58561837068567,311.8814198727142,321.3692321777344,84006,APTUS.BO
2023-12-12,323.07214840763567,323.412742455282,314.31416848092266,318.20660400390625,92411,APTUS.BO
2023-12-13,319.71494378347535,330.27318216521513,317.9633594966953,322.4396667480469,43402,APTUS.BO
2023-12-14,328.9108069815287,328.9108069815287,317.52542101493583,319.1797180175781,55842,APTUS.BO
2023-12-15,322.9262294671426,322.9262294671426,313.6330206449463,315.141357421875,42083,APTUS.BO
2023-12-18,315.38461540824323,324.3371998952806,315.38461540824323,319.6176452636719,53723,APTUS.BO
2023-12-19,321.1745881601494,323.46140006860463,318.64452871786966,321.0773010253906,9862,APTUS.BO
2023-12-20,323.75339395679487,333.7764053284089,310.03255036396666,315.5792541503906,96718,APTUS.BO
2023-12-21,307.6483959636409,321.36923842629943,306.5293265837527,319.8609313964844,36166,APTUS.BO
2023-12-22,322.4396619473559,325.60226608807085,316.8442853907064,319.812255859375,36361,APTUS.BO
2023-12-26,322.8775622015202,329.1054837110656,321.02866099578114,322.00177001953125,26990,APTUS.BO
2023-12-27,325.9428575661696,325.9428575661696,316.2604115491996,317.2335205078125,27166,APTUS.BO
2023-12-28,313.3897298903499,318.93646286238015,310.2757990245724,311.4435119628906,37059,APTUS.BO
2023-12-29,311.4435001578691,312.3193219495715,304.534450534814,311.1029357910156,45257,APTUS.BO
2024-01-01,316.2117665983923,327.4025195735442,311.39486539553366,321.3692321777344,24651,APTUS.BO
2024-01-02,326.3320871528505,326.3320871528505,315.8224928411633,320.34747314453125,44331,APTUS.BO
2024-01-03,320.0555217590493,322.34233368837505,312.56260080165737,315.3359375,15873,APTUS.BO
2024-01-04,317.6714477442627,321.8558046025763,316.065794122488,321.0286560058594,26727,APTUS.BO
2024-01-05,320.2015123862074,324.19126532296906,317.9147299379391,322.00177001953125,25313,APTUS.BO
2024-01-08,322.5856429005397,322.6829597427616,316.6010283155267,318.6932067871094,23680,APTUS.BO
2024-01-09,318.40126699803085,320.34748493885763,314.89806876515684,316.5036926269531,10971,APTUS.BO
2024-01-10,317.2335102447841,319.4716488984149,312.4166091767134,316.11444091796875,14972,APTUS.BO
2024-01-11,318.20662539383784,340.19889351640614,317.2821600162159,334.65216064453125,77760,APTUS.BO
2024-01-12,335.8199082107585,337.57149246090177,330.7597297373445,336.4524230957031,30187,APTUS.BO
2024-01-15,338.6905593138466,341.9504802467541,334.3602422898628,338.05804443359375,56289,APTUS.BO
2024-01-16,337.37687719199533,340.24753071123126,330.9056790637207,336.98760986328125,61810,APTUS.BO
2024-01-17,336.59843003247516,340.5881832614964,331.14901316090464,332.70599365234375,19066,APTUS.BO
2024-01-19,355.914614275285,361.99654548299657,352.265455550658,358.49334716796875,83894,APTUS.BO
2024-01-23,346.28082409804483,357.5202205366334,346.28082409804483,352.1681213378906,62695,APTUS.BO
2024-01-24,350.46519318459184,358.00678777909644,341.9018460399261,356.6930847167969,25591,APTUS.BO
2024-01-25,357.6175622646958,360.92612696939125,353.33588854703515,359.51513671875,962593,APTUS.BO
2024-01-29,360.87747060804145,364.0400747880957,356.1092425528839,360.0016784667969,33335,APTUS.BO
2024-01-30,358.78532706481826,360.87750563221243,345.9889189983588,349.24884033203125,11100,APTUS.BO
2024-01-31,352.1194997508887,365.88898624602734,346.81604378956115,364.47796630859375,54008,APTUS.BO
2024-02-01,370.3165943946019,370.3165943946019,359.27183170830574,366.2781982421875,28489,APTUS.BO
2024-02-02,370.26798474913784,371.7276482895418,352.11950733616806,359.6611022949219,64042,APTUS.BO
2024-02-05,362.9210094958069,364.9158710454167,352.89796908626835,361.8019104003906,21639,APTUS.BO
2024-02-06,364.62396900829015,366.4728702441003,362.09387956600364,364.8185729980469,25076,APTUS.BO
2024-02-07,377.66362044012936,377.66362044012936,358.10412299993175,361.3640441894531,2881163,APTUS.BO
2024-02-08,354.0657268142933,365.11052025383117,354.0657268142933,359.7097473144531,65870,APTUS.BO
2024-02-09,360.00328354153174,360.00328354153174,345.376151308991,348.8984069824219,20291,APTUS.BO
2024-02-12,351.14871251664,355.16016943791016,337.94027646316397,342.6366271972656,15837,APTUS.BO
2024-02-13,340.48413391430466,347.33295269993727,337.2554170016129,342.1474304199219,28674,APTUS.BO
2024-02-14,344.9848195505881,351.3444374980152,334.46698986830484,349.6322326660156,16762,APTUS.BO
2024-02-15,352.90987862493006,359.75869777317166,347.528663579883,351.24658203125,24476,APTUS.BO
2024-02-16,352.32277768524267,357.0190981612492,344.5934032166798,347.08831787109375,6503,APTUS.BO
2024-02-19,347.3329463859161,347.3329463859161,336.7662095378492,338.18487548828125,7024,APTUS.BO
2024-02-20,341.3647132823471,345.4740167730802,332.6080265906045,340.9733581542969,30698,APTUS.BO
2024-02-21,341.80495771648265,345.3761212706736,339.94599872949755,342.93011474609375,15172,APTUS.BO
2024-02-22,347.33293786342404,352.76306058240425,338.57622227530663,340.4352111816406,19484,APTUS.BO
2024-02-23,339.7992292277717,343.56608541112604,333.58639627194975,337.40216064453125,22549,APTUS.BO
2024-02-26,337.30431721833014,341.02223538495906,329.7216965992089,331.82525634765625,20735,APTUS.BO
2024-02-27,336.7662067520237,336.7662067520237,327.2756890281446,328.64544677734375,7829,APTUS.BO
2024-02-28,328.6944023335847,331.77636489806684,320.67148816902966,322.2369384765625,6652,APTUS.BO
2024-02-29,319.986579405731,351.2465564725122,318.51897540932777,343.5171813964844,19162,APTUS.BO
2024-03-01,345.7675351213522,345.7675351213522,325.36783126683133,327.0311279296875,17305,APTUS.BO
2024-03-04,332.9015083815657,338.4294774939427,327.12893860175177,334.12451171875,18999,APTUS.BO
2024-03-05,334.76047144419755,342.2452459846499,333.7331605721967,339.60357666015625,31564,APTUS.BO
2024-03-06,337.5489333334189,339.21222987584554,323.3620941063622,325.6613464355469,16810,APTUS.BO
2024-03-07,340.33738944378985,340.33738944378985,327.3735535058705,337.108642578125,6162,APTUS.BO
2024-03-11,336.13021369005037,344.3977279085186,330.4554903440402,334.0755920410156,26524,APTUS.BO
2024-03-12,328.6943862354308,334.8094028728031,325.0253762530074,325.85699462890625,41730,APTUS.BO
2024-03-13,325.85697043602937,328.8900244346764,299.88039363246463,303.40264892578125,23374,APTUS.BO
2024-03-14,303.3048304115854,316.855713483928,297.6790150087898,310.887451171875,31630,APTUS.BO
2024-03-15,304.67455466574177,312.79531392087523,301.347991895731,306.6802978515625,11920,APTUS.BO
2024-03-18,303.45159156326355,312.30615391714423,303.45159156326355,310.78961181640625,7656,APTUS.BO
2024-03-19,308.73492751877615,308.73492751877615,302.0328936165682,303.79400634765625,6527,APTUS.BO
2024-03-20,309.909045874056,309.909045874056,297.77685873181895,301.9839782714844,6374,APTUS.BO
2024-03-21,303.01130860281063,309.46874211981236,303.01130860281063,306.38677978515625,6151,APTUS.BO
2024-03-22,305.4573026129068,311.42553456559955,305.3594563815478,309.76226806640625,5828,APTUS.BO
2024-03-26,312.59965164510595,317.100309878359,300.80991146854944,303.5005187988281,9644,APTUS.BO
2024-03-27,303.30480940008596,306.43570969857484,300.9566491054583,302.03289794921875,7153,APTUS.BO
2024-03-28,296.45601367282427,304.8213446895069,296.45601367282427,302.1307373046875,4883,APTUS.BO
2024-04-01,303.3048050491898,325.90591101003463,303.3048050491898,323.6066589355469,1812126,APTUS.BO
2024-04-02,327.7159965584245,332.2166250950736,325.3678061898483,328.4497985839844,7244,APTUS.BO
2024-04-03,328.3030287211664,333.9777825499927,325.41675854219983,330.7979736328125,9998,APTUS.BO
2024-04-04,331.6785037061774,335.3475137029272,319.9376717165782,321.1606750488281,32450,APTUS.BO
2024-04-05,321.99235158426296,324.9764680338154,317.9808943302465,320.76934814453125,6740,APTUS.BO
2024-04-08,322.33478085816364,327.8627501311737,315.6327164039476,316.75787353515625,5885,APTUS.BO
2024-04-09,315.0456596542442,319.106024761943,313.0888543147768,316.46435546875,5119,APTUS.BO
2024-04-10,324.68296382923,324.73187202413095,314.94784436532325,319.6441955566406,14776,APTUS.BO
2024-04-12,319.2038710948776,322.5304342012586,315.7794617497985,317.73626708984375,17251,APTUS.BO
2024-04-15,288.77556234209504,314.2140335471046,288.77556234209504,311.4745178222656,8223,APTUS.BO
2024-04-16,316.9535439074098,316.9535439074098,305.3594667711096,307.267333984375,11822,APTUS.BO
2024-04-18,313.4313296147519,313.4313296147519,306.9738654378294,308.83282470703125,1349523,APTUS.BO
2024-04-19,313.4802261514191,313.4802261514191,305.65300437556107,308.7839050292969,5412,APTUS.BO
2024-04-22,311.1320572256484,315.8773162713835,308.34360357126957,313.57806396484375,5121,APTUS.BO
2024-04-23,320.47580548087393,325.025402107769,313.08887673871277,324.4383544921875,26618,APTUS.BO
2024-04-24,323.2642225935271,344.2509709253085,323.2642225935271,340.9244079589844,87778,APTUS.BO
2024-04-25,345.76751095092794,345.76751095092794,335.68997500438536,339.2611389160156,38862,APTUS.BO
2024-04-26,341.315781014749,341.315781014749,328.0584067808036,329.18359375,33535,APTUS.BO
2024-04-29,331.28711707378324,332.3633658754027,324.3404528362142,326.4929504394531,11859,APTUS.BO
2024-04-30,327.2757010230406,328.1562574756217,318.17656791556806,320.1822814941406,18635,APTUS.BO
2024-05-02,322.2369430728839,324.82970431939964,315.58378663559034,322.3836975097656,22122,APTUS.BO
2024-05-03,326.63973599922116,330.015207281662,316.56217062484467,321.796630859375,14925,APTUS.BO
2024-05-06,322.9218009224412,327.1778586619495,313.23562011222026,316.5132751464844,30407,APTUS.BO
2024-05-07,319.7909132528146,325.46563669945033,312.69749401528026,316.31756591796875,25623,APTUS.BO
2024-05-08,316.07295619091076,320.4757680051945,314.5564440649378,317.29595947265625,14942,APTUS.BO
2024-05-09,320.91608245657585,320.91608245657585,305.0170387373095,306.5824890136719,26456,APTUS.BO
2024-05-10,308.7349197532385,316.51323214659976,305.7508038510431,314.5564270019531,8513,APTUS.BO
2024-05-13,317.9319818669135,317.9319818669135,306.3379034422436,310.83856201171875,11231,APTUS.BO
2024-05-14,303.40269523452014,314.8010811683764,303.40269523452014,313.38238525390625,4732,APTUS.BO
2024-05-15,318.51007562532095,318.51007562532095,310.6212811825885,311.9031982421875,11864,APTUS.BO
2024-05-16,316.488614341092,316.488614341092,307.21925591009733,308.8463439941406,6596,APTUS.BO
2024-05-17,315.79834130976656,315.79834130976656,304.75401569655935,307.9095458984375,16847,APTUS.BO
2024-05-21,301.8943125768482,304.7047017671599,289.6173936199181,293.611083984375,968285,APTUS.BO
2024-05-22,301.4012634568574,305.69080169283296,299.9714374404418,302.5845947265625,116794,APTUS.BO
2024-05-23,303.17625651305286,306.3810793933458,300.7603010736404,302.83111572265625,39527,APTUS.BO
2024-05-24,301.79567583741874,312.69209105408345,298.3936513410167,305.1484375,159940,APTUS.BO
2024-05-27,303.7678880139628,310.96643121321915,302.88040463141436,305.0498352050781,20372,APTUS.BO
2024-05-28,306.2824643060561,308.25466300719836,299.23185996814556,300.4151611328125,34298,APTUS.BO
2024-05-29,299.82348187636336,304.0637269471119,297.35823361198493,300.5137634277344,7908,APTUS.BO
2024-05-30,302.7324816225461,304.606064252352,291.9346823742342,295.7311706542969,47344,APTUS.BO
2024-05-31,301.4998746999105,301.99292437235516,294.84370412190754,295.8298034667969,8266,APTUS.BO
2024-06-03,309.5365601461094,312.5934739542397,302.6831881580195,307.5643615722656,105010,APTUS.BO
2024-06-04,301.74640671938135,304.06374625370967,282.0737122831739,295.780517578125,123736,APTUS.BO
2024-06-05,287.9410136591981,301.94363663476514,287.9410136591981,298.64019775390625,25699,APTUS.BO
2024-06-06,298.64020843644084,314.26988989946466,298.64020843644084,307.31787109375,39018,APTUS.BO
2024-06-07,308.25467221715104,316.784425835768,304.70470843035736,313.92474365234375,27273,APTUS.BO
2024-06-10,315.69969740420953,322.4544838959316,312.5934905046187,313.57958984375,85209,APTUS.BO
2024-06-11,317.5239831476264,321.02462371951736,311.55809425937184,315.7983093261719,88155,APTUS.BO
2024-06-12,316.53790802959196,337.2459954707802,315.1573748855192,335.3230895996094,167685,APTUS.BO
2024-06-13,338.9716447011581,341.6341249296107,333.3015735534296,339.66192626953125,37748,APTUS.BO
2024-06-14,341.1903720989323,348.1916834410224,339.80983903974806,344.88824462890625,2104149,APTUS.BO
2024-06-18,344.14868177751003,345.1347811522307,336.55570455481507,338.67584228515625,47754,APTUS.BO
2024-06-19,335.3724066146096,350.4597151568514,335.3724066146096,342.37371826171875,69441,APTUS.BO
2024-06-20,347.10695358419844,347.10695358419844,337.3938694609681,341.4861755371094,13055,APTUS.BO
2024-06-21,350.16387127684857,350.16387127684857,332.1182358335467,333.79461669921875,15063,APTUS.BO
2024-06-24,328.3710950145696,335.7175474659053,327.6315204762485,334.92864990234375,27603,APTUS.BO
2024-06-25,341.19038362840473,341.19038362840473,319.64410627366055,331.23077392578125,15040,APTUS.BO
2024-06-26,326.0044478884942,331.6251960716109,324.91973259560245,326.49749755859375,27023,APTUS.BO
2024-06-27,323.5392106880881,329.8009477328225,317.3760895994448,320.2850646972656,42411,APTUS.BO
2024-06-28,321.9614126177224,327.3849586189398,320.77808145283944,325.5606689453125,27146,APTUS.BO
2024-07-01,332.80851384618825,344.7403213983092,330.3432655954757,339.51397705078125,57121,APTUS.BO
2024-07-02,340.50009917863196,342.7681457773577,329.80094512794454,331.0335693359375,32784,APTUS.BO
2024-07-03,333.54811349926297,340.69733396598775,333.54811349926297,338.67584228515625,11560,APTUS.BO
2024-07-04,338.23208168943603,345.57853398505085,336.2598829623839,338.92236328125,77194,APTUS.BO
2024-07-05,338.9223598808091,340.2042770031856,333.3015815277587,335.2244873046875,5492,APTUS.BO
2024-07-08,335.3230721017621,337.4925027102179,328.617608555676,330.19537353515625,14666,APTUS.BO
2024-07-09,330.04747596195404,334.53421612316487,322.4544986655119,323.9829406738281,25340,APTUS.BO
2024-07-10,330.491168817268,330.491168817268,313.9740058200966,319.84130859375,12301,APTUS.BO
2024-07-11,321.96142612193825,334.0411427222254,321.4190835364134,325.4620666503906,47052,APTUS.BO
2024-07-12,326.2016582781315,330.58981249475136,319.59481058108577,323.5885009765625,35998,APTUS.BO
2024-07-15,322.3558480738076,324.0322288843466,318.0170172677418,320.7287902832031,30281,APTUS.BO
2024-07-16,321.4683854887276,327.1877496349239,318.06633072151675,320.5809020996094,8733,APTUS.BO
2024-07-18,321.4684065827628,324.081563991833,315.1573763985841,318.4608154296875,36195,APTUS.BO
2024-07-19,318.01703667640686,320.97533469200135,313.0865399837494,315.5517883300781,13120,APTUS.BO
2024-07-22,309.7338046123911,321.7149054161116,309.7338046123911,321.2711486816406,8189,APTUS.BO
2024-07-23,327.1877518057876,354.0096661232212,306.67689739365403,315.7490234375,115139,APTUS.BO
2024-07-24,321.17257376449845,321.17257376449845,314.0726463312808,315.50250244140625,26098,APTUS.BO
2024-07-25,312.8400301353954,319.7920187677248,312.8400301353954,316.53790283203125,14901,APTUS.BO
2024-07-26,320.33436616806887,322.3558577117805,314.4177703210737,315.40386962890625,14467,APTUS.BO
2024-07-29,314.6642827362606,319.05240642701045,312.88928599615826,314.6149597167969,24920,APTUS.BO
2024-07-30,316.4886143794776,316.4886143794776,310.67060384640047,312.34698486328125,39506,APTUS.BO
2024-07-31,313.0865403670299,315.55178871637656,311.06504875791103,311.6073913574219,11003,APTUS.BO
2024-08-01,315.502508138793,317.5732927586254,305.69080728691546,310.424072265625,61167,APTUS.BO
2024-08-02,312.64278513105444,316.5378895791086,309.19143742536323,312.6921081542969,60566,APTUS.BO
2024-08-05,300.8096107712805,312.6921266304271,300.8096107712805,306.4303894042969,105401,APTUS.BO
2024-08-06,307.8602110708306,312.74138451134036,305.6907805905848,306.6768798828125,45511,APTUS.BO
2024-08-07,304.31026453543166,311.55810075532986,302.73249956139006,304.8033142089844,49866,APTUS.BO
2024-08-08,306.9727245994581,306.9727245994581,302.9790341524511,304.95123291015625,20077,APTUS.BO
2024-08-09,305.29636773254634,309.53658294122664,303.7678956692393,304.5567932128906,10162,APTUS.BO
2024-08-12,301.74641644348844,304.95123949395037,300.66170108465906,301.4012756347656,27486,APTUS.BO
2024-08-13,300.56305851472024,306.08522068526804,300.56305851472024,301.15472412109375,6861,APTUS.BO
2024-08-14,303.1269552743513,303.2255712348895,295.8298255950142,296.7666320800781,20926,APTUS.BO
2024-08-16,300.760309238062,300.760309238062,296.27356912120075,298.3936767578125,27054,APTUS.BO
2024-08-19,302.23944043803607,304.7046887287215,299.4290513679821,300.71099853515625,22835,APTUS.BO
2024-08-20,304.7046935402474,304.7046935402474,299.28114721509735,303.5213623046875,28638,APTUS.BO
2024-08-21,304.70469784527967,314.5656913030557,303.7185984995021,308.7477111816406,43693,APTUS.BO
2024-08-22,314.46707019042935,314.46707019042935,304.70469284607253,311.41015625,23076,APTUS.BO
2024-08-23,313.87540774276283,313.87540774276283,304.90192782751035,306.1345520019531,11903,APTUS.BO
2024-08-26,303.8665322314581,311.06507610031565,302.6832309757785,307.9095458984375,61181,APTUS.BO
2024-08-28,304.16235319239166,314.6149821124924,304.16235319239166,313.57958984375,83722,APTUS.BO
2024-08-29,315.69970020465865,328.469698797032,313.3330677884228,317.7212219238281,62752,APTUS.BO
2024-08-30,319.4961781189565,329.80092799995316,313.1851485204645,321.5176696777344,34166,APTUS.BO
2024-09-02,327.9766385457025,331.13213830112943,313.97401622007163,317.5732727050781,18471,APTUS.BO
2024-09-03,316.685791015625,320.2357545909642,314.5656834935106,316.685791015625,27951,APTUS.BO
2024-09-04,314.56567680941754,322.5037641398337,313.8261023341603,318.7073059082031,21789,APTUS.BO
2024-09-05,322.45448293918514,326.1523554499556,315.4038787039888,323.4405822753906,72063,APTUS.BO
2024-09-06,325.80722414300953,329.25857192014604,318.16495406506453,322.06005859375,83614,APTUS.BO
2024-09-09,324.82111315121824,324.82111315121824,307.5150819541022,311.41015625,33357,APTUS.BO
2024-09-10,311.41016787351754,320.0385373295658,311.41016787351754,318.11566162109375,15551,APTUS.BO
2024-09-11,320.3836490441054,320.4822649904672,314.61496225560467,317.2281494140625,45921,APTUS.BO
2024-09-12,315.55178203885896,319.7427041440626,314.6642986705473,319.10174560546875,30717,APTUS.BO
2024-09-13,322.4544986187187,337.54180715894574,321.5670151916521,331.4280090332031,124925,APTUS.BO
2024-09-16,334.09043877594246,339.4646921265475,326.3988760897232,327.6315002441406,81908,APTUS.BO
2024-09-17,330.73771142193857,331.9210426630071,321.86281739401517,328.9134216308594,45211,APTUS.BO
2024-09-18,328.81483099435053,336.7529184999769,328.81483099435053,333.548095703125,25128,APTUS.BO
2024-09-19,338.9716428578018,343.6556146500187,332.41408836737077,342.5216064453125,49629,APTUS.BO
2024-09-20,343.2118841871549,358.9401816569987,342.1764918543367,355.6860656738281,173436,APTUS.BO
2024-09-23,357.9540587927402,369.8858667711709,354.60132707065446,366.5824279785156,117903,APTUS.BO
2024-09-24,368.2588058798085,373.5344132070651,354.99575788803526,356.96795654296875,112107,APTUS.BO
2024-09-25,356.031172679039,363.96929082359685,355.4395371198028,362.9338684082031,34375,APTUS.BO
2024-09-26,364.8567506878626,366.82894934022937,354.6506166431916,355.43951416015625,67795,APTUS.BO
2024-09-27,355.4888164712557,361.9970782145063,355.1436756793098,359.5318298339844,27637,APTUS.BO
2024-09-30,358.940157260812,362.2435960454839,348.3888823589317,352.1360778808594,71087,APTUS.BO
2024-10-01,352.0374679021336,352.0374679021336,341.1903750536085,347.05767822265625,52963,APTUS.BO
2024-10-03,340.2535749020258,342.86676230200163,333.59740416781113,336.0626525878906,47518,APTUS.BO
2024-10-04,335.2737664300177,356.9679513166659,335.2737664300177,354.1575622558594,177272,APTUS.BO
2024-10-07,352.9742724635176,376.09828404011205,350.55831703172,364.8074645996094,129343,APTUS.BO
2024-10-08,347.15626408447906,378.21839360539224,347.15626408447906,372.8934631347656,128940,APTUS.BO
2024-10-09,372.89345546216293,387.58632945423847,371.11848870626346,373.3865051269531,73543,APTUS.BO
2024-10-10,373.38653225002076,373.7809659918322,358.940182040947,360.71514892578125,89979,APTUS.BO
2024-10-11,355.0943891442951,363.27900187768705,354.9957731886253,355.98187255859375,55880,APTUS.BO
2024-10-14,360.2714111146963,396.11612925938664,360.2714111146963,383.34613037109375,572469,APTUS.BO
2024-10-15,384.036428780725,384.036428780725,373.7809708014716,377.9718933105469,56319,APTUS.BO
2024-10-16,377.9225893963116,377.971882328228,366.18801273053293,374.7670593261719,113289,APTUS.BO
2024-10-17,375.5066216543457,386.4523304933383,368.801158090054,381.4232177734375,200056,APTUS.BO
2024-10-18,377.52816914300234,377.52816914300234,365.9415009525599,369.6393737792969,72095,APTUS.BO
2024-10-21,374.7177346517532,379.1551815094713,356.12975679575027,358.3484802246094,110935,APTUS.BO
2024-10-22,365.79354998959684,365.79354998959684,340.05635205677476,344.099365234375,216329,APTUS.BO
2024-10-23,347.10696059835726,358.24987087567524,345.97295239916593,350.8541259765625,31285,APTUS.BO
2024-10-24,357.55964720718475,357.55964720718475,345.1347887919997,347.1562805175781,37939,APTUS.BO
2024-10-25,345.1840737859609,348.58612866315934,331.3293896204287,333.2029724121094,86707,APTUS.BO
2024-10-28,333.252285415023,338.7744176679396,331.72381337547046,335.0272521972656,58453,APTUS.BO
2024-10-29,340.8945324679258,343.5076895361526,331.5265893262118,340.00701904296875,34826,APTUS.BO
2024-10-31,350.06526728143297,354.0096646592519,341.73271578344486,349.9173583984375,21162,APTUS.BO
2024-11-01,362.8845614220306,362.8845614220306,344.4938145316793,346.6139221191406,12049,APTUS.BO
2024-11-04,345.6771248322995,349.818754256188,340.30290127959046,347.2055969238281,51701,APTUS.BO
2024-11-06,343.90215787020594,349.6215222218126,334.28768894050125,336.2598876953125,24353,APTUS.BO
2024-11-07,338.9223556028447,343.6063274734764,337.68973142636264,339.4154052734375,40434,APTUS.BO
2024-11-08,341.88066101353354,341.88066101353354,331.62520356891895,333.4494934082031,55669,APTUS.BO
2024-11-11,339.61262465434066,339.61262465434066,325.95514205372444,328.12457275390625,22356,APTUS.BO
2024-11-12,326.3988848076535,331.1321496496938,320.4822887084211,322.75030517578125,64121,APTUS.BO
2024-11-13,326.6454261593115,326.6454261593115,310.8678357636919,312.34698486328125,31231,APTUS.BO
2024-11-14,317.9538074363617,319.9385378576681,311.70191872307987,314.38128662109375,13042,APTUS.BO
2024-11-18,312.6446577499403,315.3736621686845,307.6332253857162,313.4385681152344,34027,APTUS.BO
2024-11-19,316.5149078972256,316.8126053577297,309.0721685387824,310.90802001953125,12564,APTUS.BO
2024-11-21,313.8355017234021,316.5645060862143,310.4118295907681,315.0759582519531,15538,APTUS.BO
2024-11-22,315.47291876956746,317.0111031356034,311.7515489422654,313.19049072265625,21003,APTUS.BO
2024-11-25,316.9118539695654,318.74773576983097,306.74010998614705,309.17138671875,69325,APTUS.BO
2024-11-26,313.2897328316848,321.4271100042545,305.89659933885804,307.43475341796875,1150166,APTUS.BO
2024-11-27,309.86604982926656,315.0263612517061,309.2706246213567,313.93475341796875,27785,APTUS.BO
2024-11-28,316.5645027883283,322.36984533838506,313.58740715082047,314.48052978515625,62479,APTUS.BO
2024-11-29,317.20955144583576,320.0874046623679,313.9347581795379,317.6561279296875,13730,APTUS.BO
2024-12-02,320.4843576508891,320.4843576508891,312.29734464367215,317.30877685546875,57050,APTUS.BO
2024-12-03,318.74773196540224,325.29731841961643,316.5645162909414,319.7897033691406,42970,APTUS.BO
2024-12-04,326.33932437043075,326.33932437043075,318.0530683274477,320.5835876464844,19800,APTUS.BO
2024-12-05,321.7248094807268,323.85838860067275,318.00343998619917,319.243896484375,39790,APTUS.BO
2024-12-06,321.476721424393,325.2476971030591,318.54923194533023,322.66754150390625,50270,APTUS.BO
2024-12-09,326.14082791586424,327.0835870014735,316.9118433586285,318.4996337890625,13186,APTUS.BO
2024-12-10,315.57215691619666,316.564522189518,309.8660565945988,312.3965759277344,44251,APTUS.BO
2024-12-11,312.49580353726213,313.48816876302965,308.6751913611407,309.6179504394531,42228,APTUS.BO
2024-12-12,309.5187095066432,309.6179520866646,306.3431589380429,307.0874328613281,54165,APTUS.BO
2024-12-13,306.64084924732055,309.4690961468095,305.15230143544034,305.7973327636719,52470,APTUS.BO
2024-12-16,305.6484803661716,309.8660324491464,304.65611517017754,307.930908203125,59397,APTUS.BO
2024-12-17,311.801156336045,311.801156336045,303.6637496244331,307.8316955566406,43790,APTUS.BO
2024-12-18,307.6332135092726,309.5683377725995,304.55687531726335,305.598876953125,21138,APTUS.BO
2024-12-19,302.0263740506349,307.7324743166572,299.2477331416473,306.1446838378906,48232,APTUS.BO
2024-12-20,307.6828402338354,308.972933257197,299.04928054480644,300.8851623535156,50259,APTUS.BO
2024-12-23,306.9881874881343,310.5110719124644,305.4500032232568,309.4194641113281,22180,APTUS.BO
2024-12-24,310.2629722893294,310.2629722893294,301.1332306622683,302.2744445800781,2726699,APTUS.BO
2024-12-26,306.8393346528231,306.8393346528231,299.09886785398766,300.2400817871094,37495,APTUS.BO
2024-12-27,300.28971516007874,303.41565947882304,298.90040993892376,299.6446838378906,50918,APTUS.BO
2024-12-30,299.44621907621877,301.18285829207093,287.5874420312804,289.27447509765625,77113,APTUS.BO
2024-12-31,288.2325081036905,292.9462431904587,285.99968622048453,287.2401428222656,54501,APTUS.BO
2025-01-01,290.71340169002036,291.55688789464534,286.64469825381593,289.3240661621094,29882,APTUS.BO
2025-01-02,289.32406398331506,298.7019273031782,289.32406398331506,297.3126220703125,1069362,APTUS.BO
2025-01-03,296.8660615819199,298.4538520554242,293.98820838377196,294.63323974609375,24309,APTUS.BO
2025-01-06,294.6332331925049,296.02253846919945,284.1141556096742,284.9576721191406,57061,APTUS.BO
2025-01-07,286.8431660319891,292.69814528840715,286.2477711041904,291.7057800292969,13159,APTUS.BO
2025-01-08,291.80499112728216,293.2935390098248,284.858434342083,288.6790466308594,45704,APTUS.BO
2025-01-09,287.8851676746227,287.93477382373584,285.3050119444689,286.0492858886719,6696,APTUS.BO
2025-01-10,287.73632892076967,287.73632892076967,276.9195229955825,279.350830078125,46787,APTUS.BO
2025-01-13,276.47294960818454,278.55692257629147,266.94623767154025,268.73248291015625,20438,APTUS.BO
2025-01-14,267.9882308473903,276.3737295489759,267.9882308473903,272.80120849609375,9006,APTUS.BO
2025-01-15,275.13325365527874,281.5340213545998,268.38518236115544,274.8851623535156,60111,APTUS.BO
2025-01-16,280.04547733357185,291.0111009060537,277.9615043136451,289.6217956542969,39625,APTUS.BO
2025-01-17,293.6408605438389,295.2782570887853,287.43857796102475,289.224853515625,10379,APTUS.BO
2025-01-20,289.22485830722616,291.65613494921865,286.9424001081872,290.11798095703125,29274,APTUS.BO
2025-01-21,293.9881948668315,293.9881948668315,285.6523331199291,286.495849609375,29406,APTUS.BO
2025-01-22,286.7935526353146,286.7935526353146,273.5454707040676,276.27447509765625,13954,APTUS.BO
2025-01-23,275.9767923165394,285.45386869166396,273.44624266444333,284.7095947265625,22429,APTUS.BO
2025-01-24,282.2286704857767,286.7935566836794,277.9118755998841,279.7973937988281,24045,APTUS.BO
2025-01-27,282.1790703181865,282.1790703181865,267.93862265005373,269.5760192871094,10518,APTUS.BO
2025-01-28,269.92334045556663,277.21723089611714,265.7057882609484,275.6790466308594,6153,APTUS.BO
2025-01-29,275.87753003730796,289.3240665997536,275.1828622723017,286.5950622558594,24615,APTUS.BO
2025-01-30,292.1523086089137,295.4767380833932,286.4462087130967,294.0874328613281,52073,APTUS.BO
2025-01-31,295.724849688338,301.6790412928012,289.5721729165588,300.6866760253906,22279,APTUS.BO
2025-02-01,302.6714120133712,319.29353054197435,300.0912562147008,315.91949462890625,114106,APTUS.BO
2025-02-03,307.7324641817923,315.4232947218368,306.88894767854816,312.743896484375,43639,APTUS.BO
2025-02-04,312.8431424787772,319.54160786095565,309.12177282201145,318.9958190917969,58475,APTUS.BO
2025-02-05,319.09504354834326,322.51871587687015,315.373673749764,321.27825927734375,61153,APTUS.BO
2025-02-06,321.52632831686117,326.2400630684201,315.8698345011573,325.59503173828125,55369,APTUS.BO
2025-02-07,325.84314022926293,329.465267383033,320.236282549089,325.9423828125,45724,APTUS.BO
2025-02-10,321.8240471654412,321.8240471654412,313.6866700661025,318.2515563964844,44889,APTUS.BO
2025-02-11,312.6942873248317,318.94617610591393,303.96145520562845,317.8049621582031,22627,APTUS.BO
2025-02-12,319.54161489724726,319.54161489724726,301.18285751961037,306.1446838378906,51528,APTUS.BO
2025-02-13,314.5301610132051,314.5301610132051,299.0988640433225,305.1026916503906,22813,APTUS.BO
2025-02-14,299.24773966744937,304.06071735805637,292.94624433348207,296.0225524902344,34461,APTUS.BO
2025-02-17,287.73631939820604,301.23246271345096,287.73631939820604,300.28973388671875,17009,APTUS.BO
2025-02-18,302.67139362018196,305.4003979888885,292.995832676586,303.9614562988281,31357,APTUS.BO
2025-02-19,304.60651471581315,304.60651471581315,297.31262433205325,300.5378112792969,31685,APTUS.BO
2025-02-20,297.8088133262603,301.6790316890384,296.2210228920328,298.9004211425781,18624,APTUS.BO
2025-02-21,297.4614809456947,302.0263671105354,296.86605574426613,299.1981201171875,15304,APTUS.BO
2025-02-24,304.60651791110706,304.60651791110706,295.72483703400417,298.30499267578125,19454,APTUS.BO
2025-02-25,298.25537576831005,306.5416319959671,292.8966092597186,301.97674560546875,21211,APTUS.BO
2025-02-27,301.9271157743726,303.812603620402,297.0645322921128,297.6103210449219,7986,APTUS.BO
2025-02-28,297.75917741483994,309.61795411746743,297.4118738093623,304.6561279296875,17083,APTUS.BO
2025-03-03,305.35078826812406,312.9919822403319,294.8317109494737,308.92327880859375,23756,APTUS.BO
2025-03-04,307.6332153064841,308.8736718198167,299.19811101582246,300.3393249511719,13079,APTUS.BO
2025-03-05,299.69430811949456,304.0111030516426,298.15615408238386,303.01873779296875,9238,APTUS.BO
2025-03-06,300.68665362578895,304.85459955225656,300.68665362578895,302.1752014160156,16801,APTUS.BO
2025-03-07,302.6713964309044,303.3660642086776,299.4462094197554,301.6294250488281,24039,APTUS.BO
2025-03-10,301.43094198591973,304.2591889799883,299.99200027248264,302.0263671875,29952,APTUS.BO
2025-03-11,303.6637706667609,307.5339891379498,297.01491128669414,303.3164367675781,17607,APTUS.BO
2025-03-12,303.31643910710625,303.31643910710625,296.7668222597998,298.0569152832031,29527,APTUS.BO
2025-03-13,298.35458895488534,298.5034376767873,292.4500342325024,293.69049072265625,49114,APTUS.BO
2025-03-17,297.6103289945212,297.6103289945212,286.3469774796724,287.7859191894531,20527,APTUS.BO
2025-03-18,294.2858901883495,305.8469690841001,291.15994584144926,300.140869140625,33641,APTUS.BO
2025-03-19,299.7439207513502,302.22483395169104,297.4118865706977,298.5531005859375,16567,APTUS.BO
2025-03-20,299.4461967231372,300.835501935193,293.1446716962392,293.69049072265625,10746,APTUS.BO
2025-03-21,297.61032444739146,303.1675757554723,293.4920148271061,301.03399658203125,23179,APTUS.BO
2025-03-24,299.69429053035225,308.7248199111966,297.75916627567756,302.5721435546875,13282,APTUS.BO
2025-03-25,304.2095617844987,312.59506044030263,297.80882395575765,300.8851623535156,35623,APTUS.BO
2025-03-26,299.94238322008033,302.1752049313961,295.72483109870615,297.21337890625,8945,APTUS.BO
2025-03-27,296.7172220419489,298.35461871536364,294.186702663452,296.3202819824219,58022,APTUS.BO
2025-03-28,296.3202631615607,300.8355128354907,291.0111031344168,292.84698486328125,18455,APTUS.BO
2025-04-01,290.9615038558841,297.6599693035609,290.9615038558841,296.9653015136719,27235,APTUS.BO
2025-04-02,298.70193095080094,300.6866613890123,288.97676391739884,298.00726318359375,16056,APTUS.BO
2025-04-03,294.28588846178417,300.4385648263972,294.28588846178417,299.8431396484375,8910,APTUS.BO
2025-04-04,299.64468149925773,300.43856153812675,292.8965800305422,296.41949462890625,41365,APTUS.BO
2025-04-07,287.73630734933084,294.38513614556786,280.6905082378461,292.3507995605469,23800,APTUS.BO
2025-04-08,291.7553869445286,305.1027118284437,291.7553869445286,303.2171936035156,59079,APTUS.BO
2025-04-09,305.4996499301961,305.4996499301961,294.732480852246,297.1637878417969,13320,APTUS.BO
2025-04-11,312.5950552435824,312.5950552435824,294.18669188196066,299.99200439453125,14186,APTUS.BO
2025-04-15,302.67139237105613,311.05689060139895,302.67139237105613,309.32025146484375,19255,APTUS.BO
2025-04-16,309.71720466339207,318.74773461431386,308.1790203348713,317.4576416015625,63258,APTUS.BO
2025-04-17,317.5568862682606,321.5263473466139,315.5225495794384,320.6828308105469,13517,APTUS.BO
2025-04-21,322.1713821774711,333.3851280150897,320.434742937027,332.6904602050781,24488,APTUS.BO
2025-04-22,328.4728861945763,338.9423270999358,326.0415793037742,334.2782287597656,54975,APTUS.BO
2025-04-23,334.57593629256974,338.59503370554285,329.36601875635495,333.3354797363281,22828,APTUS.BO
2025-04-24,338.09885006205843,338.09885006205843,329.26677518062206,330.30877685546875,15082,APTUS.BO
2025-04-25,329.46525746737075,334.427083634048,320.6828190954353,324.1560974121094,63266,APTUS.BO
2025-04-28,324.1561134227676,330.6064877580437,322.76680808439437,324.3049621582031,11143,APTUS.BO
2025-04-29,325.4957912683124,329.01867567582826,324.2553347467106,325.9919738769531,24299,APTUS.BO
2025-04-30,324.8011308533068,326.2400725647643,314.9767210367903,316.0683288574219,39461,APTUS.BO
2025-05-02,314.62937982761883,320.7324501377326,312.09886063897386,317.50726318359375,8971,APTUS.BO
2025-05-05,320.4347203667179,325.24769769385625,316.0683194980724,322.76678466796875,31428,APTUS.BO
2025-05-06,326.984338737219,326.984338737219,312.9919831319115,314.67901611328125,32525,APTUS.BO
2025-05-07,293.04543830932124,323.1637288916112,293.04543830932124,317.9042053222656,18830,APTUS.BO
2025-05-08,318.4996221999368,329.3163967940206,315.2744353085836,321.972900390625,52198,APTUS.BO
2025-05-09,308.7744355604811,318.0530565269998,308.7744355604811,312.743896484375,19011,APTUS.BO
2025-05-12,326.33932164946503,326.33932164946503,318.59885445447276,320.08740234375,33146,APTUS.BO
2025-05-13,320.0377990975108,320.5339817317705,315.12557890450586,317.75537109375,39927,APTUS.BO
2025-05-14,321.97290113757583,321.97290113757583,314.48052570953166,319.3431091308594,20243,APTUS.BO
2025-05-15,319.34312433445166,327.0339549978271,318.8469417110081,324.95001220703125,67799,APTUS.BO
2025-05-16,325.3500061035156,328.1499938964844,322.6000061035156,326.3999938964844,13099,APTUS.BO
2025-05-19,329.0,335.0,325.8500061035156,330.54998779296875,21867,APTUS.BO
2025-05-20,334.6000061035156,334.6000061035156,325.0,327.6499938964844,25408,APTUS.BO
2025-05-21,328.04998779296875,333.95001220703125,327.29998779296875,330.20001220703125,66287,APTUS.BO
2025-05-22,332.0,340.0,327.0,336.1499938964844,13229,APTUS.BO
2025-05-23,339.95001220703125,341.0,332.8500061035156,335.0,15097,APTUS.BO
2025-05-26,335.0,348.75,335.0,343.8999938964844,26463,APTUS.BO
2025-05-27,343.04998779296875,348.0,341.5,343.5,41183,APTUS.BO
2025-05-28,346.54998779296875,348.0,339.25,339.8500061035156,39220,APTUS.BO
2025-05-29,340.0,340.0,332.04998779296875,333.25,31569,APTUS.BO
2025-05-30,334.79998779296875,343.0,329.54998779296875,340.0,26010,APTUS.BO
2025-06-02,338.5,340.5,333.29998779296875,338.75,16734,APTUS.BO
2025-06-03,315.1000061035156,333.20001220703125,305.0,306.95001220703125,15506890,APTUS.BO
2025-06-04,308.04998779296875,312.8500061035156,303.1499938964844,307.8500061035156,230136,APTUS.BO
2025-06-05,308.3999938964844,310.20001220703125,303.6000061035156,307.70001220703125,186755,APTUS.BO
2025-06-06,307.0,318.95001220703125,305.3500061035156,316.3999938964844,890846,APTUS.BO
2025-06-09,321.8999938964844,329.79998779296875,320.29998779296875,328.54998779296875,187628,APTUS.BO
2025-06-10,330.0,334.1000061035156,326.3999938964844,329.95001220703125,192209,APTUS.BO
2025-06-11,332.45001220703125,332.45001220703125,321.04998779296875,324.0,62355,APTUS.BO
2025-06-12,324.04998779296875,326.54998779296875,318.3999938964844,320.29998779296875,56046,APTUS.BO
2025-06-13,316.0,320.29998779296875,310.95001220703125,319.79998779296875,56655,APTUS.BO
2025-06-16,319.54998779296875,324.29998779296875,312.54998779296875,320.45001220703125,68675,APTUS.BO
2025-06-17,322.0,323.29998779296875,315.70001220703125,317.8500061035156,18316,APTUS.BO
2025-06-18,317.04998779296875,323.25,316.54998779296875,317.25,11721,APTUS.BO
2025-06-19,317.5,319.1499938964844,308.75,310.29998779296875,56664,APTUS.BO
2025-06-20,310.3999938964844,318.0,310.1499938964844,314.8500061035156,44639,APTUS.BO
2025-06-23,312.0,314.8999938964844,309.70001220703125,314.3500061035156,7619,APTUS.BO
2025-06-24,318.0,324.6499938964844,315.1499938964844,323.29998779296875,73762,APTUS.BO
2025-06-25,325.95001220703125,326.3999938964844,320.45001220703125,322.25,15951,APTUS.BO
2025-06-26,322.6499938964844,322.8999938964844,316.95001220703125,320.6000061035156,19374,APTUS.BO
2025-06-27,320.04998779296875,321.1499938964844,317.0,318.6000061035156,15711,APTUS.BO
2025-06-30,319.95001220703125,326.1499938964844,318.6000061035156,323.95001220703125,54577,APTUS.BO
2025-07-01,321.70001220703125,324.8500061035156,319.5,319.95001220703125,20646,APTUS.BO
2025-07-02,320.1499938964844,324.0,319.5,323.1499938964844,22168,APTUS.BO
2025-07-03,325.1499938964844,325.1499938964844,320.04998779296875,322.70001220703125,56998,APTUS.BO
2025-07-04,320.1499938964844,324.95001220703125,317.6499938964844,322.8500061035156,66815,APTUS.BO
2025-07-07,325.0,329.8999938964844,320.20001220703125,328.04998779296875,108196,APTUS.BO
2025-07-08,331.75,336.75,326.8500061035156,335.1000061035156,80685,APTUS.BO
2025-07-09,336.6000061035156,342.0,332.95001220703125,340.54998779296875,141421,APTUS.BO
2025-07-10,343.95001220703125,347.79998779296875,340.04998779296875,343.8500061035156,300733,APTUS.BO
2025-07-11,348.0,352.79998779296875,343.04998779296875,347.6499938964844,49348,APTUS.BO
2025-07-14,349.95001220703125,349.95001220703125,340.25,345.0,28895,APTUS.BO
2025-07-15,348.5,348.5,342.95001220703125,345.75,224946,APTUS.BO
2025-07-16,343.8999938964844,347.75,333.3500061035156,341.20001220703125,41791,APTUS.BO
2025-07-17,336.0,346.45001220703125,336.0,344.5,35901,APTUS.BO
2025-07-18,346.20001220703125,352.70001220703125,343.8500061035156,351.25,42733,APTUS.BO
2025-07-21,352.25,352.95001220703125,345.79998779296875,352.3500061035156,60279,APTUS.BO
2025-07-22,353.0,353.0,344.95001220703125,346.3500061035156,41047,APTUS.BO
2025-07-23,353.95001220703125,353.95001220703125,345.29998779296875,350.1499938964844,26282,APTUS.BO
2025-07-24,353.3500061035156,355.1499938964844,346.0,354.29998779296875,28622,APTUS.BO
2025-07-25,353.04998779296875,353.04998779296875,337.3999938964844,348.75,77812,APTUS.BO
2025-07-28,347.20001220703125,348.20001220703125,336.6000061035156,339.20001220703125,28817,APTUS.BO
2025-07-29,335.04998779296875,340.1000061035156,324.6000061035156,331.0,38985,APTUS.BO
2025-07-30,332.04998779296875,340.3500061035156,331.25,334.3500061035156,50857,APTUS.BO
2025-07-31,328.3999938964844,345.20001220703125,319.8999938964844,327.6000061035156,67901,APTUS.BO
2025-08-01,329.8500061035156,353.25,329.8500061035156,338.25,102810,APTUS.BO
2025-08-04,338.29998779296875,351.8500061035156,338.29998779296875,350.95001220703125,33143,APTUS.BO
2025-08-05,350.0,352.25,340.8999938964844,342.79998779296875,50392,APTUS.BO
2025-08-06,341.70001220703125,348.0,341.04998779296875,346.20001220703125,40979,APTUS.BO
2025-08-07,345.79998779296875,348.45001220703125,336.79998779296875,339.6499938964844,47219,APTUS.BO
2025-08-08,338.95001220703125,341.3500061035156,333.0,333.95001220703125,15025,APTUS.BO
2025-08-11,331.3999938964844,335.6499938964844,331.29998779296875,334.79998779296875,9795,APTUS.BO
2025-08-12,335.6000061035156,345.5,333.1499938964844,344.3500061035156,40716,APTUS.BO
2025-08-13,345.0,348.54998779296875,340.75,345.20001220703125,18582,APTUS.BO
2025-08-14,346.25,359.0,346.25,356.04998779296875,130715,APTUS.BO
2025-08-18,358.3999938964844,363.75,355.8999938964844,359.1499938964844,78973,APTUS.BO
2025-08-19,358.8500061035156,361.6499938964844,354.1000061035156,354.6499938964844,17050,APTUS.BO
2025-08-20,355.0,357.6000061035156,352.45001220703125,354.79998779296875,15657,APTUS.BO
2025-08-21,364.8500061035156,364.8500061035156,353.25,354.8999938964844,9533,APTUS.BO
2025-08-22,352.20001220703125,356.70001220703125,344.3999938964844,345.8500061035156,14734,APTUS.BO
2025-08-25,349.3500061035156,349.3500061035156,335.29998779296875,337.3999938964844,16088,APTUS.BO
2025-08-26,335.0,340.0,332.04998779296875,336.1499938964844,51451,APTUS.BO
2025-08-28,331.54998779296875,332.79998779296875,322.8500061035156,324.8500061035156,64173,APTUS.BO
2025-08-29,322.75,324.75,315.0,317.95001220703125,66373,APTUS.BO
2025-09-01,316.1000061035156,322.75,316.1000061035156,318.8500061035156,44107,APTUS.BO
2025-09-02,323.5,327.0,316.1499938964844,324.3999938964844,91483,APTUS.BO
2025-09-03,328.54998779296875,333.8999938964844,323.8999938964844,331.95001220703125,114962,APTUS.BO
2025-09-04,340.5,345.0,324.8999938964844,328.1499938964844,3934809,APTUS.BO
2025-09-05,335.70001220703125,340.0,329.25,338.1499938964844,199867,APTUS.BO
2025-09-08,339.1499938964844,346.45001220703125,338.0,344.75,173142,APTUS.BO
2025-09-09,340.29998779296875,353.3999938964844,337.20001220703125,348.95001220703125,189971,APTUS.BO
2025-09-10,351.6499938964844,351.6499938964844,339.5,340.6000061035156,72952,APTUS.BO
2025-09-11,341.0,343.3999938964844,337.04998779296875,338.1000061035156,39984,APTUS.BO
2025-09-12,338.3500061035156,340.79998779296875,330.3500061035156,332.0,51413,APTUS.BO
2025-09-15,331.5,338.5,331.5,334.75,41213,APTUS.BO
2025-09-16,335.1000061035156,336.25,332.8999938964844,334.3999938964844,44240,APTUS.BO
2025-09-17,334.45001220703125,336.25,328.0,328.8999938964844,53355,APTUS.BO
2025-09-18,328.95001220703125,331.1499938964844,326.70001220703125,329.8500061035156,46513,APTUS.BO
2025-09-19,331.8999938964844,334.1499938964844,328.8500061035156,332.3999938964844,81413,APTUS.BO
2025-09-22,330.95001220703125,330.95001220703125,322.1499938964844,322.8500061035156,31831,APTUS.BO
2025-09-23,322.6499938964844,324.70001220703125,320.6499938964844,323.6000061035156,14496,APTUS.BO
2025-09-24,324.0,325.75,320.20001220703125,320.70001220703125,29482,APTUS.BO
2025-09-25,320.0,326.0,314.54998779296875,318.0,95882,APTUS.BO
2025-09-26,316.20001220703125,316.6499938964844,308.0,314.20001220703125,90870,APTUS.BO
2025-09-29,315.3500061035156,322.0,308.8999938964844,318.0,59608,APTUS.BO
