Date,Open,High,Low,Close,Volume,Stock
,CLEAN.BO,CLEAN.BO,CLEAN.BO,CLEAN.BO,CLEAN.BO,
2021-07-19,1784.4000244140625,1784.4000244140625,1555.050048828125,1585.199951171875,1087103,CLEAN.BO
2021-07-20,1590.0,1760.0,1577.0,1738.449951171875,414520,CLEAN.BO
2021-07-22,1754.800048828125,1778.3499755859375,1672.0,1694.449951171875,192038,CLEAN.BO
2021-07-23,1701.0,1705.050048828125,1605.0,1634.25,58726,CLEAN.BO
2021-07-26,1634.25,1687.699951171875,1620.0,1652.300048828125,44703,CLEAN.BO
2021-07-27,1658.0,1714.9000244140625,1620.0999755859375,1677.0999755859375,41994,CLEAN.BO
2021-07-28,1677.0,1677.0999755859375,1629.0,1634.550048828125,27633,CLEAN.BO
2021-07-29,1645.0,1651.5999755859375,1601.0,1622.4000244140625,22754,CLEAN.BO
2021-07-30,1625.050048828125,1725.0,1625.050048828125,1682.800048828125,60318,CLEAN.BO
2021-08-02,1683.0,1710.0,1660.0,1666.0,36656,CLEAN.BO
2021-08-03,1667.0,1706.0,1667.0,1671.949951171875,14762,CLEAN.BO
2021-08-04,1680.050048828125,1683.449951171875,1640.0,1646.5,12418,CLEAN.BO
2021-08-05,1646.0,1652.199951171875,1601.6500244140625,1636.949951171875,36884,CLEAN.BO
2021-08-06,1636.0,1678.5,1624.9000244140625,1656.3499755859375,62038,CLEAN.BO
2021-08-09,1660.0,1679.5,1577.199951171875,1602.050048828125,47637,CLEAN.BO
2021-08-10,1626.550048828125,1629.449951171875,1510.0,1520.199951171875,87902,CLEAN.BO
2021-08-11,1548.0,1594.0999755859375,1436.6500244140625,1573.5999755859375,38276,CLEAN.BO
2021-08-12,1575.050048828125,1598.0,1558.800048828125,1577.8499755859375,12589,CLEAN.BO
2021-08-13,1586.0,1635.0,1570.25,1611.800048828125,148875,CLEAN.BO
2021-08-16,1611.0,1620.75,1518.050048828125,1531.3499755859375,135754,CLEAN.BO
2021-08-17,1547.0,1552.6500244140625,1490.550048828125,1498.0,154526,CLEAN.BO
2021-08-18,1519.0,1593.0,1470.5999755859375,1564.5,400631,CLEAN.BO
2021-08-20,1556.0,1597.050048828125,1526.050048828125,1541.6500244140625,64265,CLEAN.BO
2021-08-23,1549.949951171875,1569.8499755859375,1467.800048828125,1487.050048828125,171709,CLEAN.BO
2021-08-24,1491.949951171875,1491.949951171875,1447.0,1462.8499755859375,98497,CLEAN.BO
2021-08-25,1473.0,1489.9000244140625,1451.800048828125,1458.0999755859375,288863,CLEAN.BO
2021-08-26,1462.4000244140625,1463.8499755859375,1422.9000244140625,1429.9000244140625,215813,CLEAN.BO
2021-08-27,1432.0,1454.0,1424.300048828125,1438.050048828125,116367,CLEAN.BO
2021-08-30,1472.0,1568.0,1455.199951171875,1468.050048828125,93017,CLEAN.BO
2021-08-31,1481.0,1532.949951171875,1461.5999755859375,1521.25,192001,CLEAN.BO
2021-09-01,1529.9000244140625,1543.449951171875,1489.5,1499.449951171875,93870,CLEAN.BO
2021-09-02,1500.0,1578.0,1500.0,1561.6500244140625,119297,CLEAN.BO
2021-09-03,1577.0,1648.5,1575.4000244140625,1619.550048828125,108383,CLEAN.BO
2021-09-06,1630.0,1680.0,1622.5,1653.1500244140625,50689,CLEAN.BO
2021-09-07,1662.5999755859375,1669.8499755859375,1595.050048828125,1617.050048828125,58833,CLEAN.BO
2021-09-08,1617.5,1630.4000244140625,1592.050048828125,1613.25,18422,CLEAN.BO
2021-09-09,1621.9000244140625,1678.1500244140625,1595.0,1655.550048828125,38876,CLEAN.BO
2021-09-13,1662.0,1705.699951171875,1647.9000244140625,1672.0,22016,CLEAN.BO
2021-09-14,1670.0,1705.699951171875,1670.0,1698.1500244140625,49952,CLEAN.BO
2021-09-15,1705.0,1848.550048828125,1700.1500244140625,1817.5999755859375,108702,CLEAN.BO
2021-09-16,1842.0,1965.0,1837.0999755859375,1946.25,160571,CLEAN.BO
2021-09-17,1968.4000244140625,1984.0,1848.0,1881.25,62151,CLEAN.BO
2021-09-20,1873.9000244140625,1987.75,1809.699951171875,1926.449951171875,59873,CLEAN.BO
2021-09-21,1939.0,2128.5,1881.0,2103.199951171875,136858,CLEAN.BO
2021-09-22,2129.0,2182.0,2080.0,2115.5,128088,CLEAN.BO
2021-09-23,2149.75,2215.0,2097.10009765625,2122.60009765625,49234,CLEAN.BO
2021-09-24,2135.0,2146.199951171875,2028.8499755859375,2049.5,68617,CLEAN.BO
2021-09-27,2070.0,2070.0,1968.75,1997.050048828125,35539,CLEAN.BO
2021-09-28,1997.050048828125,2082.0,1985.25,2028.949951171875,82479,CLEAN.BO
2021-09-29,2001.0,2059.0,1997.5,2005.699951171875,43449,CLEAN.BO
2021-09-30,2019.0,2060.0,1999.0,2046.800048828125,37233,CLEAN.BO
2021-10-01,2036.0,2127.0,2020.800048828125,2100.949951171875,46408,CLEAN.BO
2021-10-04,2111.050048828125,2166.949951171875,2107.0,2138.75,46553,CLEAN.BO
2021-10-05,2120.0,2158.050048828125,2101.85009765625,2133.60009765625,32093,CLEAN.BO
2021-10-06,2138.0,2243.89990234375,2108.0,2223.300048828125,63703,CLEAN.BO
2021-10-07,2259.800048828125,2268.0,2190.0,2203.60009765625,30305,CLEAN.BO
2021-10-08,2215.300048828125,2303.14990234375,2203.64990234375,2259.449951171875,68393,CLEAN.BO
2021-10-11,2275.0,2353.550048828125,2255.25,2310.25,38132,CLEAN.BO
2021-10-12,2311.050048828125,2314.0,2266.0,2279.199951171875,20330,CLEAN.BO
2021-10-13,2299.0,2299.0,2186.64990234375,2209.35009765625,26442,CLEAN.BO
2021-10-14,2211.0,2231.449951171875,2139.89990234375,2145.949951171875,40400,CLEAN.BO
2021-10-18,2190.0,2199.0,2143.85009765625,2160.050048828125,14927,CLEAN.BO
2021-10-19,2165.0,2205.550048828125,2069.050048828125,2128.050048828125,28255,CLEAN.BO
2021-10-20,2125.0,2125.0,1991.800048828125,2021.4000244140625,65415,CLEAN.BO
2021-10-21,2049.89990234375,2058.699951171875,1954.550048828125,2022.699951171875,17075,CLEAN.BO
2021-10-22,2027.0,2089.35009765625,2006.5999755859375,2029.6500244140625,11446,CLEAN.BO
2021-10-25,2030.0,2057.699951171875,1920.6500244140625,1933.75,22889,CLEAN.BO
2021-10-26,1949.0,2027.0,1941.6500244140625,2010.699951171875,26871,CLEAN.BO
2021-10-27,2039.699951171875,2162.14990234375,2018.3499755859375,2116.25,50071,CLEAN.BO
2021-10-28,2155.0,2192.35009765625,2075.25,2096.64990234375,22207,CLEAN.BO
2021-10-29,2095.0,2131.300048828125,2005.0,2076.050048828125,19202,CLEAN.BO
2021-11-01,2105.0,2120.949951171875,2052.75,2066.10009765625,17840,CLEAN.BO
2021-11-02,2063.0,2100.0,2048.300048828125,2061.550048828125,7685,CLEAN.BO
2021-11-03,2070.0,2074.949951171875,2012.0,2023.3499755859375,10058,CLEAN.BO
2021-11-04,2040.0,2078.0,2030.8499755859375,2069.300048828125,9287,CLEAN.BO
2021-11-08,2071.949951171875,2150.0,2068.050048828125,2112.75,16422,CLEAN.BO
2021-11-09,2140.0,2141.949951171875,2116.0,2123.0,19943,CLEAN.BO
2021-11-10,2128.0,2128.0,2068.050048828125,2081.85009765625,8045,CLEAN.BO
2021-11-11,2071.10009765625,2080.14990234375,1988.8499755859375,2013.4000244140625,19721,CLEAN.BO
2021-11-12,2015.199951171875,2049.0,1925.0,2018.800048828125,35223,CLEAN.BO
2021-11-15,2019.0999755859375,2048.0,2012.0,2026.550048828125,24847,CLEAN.BO
2021-11-16,2027.0,2145.10009765625,2018.199951171875,2139.14990234375,32939,CLEAN.BO
2021-11-17,2139.14990234375,2221.10009765625,2139.14990234375,2198.64990234375,79621,CLEAN.BO
2021-11-18,2198.64990234375,2224.75,2105.0,2137.5,27921,CLEAN.BO
2021-11-22,2150.0,2161.89990234375,2038.449951171875,2086.75,20411,CLEAN.BO
2021-11-23,2089.800048828125,2153.199951171875,2050.449951171875,2118.10009765625,14119,CLEAN.BO
2021-11-24,2125.0,2156.0,2090.0,2123.949951171875,24503,CLEAN.BO
2021-11-25,2130.0,2240.0,2124.949951171875,2206.75,31686,CLEAN.BO
2021-11-26,2199.0,2199.0,2109.0,2122.300048828125,20225,CLEAN.BO
2021-11-29,2088.0,2099.14990234375,1960.0,2009.0,26640,CLEAN.BO
2021-11-30,2025.0,2150.0,2025.0,2140.050048828125,22786,CLEAN.BO
2021-12-01,2152.39990234375,2192.0,2086.5,2182.800048828125,36603,CLEAN.BO
2021-12-02,2195.0,2330.0,2120.0,2305.75,101781,CLEAN.BO
2021-12-03,2325.0,2499.949951171875,2325.0,2470.199951171875,75966,CLEAN.BO
2021-12-06,2499.89990234375,2659.449951171875,2471.0,2509.64990234375,56695,CLEAN.BO
2021-12-07,2550.0,2619.10009765625,2515.60009765625,2566.64990234375,45132,CLEAN.BO
2021-12-08,2580.0,2624.0,2514.14990234375,2542.050048828125,21008,CLEAN.BO
2021-12-09,2526.300048828125,2624.0,2526.300048828125,2540.85009765625,17917,CLEAN.BO
2021-12-10,2535.39990234375,2558.25,2425.949951171875,2448.35009765625,43175,CLEAN.BO
2021-12-13,2490.0,2518.10009765625,2435.0,2463.800048828125,19523,CLEAN.BO
2021-12-14,2475.0,2495.0,2430.35009765625,2442.5,8475,CLEAN.BO
2021-12-15,2448.300048828125,2448.300048828125,2390.050048828125,2404.14990234375,11391,CLEAN.BO
2021-12-16,2560.0,2560.0,2364.85009765625,2398.35009765625,7699,CLEAN.BO
2021-12-17,2396.0,2484.800048828125,2340.949951171875,2383.89990234375,34381,CLEAN.BO
2021-12-20,2362.0,2362.0,2254.89990234375,2302.25,14676,CLEAN.BO
2021-12-21,2320.0,2390.14990234375,2261.0,2277.949951171875,27936,CLEAN.BO
2021-12-22,2268.0,2470.0,2268.0,2449.60009765625,37489,CLEAN.BO
2021-12-23,2489.699951171875,2512.75,2421.949951171875,2441.300048828125,29471,CLEAN.BO
2021-12-24,2423.39990234375,2453.10009765625,2392.0,2400.14990234375,6121,CLEAN.BO
2021-12-27,2400.14990234375,2503.199951171875,2352.64990234375,2481.64990234375,16043,CLEAN.BO
2021-12-28,2500.050048828125,2524.0,2458.75,2475.199951171875,22821,CLEAN.BO
2021-12-29,2465.449951171875,2486.0,2407.699951171875,2439.050048828125,15782,CLEAN.BO
2021-12-30,2450.0,2504.0,2422.050048828125,2431.449951171875,6756,CLEAN.BO
2021-12-31,2447.14990234375,2537.25,2438.5,2497.949951171875,15883,CLEAN.BO
2022-01-03,2472.10009765625,2526.25,2469.35009765625,2481.0,16179,CLEAN.BO
2022-01-04,2509.0,2698.25,2472.0,2656.25,46297,CLEAN.BO
2022-01-05,2673.0,2694.10009765625,2563.199951171875,2605.75,20420,CLEAN.BO
2022-01-06,2580.0,2643.800048828125,2552.550048828125,2621.89990234375,30931,CLEAN.BO
2022-01-07,2658.0,2658.0,2580.0,2595.89990234375,10114,CLEAN.BO
2022-01-10,2586.5,2612.800048828125,2559.10009765625,2567.050048828125,13328,CLEAN.BO
2022-01-11,2560.39990234375,2579.949951171875,2504.0,2511.75,19453,CLEAN.BO
2022-01-12,2525.0,2606.75,2523.5,2539.699951171875,20845,CLEAN.BO
2022-01-13,2624.0,2624.0,2516.699951171875,2533.300048828125,5302,CLEAN.BO
2022-01-14,2522.0,2572.050048828125,2522.0,2543.85009765625,8431,CLEAN.BO
2022-01-17,2540.0,2585.0,2521.85009765625,2534.0,14325,CLEAN.BO
2022-01-18,2541.0,2550.050048828125,2423.35009765625,2434.699951171875,12684,CLEAN.BO
2022-01-19,2437.0,2437.0,2341.14990234375,2412.14990234375,14675,CLEAN.BO
2022-01-20,2450.0,2467.85009765625,2414.75,2430.699951171875,5220,CLEAN.BO
2022-01-21,2424.0,2460.0,2360.0,2383.89990234375,9090,CLEAN.BO
2022-01-24,2379.0,2390.0,2195.89990234375,2226.699951171875,55681,CLEAN.BO
2022-01-25,2156.60009765625,2318.85009765625,2121.050048828125,2306.64990234375,31802,CLEAN.BO
2022-01-27,2307.0,2328.0,2229.550048828125,2285.5,10712,CLEAN.BO
2022-01-28,2280.0,2355.64990234375,2270.0,2279.39990234375,15949,CLEAN.BO
2022-01-31,2333.0,2333.0,2220.0,2226.64990234375,6196,CLEAN.BO
2022-02-01,2279.949951171875,2279.949951171875,2216.64990234375,2243.75,6087,CLEAN.BO
2022-02-02,2270.0,2337.449951171875,2262.050048828125,2305.0,7504,CLEAN.BO
2022-02-03,2297.550048828125,2314.89990234375,2279.75,2292.699951171875,3017,CLEAN.BO
2022-02-04,2278.85009765625,2359.0,2278.85009765625,2333.050048828125,14177,CLEAN.BO
2022-02-07,2309.85009765625,2328.0,2256.300048828125,2306.39990234375,19483,CLEAN.BO
2022-02-08,2348.0,2348.0,2161.300048828125,2207.300048828125,15655,CLEAN.BO
2022-02-09,2238.89990234375,2253.699951171875,2183.0,2189.25,4543,CLEAN.BO
2022-02-10,2200.0,2223.300048828125,2165.800048828125,2169.89990234375,14692,CLEAN.BO
2022-02-11,2200.0,2200.0,2070.0,2090.64990234375,11217,CLEAN.BO
2022-02-15,1990.0,2022.050048828125,1931.300048828125,1976.75,12317,CLEAN.BO
2022-02-16,2019.5,2073.14990234375,2004.949951171875,2052.050048828125,26883,CLEAN.BO
2022-02-17,2068.0,2105.550048828125,2027.0,2058.0,8175,CLEAN.BO
2022-02-18,2055.0,2056.300048828125,2005.75,2014.449951171875,3552,CLEAN.BO
2022-02-21,1985.0,2003.3499755859375,1921.0,1937.050048828125,20041,CLEAN.BO
2022-02-22,1851.0,1925.300048828125,1845.949951171875,1862.050048828125,32628,CLEAN.BO
2022-02-23,1867.0999755859375,1913.5999755859375,1853.5,1875.1500244140625,5285,CLEAN.BO
2022-02-24,1800.0,1822.199951171875,1739.449951171875,1745.9000244140625,57738,CLEAN.BO
2022-02-25,1800.0,1826.550048828125,1761.25,1769.75,13884,CLEAN.BO
2022-02-28,1785.0,1844.949951171875,1735.0,1828.1500244140625,9399,CLEAN.BO
2022-03-02,1800.0,2032.800048828125,1799.8499755859375,1992.050048828125,57810,CLEAN.BO
2022-03-03,2044.0,2069.89990234375,1974.0,1990.3499755859375,166914,CLEAN.BO
2022-03-04,1940.0,1991.199951171875,1914.0,1936.3499755859375,10123,CLEAN.BO
2022-03-07,1900.0,1904.300048828125,1855.25,1887.949951171875,15601,CLEAN.BO
2022-03-08,1894.0,1931.9000244140625,1860.5999755859375,1874.3499755859375,17177,CLEAN.BO
2022-03-09,1890.5999755859375,1929.0,1887.550048828125,1911.199951171875,7150,CLEAN.BO
2022-03-10,1950.0,2047.4000244140625,1950.0,2036.949951171875,23349,CLEAN.BO
2022-03-11,2020.0,2080.0,2007.800048828125,2054.199951171875,16503,CLEAN.BO
2022-03-14,2050.0,2056.60009765625,2000.0,2021.050048828125,4694,CLEAN.BO
2022-03-15,2044.0,2057.14990234375,1990.050048828125,2001.6500244140625,13058,CLEAN.BO
2022-03-16,2015.050048828125,2116.949951171875,2015.050048828125,2072.449951171875,9644,CLEAN.BO
2022-03-17,2095.0,2118.75,2045.300048828125,2100.0,16968,CLEAN.BO
2022-03-21,2110.0,2145.39990234375,2079.449951171875,2086.89990234375,15843,CLEAN.BO
2022-03-22,2080.0,2107.449951171875,2060.0,2068.199951171875,5766,CLEAN.BO
2022-03-23,2070.0,2096.550048828125,2050.0,2057.199951171875,11164,CLEAN.BO
2022-03-24,2066.0,2082.699951171875,2005.8499755859375,2018.949951171875,6269,CLEAN.BO
2022-03-25,2030.3499755859375,2040.300048828125,1985.0,1990.8499755859375,3930,CLEAN.BO
2022-03-28,1995.0,2000.8499755859375,1951.25,1960.0999755859375,164101,CLEAN.BO
2022-03-29,1960.0,2022.3499755859375,1960.0,1987.4000244140625,5172,CLEAN.BO
2022-03-30,2021.0,2024.949951171875,1976.0,2010.75,14259,CLEAN.BO
2022-03-31,1986.0,2046.800048828125,1986.0,1993.050048828125,4768,CLEAN.BO
2022-04-01,1992.0,2038.0,1992.0,2015.699951171875,9849,CLEAN.BO
2022-04-04,2045.0,2078.949951171875,2039.4000244140625,2043.449951171875,5632,CLEAN.BO
2022-04-05,2051.300048828125,2056.800048828125,2025.6500244140625,2032.25,4072,CLEAN.BO
2022-04-06,2030.0,2032.5999755859375,1991.0,2001.050048828125,15777,CLEAN.BO
2022-04-07,2000.0,2022.5,1981.4000244140625,1989.5999755859375,11530,CLEAN.BO
2022-04-08,2001.0,2027.199951171875,1984.1500244140625,1992.300048828125,3533,CLEAN.BO
2022-04-11,2000.0,2018.1500244140625,1962.6500244140625,1975.75,13274,CLEAN.BO
2022-04-12,1979.9000244140625,1979.9000244140625,1926.8499755859375,1946.199951171875,13568,CLEAN.BO
2022-04-13,1930.0999755859375,1974.75,1930.0999755859375,1951.1500244140625,9652,CLEAN.BO
2022-04-18,1960.0,1960.0,1908.8499755859375,1933.199951171875,3720,CLEAN.BO
2022-04-19,1931.0,1962.0,1900.0,1906.4000244140625,8568,CLEAN.BO
2022-04-20,1906.4000244140625,1940.300048828125,1898.0,1901.949951171875,8667,CLEAN.BO
2022-04-21,1911.0,1926.3499755859375,1900.75,1909.4000244140625,7033,CLEAN.BO
2022-04-22,1890.0,2030.3499755859375,1890.0,1981.4000244140625,9597,CLEAN.BO
2022-04-25,1935.0,2022.0,1935.0,1957.949951171875,4031,CLEAN.BO
2022-04-26,1998.0,1998.0,1920.0,1926.8499755859375,8091,CLEAN.BO
2022-04-27,1910.0,1929.9000244140625,1900.0,1906.5999755859375,7687,CLEAN.BO
2022-04-28,1909.0,1924.1500244140625,1886.5,1896.8499755859375,8091,CLEAN.BO
2022-04-29,1905.0,1953.0,1905.0,1944.75,8604,CLEAN.BO
2022-05-04,1903.0,1912.050048828125,1861.050048828125,1870.949951171875,11218,CLEAN.BO
2022-05-05,1888.0,1900.0,1850.0,1860.1500244140625,7800,CLEAN.BO
2022-05-06,1812.0999755859375,1848.0,1797.699951171875,1824.25,5456,CLEAN.BO
2022-05-09,1795.800048828125,1818.9000244140625,1786.4000244140625,1799.699951171875,10311,CLEAN.BO
2022-05-10,1800.0,1824.0,1762.800048828125,1769.0999755859375,2658,CLEAN.BO
2022-05-11,1751.199951171875,1790.800048828125,1719.699951171875,1762.1500244140625,15999,CLEAN.BO
2022-05-12,1731.199951171875,1741.449951171875,1662.050048828125,1720.949951171875,17544,CLEAN.BO
2022-05-13,1736.1500244140625,1766.0,1710.0,1713.300048828125,2532,CLEAN.BO
2022-05-16,1790.0,1790.0,1710.0,1723.300048828125,1152,CLEAN.BO
2022-05-17,1727.800048828125,1740.699951171875,1725.199951171875,1730.050048828125,1933,CLEAN.BO
2022-05-18,1777.0,1777.0,1700.0,1706.75,9593,CLEAN.BO
2022-05-19,1698.0,1709.550048828125,1674.0,1701.550048828125,2023,CLEAN.BO
2022-05-20,1741.0,1741.0,1702.0,1709.9000244140625,6957,CLEAN.BO
2022-05-23,1716.800048828125,1729.550048828125,1700.800048828125,1703.949951171875,105792,CLEAN.BO
2022-05-24,1706.199951171875,1733.75,1679.449951171875,1697.8499755859375,6979,CLEAN.BO
2022-05-25,1697.8499755859375,1706.9000244140625,1656.6500244140625,1666.5,2616,CLEAN.BO
2022-05-26,1689.800048828125,1694.050048828125,1610.449951171875,1672.949951171875,7863,CLEAN.BO
2022-05-27,1690.0,1700.75,1667.25,1675.75,1529,CLEAN.BO
2022-05-30,1724.75,1745.050048828125,1700.0,1716.6500244140625,2929,CLEAN.BO
2022-05-31,1701.0,1818.699951171875,1701.0,1753.5999755859375,6927,CLEAN.BO
2022-06-01,1753.5999755859375,1828.300048828125,1728.300048828125,1813.8499755859375,17203,CLEAN.BO
2022-06-02,1838.0,1838.0,1784.300048828125,1815.5,2920,CLEAN.BO
2022-06-03,1825.0,1842.0999755859375,1791.9000244140625,1806.5999755859375,3191,CLEAN.BO
2022-06-06,1806.0,1809.0,1750.5,1765.6500244140625,2477,CLEAN.BO
2022-06-07,1742.550048828125,1809.0,1740.0999755859375,1781.449951171875,5961,CLEAN.BO
2022-06-08,1781.449951171875,1806.300048828125,1750.0,1757.0999755859375,4838,CLEAN.BO
2022-06-09,1740.0,1768.9000244140625,1730.0,1743.1500244140625,2070,CLEAN.BO
2022-06-10,1732.199951171875,1737.4000244140625,1704.8499755859375,1712.699951171875,3449,CLEAN.BO
2022-06-13,1670.199951171875,1699.9000244140625,1630.0,1669.6500244140625,14162,CLEAN.BO
2022-06-14,1634.699951171875,1681.5,1634.699951171875,1659.0,3643,CLEAN.BO
2022-06-15,1660.0,1705.550048828125,1656.949951171875,1688.949951171875,2315,CLEAN.BO
2022-06-16,1733.0,1733.0,1626.050048828125,1637.550048828125,6895,CLEAN.BO
2022-06-17,1637.5,1637.5,1558.800048828125,1569.6500244140625,14254,CLEAN.BO
2022-06-20,1582.449951171875,1592.949951171875,1490.0,1501.949951171875,5942,CLEAN.BO
2022-06-21,1521.0,1530.5999755859375,1493.75,1500.699951171875,9358,CLEAN.BO
2022-06-22,1520.0,1520.0,1456.0,1464.1500244140625,1759,CLEAN.BO
2022-06-23,1487.0,1495.0,1445.550048828125,1466.4000244140625,6975,CLEAN.BO
2022-06-24,1481.0999755859375,1521.5999755859375,1450.699951171875,1457.25,8971,CLEAN.BO
2022-06-27,1492.0,1514.050048828125,1468.75,1473.25,2621,CLEAN.BO
2022-06-28,1475.0,1481.25,1451.0,1460.75,5579,CLEAN.BO
2022-06-29,1445.0,1512.050048828125,1445.0,1501.699951171875,9996,CLEAN.BO
2022-06-30,1509.0,1534.0,1452.75,1489.9000244140625,11327,CLEAN.BO
2022-07-01,1490.0,1490.0,1456.050048828125,1459.300048828125,2467,CLEAN.BO
2022-07-04,1472.0,1475.0,1451.4000244140625,1456.4000244140625,8231,CLEAN.BO
2022-07-05,1464.5,1487.949951171875,1457.0,1461.0999755859375,6770,CLEAN.BO
2022-07-06,1480.0,1480.0,1441.0,1466.0999755859375,10113,CLEAN.BO
2022-07-07,1472.3499755859375,1556.25,1472.3499755859375,1499.3499755859375,10253,CLEAN.BO
2022-07-08,1511.0,1550.949951171875,1511.0,1522.3499755859375,4031,CLEAN.BO
2022-07-11,1522.449951171875,1522.449951171875,1483.25,1504.9000244140625,6054,CLEAN.BO
2022-07-12,1504.9000244140625,1528.6500244140625,1483.949951171875,1494.800048828125,5847,CLEAN.BO
2022-07-13,1508.0,1614.800048828125,1508.0,1605.0999755859375,14219,CLEAN.BO
2022-07-14,1614.9000244140625,1624.6500244140625,1555.0999755859375,1569.949951171875,14481,CLEAN.BO
2022-07-15,1596.0,1596.0,1551.3499755859375,1557.300048828125,2062,CLEAN.BO
2022-07-18,1558.199951171875,1624.800048828125,1558.199951171875,1610.25,11491,CLEAN.BO
2022-07-19,1592.3499755859375,1697.3499755859375,1592.3499755859375,1690.949951171875,20350,CLEAN.BO
2022-07-20,1710.0,1736.0,1660.1500244140625,1666.0999755859375,15857,CLEAN.BO
2022-07-21,1666.0999755859375,1707.5,1656.949951171875,1703.300048828125,4347,CLEAN.BO
2022-07-22,1700.0,1744.0,1694.0,1735.449951171875,12628,CLEAN.BO
2022-07-25,1749.949951171875,1774.449951171875,1737.300048828125,1757.949951171875,4317,CLEAN.BO
2022-07-26,1738.300048828125,1758.6500244140625,1685.0,1688.449951171875,9881,CLEAN.BO
2022-07-27,1670.0,1835.0,1640.050048828125,1753.8499755859375,38407,CLEAN.BO
2022-07-28,1761.0,1774.449951171875,1684.550048828125,1699.199951171875,20551,CLEAN.BO
2022-07-29,1733.0,1733.0,1683.3499755859375,1686.5999755859375,6962,CLEAN.BO
2022-08-01,1695.0,1703.8499755859375,1675.0,1677.3499755859375,3945,CLEAN.BO
2022-08-02,1708.300048828125,1708.300048828125,1665.75,1671.699951171875,4855,CLEAN.BO
2022-08-03,1667.0,1700.6500244140625,1660.0,1662.949951171875,8943,CLEAN.BO
2022-08-04,1689.800048828125,1689.800048828125,1624.0,1629.9000244140625,4368,CLEAN.BO
2022-08-05,1630.0,1661.699951171875,1625.949951171875,1635.550048828125,8640,CLEAN.BO
2022-08-08,1630.0,1642.0999755859375,1607.0,1609.300048828125,10747,CLEAN.BO
2022-08-10,1610.0,1627.449951171875,1595.0,1600.6500244140625,7986,CLEAN.BO
2022-08-11,1605.5,1651.25,1602.5,1607.9000244140625,13722,CLEAN.BO
2022-08-12,1615.0,1634.449951171875,1600.0,1622.449951171875,9479,CLEAN.BO
2022-08-16,1640.0,1662.949951171875,1625.449951171875,1644.1500244140625,11854,CLEAN.BO
2022-08-17,1644.1500244140625,1680.0,1644.1500244140625,1673.6500244140625,12886,CLEAN.BO
2022-08-18,1680.0,1770.0,1672.25,1737.699951171875,42419,CLEAN.BO
2022-08-19,1740.0,1766.0,1704.050048828125,1744.25,24879,CLEAN.BO
2022-08-22,1745.0,1746.800048828125,1700.0,1704.300048828125,5570,CLEAN.BO
2022-08-23,1666.5,1717.5999755859375,1666.5,1702.1500244140625,11044,CLEAN.BO
2022-08-24,1702.0,1745.75,1702.0,1732.5,5058,CLEAN.BO
2022-08-25,1732.0,1818.0,1732.0,1775.949951171875,33290,CLEAN.BO
2022-08-26,1776.0,1807.3499755859375,1775.1500244140625,1784.1500244140625,5552,CLEAN.BO
2022-08-29,1682.5,1754.949951171875,1682.5,1734.0999755859375,17916,CLEAN.BO
2022-08-30,1740.0999755859375,1780.449951171875,1731.0,1742.550048828125,10337,CLEAN.BO
2022-09-01,1739.5,1799.9000244140625,1728.800048828125,1766.75,13035,CLEAN.BO
2022-09-02,1767.0,1787.449951171875,1750.0,1755.5999755859375,4955,CLEAN.BO
2022-09-05,1756.0,1800.0,1756.0,1790.5,5080,CLEAN.BO
2022-09-06,1793.5,1819.050048828125,1783.300048828125,1794.949951171875,9813,CLEAN.BO
2022-09-07,1780.0,1881.0,1780.0,1838.0,33176,CLEAN.BO
2022-09-08,1870.0,1898.199951171875,1855.0,1869.0,15615,CLEAN.BO
2022-09-09,1898.5,1945.5,1883.0,1919.25,11159,CLEAN.BO
2022-09-12,1925.0,1937.0,1881.0999755859375,1886.449951171875,14831,CLEAN.BO
2022-09-13,1914.699951171875,1941.75,1870.0,1876.199951171875,15568,CLEAN.BO
2022-09-14,1858.0,1939.949951171875,1810.8499755859375,1929.300048828125,37502,CLEAN.BO
2022-09-15,1936.5,1978.9000244140625,1915.0,1955.4000244140625,22993,CLEAN.BO
2022-09-16,1918.9000244140625,1968.699951171875,1845.0,1889.8499755859375,29620,CLEAN.BO
2022-09-19,1885.0,1920.0,1860.8499755859375,1902.5,76156,CLEAN.BO
2022-09-20,1929.8499755859375,1929.8499755859375,1901.300048828125,1910.449951171875,9926,CLEAN.BO
2022-09-21,1911.0,1958.0999755859375,1874.1500244140625,1878.75,4860,CLEAN.BO
2022-09-22,1842.5,1927.4000244140625,1842.5,1874.4000244140625,13779,CLEAN.BO
2022-09-23,1876.949951171875,1883.699951171875,1850.0,1851.4000244140625,4198,CLEAN.BO
2022-09-26,1837.0,1837.0,1750.050048828125,1760.050048828125,17394,CLEAN.BO
2022-09-27,1766.0,1788.6500244140625,1725.800048828125,1732.4000244140625,13476,CLEAN.BO
2022-09-28,1729.949951171875,1743.8499755859375,1704.5999755859375,1710.9000244140625,3407,CLEAN.BO
2022-09-29,1722.1500244140625,1745.199951171875,1707.6500244140625,1723.300048828125,3017,CLEAN.BO
2022-09-30,1710.050048828125,1767.4000244140625,1701.550048828125,1757.699951171875,5676,CLEAN.BO
2022-10-03,1750.0,1778.199951171875,1690.050048828125,1704.449951171875,5128,CLEAN.BO
2022-10-04,1713.050048828125,1741.0999755859375,1693.050048828125,1718.5,9853,CLEAN.BO
2022-10-06,1718.5,1737.3499755859375,1680.0,1693.0,12062,CLEAN.BO
2022-10-07,1690.0,1710.0,1675.0,1685.199951171875,8834,CLEAN.BO
2022-10-10,1665.0,1679.199951171875,1651.5,1665.949951171875,8605,CLEAN.BO
2022-10-11,1663.0,1672.550048828125,1639.199951171875,1641.800048828125,138900,CLEAN.BO
2022-10-12,1654.0,1654.0,1617.0,1631.5,3268,CLEAN.BO
2022-10-13,1627.800048828125,1630.75,1610.0,1614.5,6789,CLEAN.BO
2022-10-14,1635.0,1640.75,1600.0,1605.800048828125,6310,CLEAN.BO
2022-10-17,1619.949951171875,1626.9000244140625,1583.449951171875,1601.800048828125,8551,CLEAN.BO
2022-10-18,1633.949951171875,1633.949951171875,1600.0,1603.9000244140625,2172,CLEAN.BO
2022-10-19,1610.25,1612.0,1596.0999755859375,1599.949951171875,1816,CLEAN.BO
2022-10-20,1603.800048828125,1669.3499755859375,1580.5,1610.4000244140625,22512,CLEAN.BO
2022-10-21,1659.949951171875,1671.949951171875,1618.9000244140625,1664.949951171875,9402,CLEAN.BO
2022-10-24,1699.699951171875,1699.699951171875,1673.5999755859375,1678.050048828125,1300,CLEAN.BO
2022-10-25,1692.3499755859375,1692.3499755859375,1620.0,1632.5999755859375,10227,CLEAN.BO
2022-10-27,1659.0,1659.0,1615.699951171875,1618.9000244140625,1902,CLEAN.BO
2022-10-28,1617.4000244140625,1627.25,1585.25,1593.0,3021,CLEAN.BO
2022-10-31,1600.199951171875,1614.6500244140625,1567.0,1572.4000244140625,4577,CLEAN.BO
2022-11-01,1566.1500244140625,1590.0,1560.0,1573.75,8929,CLEAN.BO
2022-11-02,1580.800048828125,1610.5,1580.800048828125,1593.449951171875,10328,CLEAN.BO
2022-11-03,1580.0,1596.5,1580.0,1593.300048828125,1652,CLEAN.BO
2022-11-04,1593.550048828125,1609.949951171875,1591.6500244140625,1601.050048828125,1998,CLEAN.BO
2022-11-07,1601.5,1619.050048828125,1587.0,1589.5999755859375,2532,CLEAN.BO
2022-11-09,1590.0,1599.449951171875,1544.0,1556.449951171875,2232,CLEAN.BO
2022-11-10,1556.449951171875,1556.449951171875,1521.0,1534.75,9469,CLEAN.BO
2022-11-11,1564.449951171875,1564.449951171875,1541.0,1546.449951171875,9597,CLEAN.BO
2022-11-14,1530.0,1531.550048828125,1503.6500244140625,1510.949951171875,5532,CLEAN.BO
2022-11-15,1512.0,1535.300048828125,1498.199951171875,1501.800048828125,13560,CLEAN.BO
2022-11-16,1500.0,1513.3499755859375,1490.0,1494.1500244140625,9414,CLEAN.BO
2022-11-17,1490.0,1511.800048828125,1479.0,1502.3499755859375,13201,CLEAN.BO
2022-11-18,1518.949951171875,1556.699951171875,1510.0,1525.300048828125,19756,CLEAN.BO
2022-11-21,1525.300048828125,1530.1500244140625,1500.0,1505.0,6281,CLEAN.BO
2022-11-22,1511.949951171875,1517.25,1490.0,1492.3499755859375,1905,CLEAN.BO
2022-11-23,1490.050048828125,1506.949951171875,1485.0,1495.0999755859375,2164,CLEAN.BO
2022-11-24,1505.3499755859375,1509.0,1482.449951171875,1496.25,6849,CLEAN.BO
2022-11-25,1505.0,1533.5999755859375,1492.25,1512.5,9727,CLEAN.BO
2022-11-28,1513.050048828125,1536.300048828125,1504.0,1515.8499755859375,11966,CLEAN.BO
2022-11-29,1515.0,1528.050048828125,1500.0,1507.550048828125,10488,CLEAN.BO
2022-11-30,1508.050048828125,1524.300048828125,1495.0,1497.550048828125,2882,CLEAN.BO
2022-12-01,1514.949951171875,1514.949951171875,1496.6500244140625,1500.550048828125,7470,CLEAN.BO
2022-12-02,1511.949951171875,1522.0,1498.300048828125,1509.3499755859375,11492,CLEAN.BO
2022-12-05,1511.050048828125,1568.4000244140625,1510.0999755859375,1558.0,7167,CLEAN.BO
2022-12-06,1574.949951171875,1593.1500244140625,1551.0,1565.8499755859375,9089,CLEAN.BO
2022-12-07,1563.050048828125,1570.6500244140625,1529.550048828125,1542.699951171875,10341,CLEAN.BO
2022-12-08,1540.0,1589.0,1540.0,1574.300048828125,3976,CLEAN.BO
2022-12-09,1599.9000244140625,1599.9000244140625,1545.050048828125,1555.0,1961,CLEAN.BO
2022-12-12,1554.3499755859375,1555.0,1530.0,1531.1500244140625,8165,CLEAN.BO
2022-12-13,1547.75,1547.75,1524.0999755859375,1527.300048828125,1749,CLEAN.BO
2022-12-14,1543.949951171875,1544.8499755859375,1530.949951171875,1533.949951171875,6518,CLEAN.BO
2022-12-15,1543.75,1545.550048828125,1516.25,1520.550048828125,2431,CLEAN.BO
2022-12-16,1511.050048828125,1535.0,1506.9000244140625,1515.050048828125,6145,CLEAN.BO
2022-12-19,1512.050048828125,1522.949951171875,1486.1500244140625,1493.449951171875,4064,CLEAN.BO
2022-12-20,1488.050048828125,1507.75,1482.0,1494.699951171875,9612,CLEAN.BO
2022-12-21,1500.0,1507.050048828125,1475.0,1478.699951171875,3232,CLEAN.BO
2022-12-22,1481.5,1492.0999755859375,1453.8499755859375,1461.1500244140625,11940,CLEAN.BO
2022-12-23,1442.050048828125,1456.9000244140625,1414.0,1418.0,4364,CLEAN.BO
2022-12-26,1410.0999755859375,1455.0,1410.0999755859375,1445.1500244140625,8304,CLEAN.BO
2022-12-27,1451.300048828125,1483.5999755859375,1451.199951171875,1458.75,1898,CLEAN.BO
2022-12-28,1475.6500244140625,1477.6500244140625,1458.9000244140625,1467.25,1963,CLEAN.BO
2022-12-29,1468.0,1483.0,1455.0,1478.050048828125,4895,CLEAN.BO
2022-12-30,1485.0,1499.0,1479.1500244140625,1489.3499755859375,3069,CLEAN.BO
2023-01-02,1509.8499755859375,1509.8499755859375,1483.0999755859375,1488.1500244140625,968,CLEAN.BO
2023-01-03,1485.0,1506.550048828125,1483.25,1487.6500244140625,1011,CLEAN.BO
2023-01-04,1503.949951171875,1503.949951171875,1485.949951171875,1494.699951171875,1579,CLEAN.BO
2023-01-05,1493.6500244140625,1495.5999755859375,1465.0,1473.5999755859375,6323,CLEAN.BO
2023-01-06,1470.050048828125,1477.6500244140625,1452.0,1459.0,1248,CLEAN.BO
2023-01-09,1475.1500244140625,1480.0,1452.75,1459.949951171875,5480,CLEAN.BO
2023-01-10,1484.949951171875,1484.949951171875,1451.5,1455.0999755859375,1915,CLEAN.BO
2023-01-11,1456.050048828125,1469.550048828125,1450.199951171875,1457.6500244140625,1226,CLEAN.BO
2023-01-12,1460.050048828125,1483.949951171875,1460.050048828125,1471.050048828125,1368,CLEAN.BO
2023-01-13,1479.949951171875,1480.5,1460.0,1462.5999755859375,5416,CLEAN.BO
2023-01-16,1460.050048828125,1463.0999755859375,1435.25,1438.6500244140625,3098,CLEAN.BO
2023-01-17,1430.050048828125,1450.0999755859375,1430.050048828125,1436.199951171875,2603,CLEAN.BO
2023-01-18,1435.0,1445.0,1420.0,1430.800048828125,7654,CLEAN.BO
2023-01-19,1431.0,1444.4000244140625,1425.0,1428.25,1617,CLEAN.BO
2023-01-20,1435.0,1435.3499755859375,1418.5,1421.5,1356,CLEAN.BO
2023-01-23,1414.800048828125,1421.5,1369.550048828125,1373.75,19097,CLEAN.BO
2023-01-24,1371.050048828125,1393.449951171875,1370.0,1377.699951171875,2465,CLEAN.BO
2023-01-25,1371.4000244140625,1384.699951171875,1355.0999755859375,1373.9000244140625,2945,CLEAN.BO
2023-01-27,1357.050048828125,1382.1500244140625,1350.0,1367.449951171875,2383,CLEAN.BO
2023-01-30,1394.75,1394.75,1330.0,1335.449951171875,5175,CLEAN.BO
2023-01-31,1359.949951171875,1385.949951171875,1338.5,1381.0999755859375,2630,CLEAN.BO
2023-02-01,1393.550048828125,1423.800048828125,1353.699951171875,1376.199951171875,7589,CLEAN.BO
2023-02-02,1376.4000244140625,1506.4000244140625,1354.800048828125,1481.4000244140625,12927,CLEAN.BO
2023-02-03,1487.050048828125,1540.0,1472.300048828125,1490.0999755859375,18566,CLEAN.BO
2023-02-06,1519.949951171875,1519.949951171875,1465.0,1485.5,2794,CLEAN.BO
2023-02-07,1489.0,1489.0,1445.0,1450.8499755859375,7371,CLEAN.BO
2023-02-08,1459.949951171875,1468.0,1445.0,1463.699951171875,1822,CLEAN.BO
2023-02-09,1474.550048828125,1537.5,1465.0,1493.1500244140625,12253,CLEAN.BO
2023-02-10,1495.0,1515.0,1483.9000244140625,1491.050048828125,6884,CLEAN.BO
2023-02-13,1475.050048828125,1493.8499755859375,1430.4000244140625,1447.1500244140625,8351,CLEAN.BO
2023-02-14,1435.050048828125,1468.1500244140625,1422.050048828125,1455.8499755859375,5626,CLEAN.BO
2023-02-15,1430.050048828125,1458.949951171875,1430.050048828125,1444.699951171875,3448,CLEAN.BO
2023-02-16,1473.0,1477.199951171875,1438.5,1463.050048828125,2682,CLEAN.BO
2023-02-17,1463.050048828125,1468.949951171875,1434.0999755859375,1440.8499755859375,1948,CLEAN.BO
2023-02-20,1443.949951171875,1465.0,1435.0,1442.199951171875,6053,CLEAN.BO
2023-02-21,1442.25,1444.550048828125,1426.5999755859375,1432.6500244140625,1219,CLEAN.BO
2023-02-22,1426.6500244140625,1430.050048828125,1404.0,1409.199951171875,7193,CLEAN.BO
2023-02-23,1408.0,1424.050048828125,1399.0,1408.75,5164,CLEAN.BO
2023-02-24,1408.949951171875,1422.75,1397.9000244140625,1402.3499755859375,5683,CLEAN.BO
2023-02-27,1405.0,1408.0,1380.050048828125,1385.4000244140625,6770,CLEAN.BO
2023-02-28,1383.75,1400.0,1371.5999755859375,1378.5,1709,CLEAN.BO
2023-03-01,1373.050048828125,1398.0,1373.050048828125,1387.6500244140625,4727,CLEAN.BO
2023-03-02,1395.050048828125,1423.0999755859375,1395.050048828125,1401.25,2221,CLEAN.BO
2023-03-03,1404.5,1426.550048828125,1394.449951171875,1401.3499755859375,5679,CLEAN.BO
2023-03-06,1401.449951171875,1457.199951171875,1401.449951171875,1449.550048828125,11347,CLEAN.BO
2023-03-08,1442.550048828125,1475.0,1408.550048828125,1468.449951171875,11475,CLEAN.BO
2023-03-09,1468.5,1495.0,1442.0,1446.5999755859375,3999,CLEAN.BO
2023-03-10,1439.3499755859375,1462.0999755859375,1425.0,1445.5,7854,CLEAN.BO
2023-03-13,1430.949951171875,1452.4000244140625,1401.550048828125,1415.199951171875,10446,CLEAN.BO
2023-03-14,1410.050048828125,1427.0,1392.0,1408.8499755859375,3323,CLEAN.BO
2023-03-15,1446.949951171875,1446.949951171875,1368.0,1388.699951171875,5161,CLEAN.BO
2023-03-16,1373.050048828125,1408.3499755859375,1372.949951171875,1381.449951171875,23815,CLEAN.BO
2023-03-17,1389.949951171875,1404.699951171875,1350.5,1361.25,39929,CLEAN.BO
2023-03-20,1361.050048828125,1375.0,1351.1500244140625,1367.949951171875,26111,CLEAN.BO
2023-03-21,1360.050048828125,1382.050048828125,1334.3499755859375,1352.6500244140625,18367,CLEAN.BO
2023-03-22,1359.800048828125,1368.3499755859375,1351.0,1352.6500244140625,3167,CLEAN.BO
2023-03-23,1355.0,1366.25,1340.0,1346.050048828125,9633,CLEAN.BO
2023-03-24,1359.949951171875,1361.199951171875,1306.0999755859375,1318.25,18426,CLEAN.BO
2023-03-27,1320.050048828125,1322.050048828125,1280.550048828125,1284.0999755859375,17254,CLEAN.BO
2023-03-28,1287.050048828125,1317.5,1251.0,1254.8499755859375,5247,CLEAN.BO
2023-03-29,1289.949951171875,1289.949951171875,1235.0,1238.0999755859375,21393,CLEAN.BO
2023-03-31,1238.1500244140625,1276.75,1227.449951171875,1264.3499755859375,8702,CLEAN.BO
2023-04-03,1283.0,1331.0,1277.0,1324.050048828125,4424,CLEAN.BO
2023-04-05,1325.050048828125,1379.9000244140625,1289.949951171875,1373.699951171875,13693,CLEAN.BO
2023-04-06,1391.6500244140625,1398.050048828125,1367.4000244140625,1394.949951171875,3035,CLEAN.BO
2023-04-10,1395.0,1411.75,1372.8499755859375,1401.3499755859375,5484,CLEAN.BO
2023-04-11,1411.5999755859375,1428.300048828125,1380.050048828125,1407.949951171875,2680,CLEAN.BO
2023-04-12,1424.9000244140625,1471.800048828125,1395.5,1447.699951171875,13999,CLEAN.BO
2023-04-13,1446.0,1473.0,1437.199951171875,1461.1500244140625,7251,CLEAN.BO
2023-04-17,1460.0,1460.0,1421.0,1425.25,2700,CLEAN.BO
2023-04-18,1425.300048828125,1428.9000244140625,1402.1500244140625,1407.800048828125,4350,CLEAN.BO
2023-04-19,1404.050048828125,1435.449951171875,1402.75,1416.050048828125,3706,CLEAN.BO
2023-04-20,1411.050048828125,1423.8499755859375,1390.0,1393.1500244140625,5764,CLEAN.BO
2023-04-21,1393.199951171875,1395.0,1375.0,1382.699951171875,1653,CLEAN.BO
2023-04-24,1382.75,1390.300048828125,1365.800048828125,1379.6500244140625,4593,CLEAN.BO
2023-04-25,1398.949951171875,1435.0,1372.050048828125,1422.8499755859375,10221,CLEAN.BO
2023-04-26,1425.0,1431.800048828125,1401.0,1405.9000244140625,2079,CLEAN.BO
2023-04-27,1414.949951171875,1414.949951171875,1400.0,1403.4000244140625,4187,CLEAN.BO
2023-04-28,1410.0,1459.050048828125,1406.6500244140625,1444.75,3357,CLEAN.BO
2023-05-02,1472.1500244140625,1487.949951171875,1453.449951171875,1467.25,11905,CLEAN.BO
2023-05-03,1466.0,1490.0,1461.800048828125,1468.1500244140625,2599,CLEAN.BO
2023-05-04,1493.949951171875,1493.949951171875,1472.5999755859375,1481.949951171875,1993,CLEAN.BO
2023-05-05,1480.0,1485.8499755859375,1453.300048828125,1461.9000244140625,6093,CLEAN.BO
2023-05-08,1463.0,1515.0,1456.5999755859375,1503.25,3215,CLEAN.BO
2023-05-09,1505.050048828125,1524.0,1480.699951171875,1489.6500244140625,11726,CLEAN.BO
2023-05-10,1504.949951171875,1511.9000244140625,1482.9000244140625,1490.8499755859375,2399,CLEAN.BO
2023-05-11,1495.0,1510.0,1486.699951171875,1506.75,6127,CLEAN.BO
2023-05-12,1501.050048828125,1508.1500244140625,1485.300048828125,1503.3499755859375,5460,CLEAN.BO
2023-05-15,1501.949951171875,1539.0,1489.0,1535.5,3430,CLEAN.BO
2023-05-16,1536.050048828125,1563.0,1514.5,1524.5,12998,CLEAN.BO
2023-05-17,1525.0,1547.0,1495.0,1520.3499755859375,8336,CLEAN.BO
2023-05-19,1503.0,1508.5,1470.0,1494.050048828125,15603,CLEAN.BO
2023-05-22,1496.449951171875,1510.5,1477.800048828125,1501.550048828125,7994,CLEAN.BO
2023-05-23,1485.0,1506.9000244140625,1475.0,1477.050048828125,12519,CLEAN.BO
2023-05-24,1476.0,1482.550048828125,1462.5999755859375,1466.0,1889,CLEAN.BO
2023-05-25,1463.0,1468.449951171875,1437.0,1446.3499755859375,7600,CLEAN.BO
2023-05-26,1438.050048828125,1456.4000244140625,1429.4000244140625,1434.699951171875,3654,CLEAN.BO
2023-05-30,1443.949951171875,1452.0,1408.0,1413.8499755859375,15851,CLEAN.BO
2023-05-31,1416.800048828125,1424.699951171875,1396.75,1417.8499755859375,10772,CLEAN.BO
2023-06-01,1429.9000244140625,1429.9000244140625,1407.449951171875,1411.25,3918,CLEAN.BO
2023-06-02,1420.0,1423.449951171875,1404.050048828125,1410.5,5346,CLEAN.BO
2023-06-05,1417.300048828125,1426.050048828125,1412.0,1418.6500244140625,14572,CLEAN.BO
2023-06-06,1417.699951171875,1423.75,1398.0,1406.75,13598,CLEAN.BO
2023-06-07,1410.0,1413.550048828125,1398.0,1399.75,14697,CLEAN.BO
2023-06-08,1402.0999755859375,1420.699951171875,1388.550048828125,1408.0,7192,CLEAN.BO
2023-06-09,1402.050048828125,1413.5,1366.949951171875,1371.1500244140625,709991,CLEAN.BO
2023-06-12,1371.550048828125,1371.550048828125,1340.5,1347.8499755859375,10221,CLEAN.BO
2023-06-13,1369.949951171875,1369.949951171875,1330.0,1339.1500244140625,12745,CLEAN.BO
2023-06-14,1343.449951171875,1371.550048828125,1343.449951171875,1368.449951171875,5156,CLEAN.BO
2023-06-15,1375.0,1390.25,1361.0,1364.1500244140625,17596,CLEAN.BO
2023-06-16,1384.449951171875,1399.5,1368.0,1383.3499755859375,18418,CLEAN.BO
2023-06-19,1390.25,1395.0,1377.25,1383.8499755859375,4011,CLEAN.BO
2023-06-20,1387.0,1387.0,1361.0999755859375,1364.550048828125,4624,CLEAN.BO
2023-06-21,1380.5,1384.6500244140625,1365.199951171875,1369.699951171875,8984,CLEAN.BO
2023-06-22,1379.9000244140625,1379.9000244140625,1346.6500244140625,1363.0999755859375,15537,CLEAN.BO
2023-06-23,1368.8499755859375,1369.9000244140625,1337.1500244140625,1346.8499755859375,34893,CLEAN.BO
2023-06-26,1367.949951171875,1385.0,1346.8499755859375,1374.5999755859375,10104,CLEAN.BO
2023-06-27,1390.0,1392.25,1371.699951171875,1387.0,4170,CLEAN.BO
2023-06-28,1381.75,1394.949951171875,1376.0,1391.8499755859375,14402,CLEAN.BO
2023-06-30,1392.5,1403.0,1383.0,1393.25,4387,CLEAN.BO
2023-07-07,1375.5999755859375,1380.6500244140625,1355.25,1360.199951171875,12656,CLEAN.BO
2023-07-10,1360.199951171875,1370.0,1343.0,1352.9000244140625,13840,CLEAN.BO
2023-07-14,1309.0,1322.0,1300.0,1309.800048828125,13304,CLEAN.BO
2023-07-17,1310.050048828125,1330.1500244140625,1310.050048828125,1317.949951171875,18039,CLEAN.BO
2023-07-19,1310.449951171875,1333.1500244140625,1310.449951171875,1315.0,13634,CLEAN.BO
2023-07-20,1321.0,1330.0,1310.75,1315.699951171875,6630,CLEAN.BO
2023-07-21,1320.0,1337.0,1313.5,1317.800048828125,4664,CLEAN.BO
2023-07-24,1320.0,1325.449951171875,1308.0,1310.8499755859375,12661,CLEAN.BO
2023-07-26,1310.0,1315.0,1293.0,1295.1500244140625,18051,CLEAN.BO
2023-07-28,1306.449951171875,1306.449951171875,1282.8499755859375,1287.050048828125,17258,CLEAN.BO
2023-08-03,1313.699951171875,1318.9000244140625,1285.0,1297.5999755859375,26200,CLEAN.BO
2023-08-04,1285.050048828125,1317.550048828125,1281.1500244140625,1309.449951171875,8684,CLEAN.BO
2023-08-07,1309.5,1345.0,1309.5,1334.800048828125,10884,CLEAN.BO
2023-08-08,1344.949951171875,1392.0,1325.8499755859375,1379.5999755859375,22074,CLEAN.BO
2023-08-09,1385.0,1413.9000244140625,1385.0,1404.0999755859375,49287,CLEAN.BO
2023-08-10,1404.1500244140625,1421.949951171875,1392.0,1399.550048828125,36538,CLEAN.BO
2023-08-11,1402.5999755859375,1433.3499755859375,1402.550048828125,1427.9000244140625,10467,CLEAN.BO
2023-08-14,1422.050048828125,1439.699951171875,1395.0999755859375,1406.300048828125,47013,CLEAN.BO
2023-08-16,1402.199951171875,1422.5,1390.949951171875,1396.5,26879,CLEAN.BO
2023-08-17,1393.050048828125,1410.0,1379.0,1383.949951171875,9222,CLEAN.BO
2023-08-18,1384.25,1399.0,1370.0,1376.6500244140625,7625,CLEAN.BO
2023-08-21,1370.050048828125,1393.8499755859375,1367.0,1368.75,20278,CLEAN.BO
2023-08-22,1368.800048828125,1421.800048828125,1368.800048828125,1409.300048828125,33011,CLEAN.BO
2023-08-23,1424.949951171875,1424.949951171875,1393.8499755859375,1405.300048828125,6791,CLEAN.BO
2023-08-24,1410.0,1423.0,1397.3499755859375,1401.4000244140625,16575,CLEAN.BO
2023-08-25,1407.5,1412.0,1383.5,1396.8499755859375,3010,CLEAN.BO
2023-08-28,1393.550048828125,1407.0,1389.4000244140625,1393.949951171875,13698,CLEAN.BO
2023-08-29,1400.0,1437.949951171875,1395.8499755859375,1402.5999755859375,11316,CLEAN.BO
2023-08-30,1414.9000244140625,1434.5,1414.0,1421.050048828125,21543,CLEAN.BO
2023-08-31,1424.0999755859375,1430.4000244140625,1402.75,1414.050048828125,3745,CLEAN.BO
2023-09-01,1415.050048828125,1426.5999755859375,1407.9000244140625,1411.75,5483,CLEAN.BO
2023-09-04,1423.75,1473.9000244140625,1414.949951171875,1437.550048828125,11977,CLEAN.BO
2023-09-05,1449.949951171875,1468.0,1445.050048828125,1459.5999755859375,23383,CLEAN.BO
2023-09-06,1469.949951171875,1490.0,1459.5999755859375,1466.5,8758,CLEAN.BO
2023-09-07,1470.050048828125,1485.199951171875,1465.75,1470.75,4842,CLEAN.BO
2023-09-08,1472.5999755859375,1485.6500244140625,1453.4000244140625,1457.300048828125,4626,CLEAN.BO
2023-09-11,1470.050048828125,1533.0,1470.050048828125,1482.6500244140625,19969,CLEAN.BO
2023-09-12,1494.0,1514.1500244140625,1430.0,1433.5,12805,CLEAN.BO
2023-09-13,1430.050048828125,1463.800048828125,1420.449951171875,1450.550048828125,22192,CLEAN.BO
2023-09-14,1455.0,1471.6500244140625,1453.550048828125,1462.449951171875,15853,CLEAN.BO
2023-09-15,1477.949951171875,1492.449951171875,1435.699951171875,1451.449951171875,4279,CLEAN.BO
2023-09-18,1452.050048828125,1454.25,1440.75,1447.199951171875,3824,CLEAN.BO
2023-09-20,1435.3499755859375,1464.8499755859375,1431.6500244140625,1438.4000244140625,16413,CLEAN.BO
2023-09-21,1442.0,1449.949951171875,1418.0,1421.4000244140625,5196,CLEAN.BO
2023-09-22,1433.050048828125,1439.1500244140625,1401.0999755859375,1406.25,4669,CLEAN.BO
2023-09-25,1405.050048828125,1422.75,1394.75,1410.699951171875,15375,CLEAN.BO
2023-09-26,1410.050048828125,1425.4000244140625,1410.050048828125,1421.6500244140625,2220,CLEAN.BO
2023-09-27,1435.5,1435.5,1410.0,1426.0999755859375,10663,CLEAN.BO
2023-09-28,1420.0,1432.0999755859375,1401.0,1407.75,4219,CLEAN.BO
2023-09-29,1429.949951171875,1429.949951171875,1405.4000244140625,1410.6500244140625,2676,CLEAN.BO
2023-10-03,1401.050048828125,1425.699951171875,1401.050048828125,1408.199951171875,8226,CLEAN.BO
2023-10-04,1401.050048828125,1422.1500244140625,1400.5999755859375,1411.9000244140625,10359,CLEAN.BO
2023-10-05,1408.050048828125,1422.0,1406.0,1408.800048828125,4475,CLEAN.BO
2023-10-06,1407.050048828125,1435.5,1402.0,1408.0,2518,CLEAN.BO
2023-10-09,1399.949951171875,1399.949951171875,1377.25,1382.4000244140625,3633,CLEAN.BO
2023-10-10,1375.199951171875,1398.4000244140625,1370.0,1374.9000244140625,12550,CLEAN.BO
2023-10-11,1376.300048828125,1400.9000244140625,1376.300048828125,1389.0999755859375,2101,CLEAN.BO
2023-10-12,1398.949951171875,1414.0,1391.25,1394.050048828125,8546,CLEAN.BO
2023-10-13,1385.550048828125,1402.5999755859375,1385.550048828125,1395.0999755859375,6033,CLEAN.BO
2023-10-16,1409.949951171875,1409.949951171875,1374.9000244140625,1378.0999755859375,11768,CLEAN.BO
2023-10-17,1379.050048828125,1394.75,1360.0,1368.050048828125,17808,CLEAN.BO
2023-10-18,1360.3499755859375,1383.5,1355.5,1375.949951171875,13604,CLEAN.BO
2023-10-19,1379.0,1379.0,1360.0,1370.800048828125,8440,CLEAN.BO
2023-10-20,1370.0,1378.300048828125,1351.550048828125,1356.75,10125,CLEAN.BO
2023-10-23,1357.050048828125,1362.300048828125,1326.5,1331.5,16556,CLEAN.BO
2023-10-25,1332.0,1347.949951171875,1312.0,1330.949951171875,17590,CLEAN.BO
2023-10-26,1328.5999755859375,1329.050048828125,1290.0,1314.9000244140625,21691,CLEAN.BO
2023-10-27,1314.9000244140625,1349.1500244140625,1314.9000244140625,1324.3499755859375,12017,CLEAN.BO
2023-10-30,1322.0,1325.300048828125,1296.0,1303.550048828125,11271,CLEAN.BO
2023-10-31,1305.050048828125,1313.0,1299.0,1304.0999755859375,3105,CLEAN.BO
2023-11-01,1305.0,1349.0,1299.0,1344.4000244140625,3691,CLEAN.BO
2023-11-02,1351.449951171875,1392.300048828125,1338.0999755859375,1372.5,12522,CLEAN.BO
2023-11-03,1341.4000244140625,1372.3499755859375,1320.9000244140625,1341.5,10108,CLEAN.BO
2023-11-06,1342.050048828125,1395.0,1338.6500244140625,1385.25,18816,CLEAN.BO
2023-11-07,1390.0,1392.5,1350.4000244140625,1363.949951171875,3747,CLEAN.BO
2023-11-08,1371.0,1378.050048828125,1350.199951171875,1373.5,2427,CLEAN.BO
2023-11-09,1370.550048828125,1389.0,1361.0,1372.3499755859375,12476,CLEAN.BO
2023-11-10,1369.0,1400.0,1362.5999755859375,1372.949951171875,5556,CLEAN.BO
2023-11-13,1370.300048828125,1399.0999755859375,1370.300048828125,1386.75,2653,CLEAN.BO
2023-11-15,1400.1500244140625,1400.1500244140625,1370.0,1372.4000244140625,2749,CLEAN.BO
2023-11-16,1370.050048828125,1375.5,1356.5999755859375,1362.1500244140625,3299,CLEAN.BO
2023-11-17,1355.050048828125,1382.0,1355.050048828125,1364.300048828125,11178,CLEAN.BO
2023-11-20,1375.9000244140625,1375.9000244140625,1339.449951171875,1341.449951171875,5336,CLEAN.BO
2023-11-21,1347.949951171875,1347.949951171875,1337.6500244140625,1339.3499755859375,2963,CLEAN.BO
2023-11-22,1346.949951171875,1353.0,1340.3499755859375,1347.6500244140625,2390,CLEAN.BO
2023-11-23,1352.3499755859375,1360.0,1343.25,1348.5,2992,CLEAN.BO
2023-11-24,1345.050048828125,1360.0,1341.949951171875,1343.300048828125,2008,CLEAN.BO
2023-11-28,1345.0,1352.3499755859375,1337.949951171875,1344.4000244140625,3059,CLEAN.BO
2023-11-29,1345.3499755859375,1354.0,1340.5,1344.550048828125,10690,CLEAN.BO
2023-11-30,1361.9000244140625,1448.050048828125,1339.0,1362.0,17209,CLEAN.BO
2023-12-01,1372.9000244140625,1455.0,1372.9000244140625,1449.1500244140625,29361,CLEAN.BO
2023-12-04,1460.0,1474.550048828125,1425.25,1430.75,35942,CLEAN.BO
2023-12-05,1430.75,1453.4000244140625,1406.550048828125,1409.300048828125,7669,CLEAN.BO
2023-12-06,1412.0,1449.8499755859375,1410.8499755859375,1429.75,31363,CLEAN.BO
2023-12-07,1430.25,1447.699951171875,1422.199951171875,1430.75,6298,CLEAN.BO
2023-12-08,1432.0,1439.9000244140625,1410.0,1417.25,17211,CLEAN.BO
2023-12-11,1414.050048828125,1425.1500244140625,1397.4000244140625,1401.199951171875,18779,CLEAN.BO
2023-12-12,1409.449951171875,1470.0,1406.0,1458.699951171875,21299,CLEAN.BO
2023-12-13,1465.0,1510.0,1447.5999755859375,1505.4000244140625,71734,CLEAN.BO
2023-12-14,1518.4000244140625,1524.9000244140625,1505.699951171875,1509.449951171875,38688,CLEAN.BO
2023-12-15,1522.75,1548.1500244140625,1475.0,1479.699951171875,21347,CLEAN.BO
2023-12-18,1482.0,1538.0,1479.050048828125,1526.9000244140625,11640,CLEAN.BO
2023-12-19,1536.25,1541.0,1494.0,1514.550048828125,20023,CLEAN.BO
2023-12-20,1524.199951171875,1524.199951171875,1445.550048828125,1448.8499755859375,15370,CLEAN.BO
2023-12-21,1431.1500244140625,1479.949951171875,1428.8499755859375,1471.949951171875,26597,CLEAN.BO
2023-12-22,1476.5,1525.0,1471.0,1518.1500244140625,30948,CLEAN.BO
2023-12-26,1533.0999755859375,1564.5,1525.550048828125,1543.0,56579,CLEAN.BO
2023-12-27,1561.6500244140625,1591.0,1540.0,1545.75,18762,CLEAN.BO
2023-12-28,1543.449951171875,1560.3499755859375,1528.9000244140625,1534.5,32426,CLEAN.BO
2023-12-29,1547.6500244140625,1558.8499755859375,1527.949951171875,1548.6500244140625,9994,CLEAN.BO
2024-01-01,1569.949951171875,1622.4000244140625,1553.0,1591.199951171875,23674,CLEAN.BO
2024-01-02,1606.75,1619.0,1570.550048828125,1574.699951171875,37968,CLEAN.BO
2024-01-03,1576.3499755859375,1588.75,1565.550048828125,1571.6500244140625,6078,CLEAN.BO
2024-01-04,1578.8499755859375,1588.449951171875,1563.0,1567.050048828125,18019,CLEAN.BO
2024-01-05,1572.75,1585.5999755859375,1560.050048828125,1571.9000244140625,4585,CLEAN.BO
2024-01-08,1572.5999755859375,1580.0,1515.3499755859375,1527.449951171875,34341,CLEAN.BO
2024-01-09,1540.0,1550.75,1495.0,1500.6500244140625,9973,CLEAN.BO
2024-01-10,1510.5999755859375,1516.5,1485.0,1495.449951171875,6562,CLEAN.BO
2024-01-11,1502.5,1537.75,1494.449951171875,1528.300048828125,4339,CLEAN.BO
2024-01-12,1549.949951171875,1552.0999755859375,1516.6500244140625,1524.0999755859375,6300,CLEAN.BO
2024-01-15,1523.449951171875,1529.4000244140625,1502.0999755859375,1506.050048828125,20044,CLEAN.BO
2024-01-16,1506.3499755859375,1522.25,1485.0,1505.0,6788,CLEAN.BO
2024-01-17,1469.050048828125,1511.8499755859375,1469.050048828125,1474.800048828125,22054,CLEAN.BO
2024-01-19,1506.75,1506.75,1485.300048828125,1498.800048828125,13914,CLEAN.BO
2024-01-23,1475.199951171875,1488.25,1440.0,1445.5,6433,CLEAN.BO
2024-01-24,1441.800048828125,1454.9000244140625,1424.8499755859375,1443.050048828125,15670,CLEAN.BO
2024-01-25,1443.0,1462.449951171875,1435.0,1441.8499755859375,1865,CLEAN.BO
2024-01-29,1441.8499755859375,1455.550048828125,1420.0,1426.75,4680,CLEAN.BO
2024-01-30,1431.0,1439.25,1401.0,1404.75,17614,CLEAN.BO
2024-01-31,1401.0,1506.949951171875,1401.0,1494.1500244140625,41330,CLEAN.BO
2024-02-01,1497.8499755859375,1501.300048828125,1463.0,1479.4000244140625,17577,CLEAN.BO
2024-02-02,1480.3499755859375,1498.949951171875,1453.949951171875,1461.550048828125,16264,CLEAN.BO
2024-02-05,1450.0999755859375,1454.949951171875,1393.050048828125,1399.9000244140625,43600,CLEAN.BO
2024-02-06,1408.25,1419.0,1397.550048828125,1404.9000244140625,3883,CLEAN.BO
2024-02-07,1404.6500244140625,1424.1500244140625,1400.0999755859375,1406.699951171875,17833,CLEAN.BO
2024-02-08,1410.0,1411.0,1368.300048828125,1372.699951171875,6823,CLEAN.BO
2024-02-09,1395.0,1428.25,1381.5,1405.449951171875,27447,CLEAN.BO
2024-02-12,1431.800048828125,1431.800048828125,1387.199951171875,1395.25,5398,CLEAN.BO
2024-02-13,1396.949951171875,1406.949951171875,1376.0999755859375,1395.300048828125,12209,CLEAN.BO
2024-02-14,1381.699951171875,1394.5,1373.3499755859375,1381.449951171875,7822,CLEAN.BO
2024-02-15,1397.949951171875,1414.949951171875,1388.550048828125,1392.0999755859375,2973,CLEAN.BO
2024-02-16,1400.0999755859375,1409.949951171875,1387.0999755859375,1392.1500244140625,15454,CLEAN.BO
2024-02-19,1414.0999755859375,1423.0,1399.0,1402.8499755859375,4358,CLEAN.BO
2024-02-20,1402.949951171875,1415.8499755859375,1401.0,1406.0,12611,CLEAN.BO
2024-02-21,1418.25,1476.0,1413.1500244140625,1465.199951171875,10175,CLEAN.BO
2024-02-22,1480.449951171875,1481.0,1426.300048828125,1451.199951171875,7457,CLEAN.BO
2024-02-23,1461.800048828125,1474.0,1458.0,1468.3499755859375,2940,CLEAN.BO
2024-02-26,1460.5,1481.0,1444.0,1465.300048828125,18555,CLEAN.BO
2024-02-27,1454.699951171875,1473.1500244140625,1453.0999755859375,1462.9000244140625,6185,CLEAN.BO
2024-02-28,1450.050048828125,1467.0999755859375,1406.949951171875,1420.550048828125,16364,CLEAN.BO
2024-02-29,1419.949951171875,1421.5999755859375,1402.8499755859375,1412.4000244140625,10142,CLEAN.BO
2024-03-01,1413.0,1418.5999755859375,1397.9000244140625,1400.699951171875,3232,CLEAN.BO
2024-03-04,1417.8499755859375,1422.449951171875,1386.5999755859375,1390.25,3464,CLEAN.BO
2024-03-05,1412.449951171875,1427.199951171875,1388.300048828125,1407.75,13443,CLEAN.BO
2024-03-06,1395.25,1402.8499755859375,1365.449951171875,1378.5,17509,CLEAN.BO
2024-03-07,1385.0,1399.1500244140625,1372.6500244140625,1374.449951171875,2650,CLEAN.BO
2024-03-11,1399.6500244140625,1399.6500244140625,1340.0,1344.0,5643,CLEAN.BO
2024-03-12,1340.449951171875,1354.5,1314.3499755859375,1336.550048828125,20568,CLEAN.BO
2024-03-13,1325.550048828125,1347.4000244140625,1282.550048828125,1289.199951171875,36691,CLEAN.BO
2024-03-14,1280.0999755859375,1317.5,1280.0,1300.5,6358,CLEAN.BO
2024-03-15,1326.550048828125,1333.75,1297.9000244140625,1300.0,5893,CLEAN.BO
2024-03-18,1305.300048828125,1314.0,1281.0,1287.1500244140625,15098,CLEAN.BO
2024-03-19,1309.300048828125,1315.0,1287.0,1303.699951171875,4034,CLEAN.BO
2024-03-20,1319.6500244140625,1325.0,1281.5,1301.050048828125,4826,CLEAN.BO
2024-03-21,1287.550048828125,1319.3499755859375,1287.550048828125,1296.8499755859375,15562,CLEAN.BO
2024-03-22,1301.0,1320.0,1300.0,1306.449951171875,14398,CLEAN.BO
2024-03-26,1307.0,1317.949951171875,1290.4000244140625,1313.4000244140625,7795,CLEAN.BO
2024-03-27,1315.050048828125,1356.449951171875,1307.9000244140625,1346.9000244140625,6884,CLEAN.BO
2024-03-28,1361.300048828125,1361.300048828125,1301.25,1328.0999755859375,8703,CLEAN.BO
2024-04-01,1330.0,1352.0,1330.0,1347.3499755859375,4498,CLEAN.BO
2024-04-02,1373.800048828125,1373.800048828125,1326.0999755859375,1328.699951171875,4923,CLEAN.BO
2024-04-03,1329.699951171875,1359.1500244140625,1323.949951171875,1343.5999755859375,11793,CLEAN.BO
2024-04-04,1364.949951171875,1364.949951171875,1333.75,1336.9000244140625,11598,CLEAN.BO
2024-04-05,1340.4000244140625,1352.0,1337.0,1348.300048828125,10814,CLEAN.BO
2024-04-08,1367.949951171875,1367.949951171875,1331.050048828125,1336.050048828125,2899,CLEAN.BO
2024-04-09,1333.550048828125,1340.9000244140625,1321.5,1325.449951171875,12350,CLEAN.BO
2024-04-10,1327.5999755859375,1367.4000244140625,1322.25,1362.6500244140625,23152,CLEAN.BO
2024-04-12,1361.5,1388.25,1353.800048828125,1357.1500244140625,19276,CLEAN.BO
2024-04-15,1322.0,1349.699951171875,1296.9000244140625,1319.050048828125,6851,CLEAN.BO
2024-04-16,1316.949951171875,1345.9000244140625,1316.949951171875,1332.8499755859375,15193,CLEAN.BO
2024-04-18,1338.0,1341.300048828125,1309.0999755859375,1314.300048828125,3652,CLEAN.BO
2024-04-19,1301.550048828125,1321.949951171875,1293.0,1298.0,21510,CLEAN.BO
2024-04-22,1298.0999755859375,1317.5,1298.0999755859375,1305.3499755859375,11018,CLEAN.BO
2024-04-23,1318.050048828125,1318.050048828125,1297.8499755859375,1300.3499755859375,15874,CLEAN.BO
2024-04-24,1305.9000244140625,1318.0,1298.800048828125,1300.449951171875,13389,CLEAN.BO
2024-04-25,1300.75,1317.199951171875,1300.75,1312.0,13444,CLEAN.BO
2024-04-26,1323.0,1323.0,1300.0,1312.449951171875,4759,CLEAN.BO
2024-04-29,1333.0,1333.0,1311.300048828125,1323.8499755859375,5567,CLEAN.BO
2024-04-30,1323.0,1343.9000244140625,1317.0,1319.25,14724,CLEAN.BO
2024-05-02,1328.800048828125,1328.800048828125,1308.0,1312.25,3577,CLEAN.BO
2024-05-03,1324.9000244140625,1328.5999755859375,1301.4000244140625,1303.800048828125,15048,CLEAN.BO
2024-05-06,1307.050048828125,1317.199951171875,1303.0,1304.6500244140625,11726,CLEAN.BO
2024-05-07,1303.050048828125,1308.550048828125,1293.0,1301.1500244140625,16000,CLEAN.BO
2024-05-08,1309.9000244140625,1309.9000244140625,1291.0,1295.550048828125,2299,CLEAN.BO
2024-05-09,1298.449951171875,1301.949951171875,1287.0,1289.1500244140625,13410,CLEAN.BO
2024-05-10,1295.050048828125,1300.0,1285.0,1292.75,4481,CLEAN.BO
2024-05-13,1299.949951171875,1299.949951171875,1276.199951171875,1278.75,13892,CLEAN.BO
2024-05-14,1278.0,1299.9000244140625,1275.3499755859375,1288.949951171875,9427,CLEAN.BO
2024-05-15,1300.699951171875,1335.1500244140625,1294.75,1326.050048828125,29304,CLEAN.BO
2024-05-16,1327.0,1364.4000244140625,1327.0,1349.6500244140625,6781,CLEAN.BO
2024-05-17,1359.0,1359.050048828125,1331.25,1346.300048828125,3220,CLEAN.BO
2024-05-21,1326.0,1338.800048828125,1321.1500244140625,1334.75,3306,CLEAN.BO
2024-05-22,1350.5,1403.550048828125,1339.050048828125,1396.6500244140625,18442,CLEAN.BO
2024-05-23,1394.050048828125,1421.8499755859375,1394.050048828125,1412.0999755859375,32917,CLEAN.BO
2024-05-24,1420.949951171875,1420.949951171875,1368.0999755859375,1371.0,5888,CLEAN.BO
2024-05-27,1398.449951171875,1398.449951171875,1342.800048828125,1374.199951171875,6617,CLEAN.BO
2024-05-28,1362.3499755859375,1375.0,1352.0,1359.9000244140625,13185,CLEAN.BO
2024-05-29,1358.0,1358.0,1334.0999755859375,1338.3499755859375,11762,CLEAN.BO
2024-05-30,1341.3499755859375,1342.949951171875,1325.0,1332.75,3013,CLEAN.BO
2024-05-31,1336.199951171875,1336.4000244140625,1301.0,1307.4000244140625,2875,CLEAN.BO
2024-06-03,1333.699951171875,1348.9000244140625,1300.0,1302.699951171875,22152,CLEAN.BO
2024-06-04,1295.050048828125,1313.050048828125,1244.449951171875,1278.800048828125,13062,CLEAN.BO
2024-06-05,1280.0,1312.949951171875,1267.550048828125,1297.800048828125,17895,CLEAN.BO
2024-06-06,1319.949951171875,1334.699951171875,1300.0,1303.0999755859375,6675,CLEAN.BO
2024-06-07,1309.0,1328.5999755859375,1304.0999755859375,1319.8499755859375,15086,CLEAN.BO
2024-06-10,1325.449951171875,1349.0,1318.6500244140625,1324.6500244140625,4773,CLEAN.BO
2024-06-11,1345.0,1387.0,1331.3499755859375,1369.5999755859375,24528,CLEAN.BO
2024-06-12,1380.0,1392.0,1362.75,1376.800048828125,7301,CLEAN.BO
2024-06-13,1370.0,1388.050048828125,1362.0,1369.9000244140625,18167,CLEAN.BO
2024-06-14,1380.0,1380.0,1348.1500244140625,1350.300048828125,5514,CLEAN.BO
2024-06-18,1350.5,1372.75,1339.1500244140625,1363.300048828125,16264,CLEAN.BO
2024-06-19,1363.050048828125,1408.0999755859375,1363.050048828125,1394.9000244140625,11082,CLEAN.BO
2024-06-20,1412.949951171875,1464.5,1401.75,1443.6500244140625,106188,CLEAN.BO
2024-06-21,1480.0,1484.449951171875,1440.0,1451.0999755859375,44038,CLEAN.BO
2024-06-24,1423.550048828125,1486.199951171875,1415.9000244140625,1465.699951171875,23710,CLEAN.BO
2024-06-25,1465.699951171875,1469.300048828125,1435.0,1460.050048828125,22139,CLEAN.BO
2024-06-26,1450.0,1458.6500244140625,1428.800048828125,1431.6500244140625,5563,CLEAN.BO
2024-06-27,1432.0,1445.0,1399.75,1410.800048828125,17135,CLEAN.BO
2024-06-28,1408.75,1440.0,1403.550048828125,1428.449951171875,4210,CLEAN.BO
2024-07-01,1456.800048828125,1499.5999755859375,1445.0,1478.1500244140625,12813,CLEAN.BO
2024-07-02,1494.5999755859375,1548.9000244140625,1473.449951171875,1514.449951171875,68945,CLEAN.BO
2024-07-03,1516.0999755859375,1528.949951171875,1491.800048828125,1498.4000244140625,14042,CLEAN.BO
2024-07-04,1500.0,1510.949951171875,1466.3499755859375,1481.449951171875,26010,CLEAN.BO
2024-07-05,1490.4000244140625,1525.699951171875,1475.300048828125,1510.050048828125,11741,CLEAN.BO
2024-07-08,1501.050048828125,1518.25,1480.300048828125,1512.75,9483,CLEAN.BO
2024-07-09,1524.949951171875,1524.949951171875,1479.5,1486.6500244140625,18441,CLEAN.BO
2024-07-10,1503.0,1503.0,1447.800048828125,1457.8499755859375,7202,CLEAN.BO
2024-07-11,1451.0,1504.699951171875,1440.0999755859375,1501.25,8169,CLEAN.BO
2024-07-12,1510.050048828125,1528.25,1487.25,1493.4000244140625,9581,CLEAN.BO
2024-07-15,1493.300048828125,1493.300048828125,1464.050048828125,1478.3499755859375,4699,CLEAN.BO
2024-07-16,1474.0,1499.0,1469.199951171875,1474.0,11175,CLEAN.BO
2024-07-18,1475.0,1500.0,1440.9000244140625,1478.4000244140625,12644,CLEAN.BO
2024-07-19,1480.0,1480.0,1433.75,1455.949951171875,6879,CLEAN.BO
2024-07-22,1415.0,1477.0999755859375,1415.0,1451.949951171875,6241,CLEAN.BO
2024-07-23,1435.050048828125,1486.3499755859375,1400.050048828125,1461.0,25159,CLEAN.BO
2024-07-24,1462.0,1480.300048828125,1451.1500244140625,1476.699951171875,3269,CLEAN.BO
2024-07-25,1470.0,1568.5999755859375,1451.25,1521.1500244140625,56280,CLEAN.BO
2024-07-26,1525.050048828125,1554.1500244140625,1516.0,1529.449951171875,33852,CLEAN.BO
2024-07-29,1530.0,1542.0999755859375,1506.5999755859375,1514.5,4981,CLEAN.BO
2024-07-30,1514.5,1592.0,1514.5,1584.0,14617,CLEAN.BO
2024-07-31,1594.75,1654.9000244140625,1569.4000244140625,1621.1500244140625,98956,CLEAN.BO
2024-08-01,1639.0,1690.0,1548.550048828125,1562.8499755859375,49500,CLEAN.BO
2024-08-02,1552.050048828125,1659.5,1524.0999755859375,1649.699951171875,94050,CLEAN.BO
2024-08-05,1616.75,1686.0,1575.0,1593.300048828125,40174,CLEAN.BO
2024-08-06,1620.0,1643.75,1545.0,1550.699951171875,48212,CLEAN.BO
2024-08-07,1561.5,1610.550048828125,1556.800048828125,1590.8499755859375,13153,CLEAN.BO
2024-08-08,1599.8499755859375,1634.949951171875,1581.6500244140625,1588.6500244140625,26819,CLEAN.BO
2024-08-09,1614.050048828125,1614.050048828125,1583.8499755859375,1605.449951171875,4731,CLEAN.BO
2024-08-12,1575.1500244140625,1664.0,1575.1500244140625,1635.300048828125,34589,CLEAN.BO
2024-08-13,1654.199951171875,1654.199951171875,1586.550048828125,1592.5,11395,CLEAN.BO
2024-08-14,1595.0,1613.0,1560.5,1590.9000244140625,6321,CLEAN.BO
2024-08-16,1600.550048828125,1606.6500244140625,1572.949951171875,1578.0,20619,CLEAN.BO
2024-08-19,1578.800048828125,1586.0,1551.5999755859375,1554.699951171875,20837,CLEAN.BO
2024-08-20,1547.75,1585.0,1547.75,1563.5999755859375,13108,CLEAN.BO
2024-08-21,1563.6500244140625,1581.1500244140625,1559.4000244140625,1565.199951171875,5588,CLEAN.BO
2024-08-22,1574.949951171875,1623.0,1558.5999755859375,1563.550048828125,28415,CLEAN.BO
2024-08-23,1563.5999755859375,1580.75,1542.699951171875,1548.5,16302,CLEAN.BO
2024-08-26,1548.5,1552.300048828125,1510.3499755859375,1515.9000244140625,15633,CLEAN.BO
2024-08-28,1554.5,1554.5,1511.0,1513.699951171875,6280,CLEAN.BO
2024-08-29,1519.949951171875,1520.699951171875,1470.3499755859375,1476.699951171875,8866,CLEAN.BO
2024-08-30,1504.8499755859375,1512.75,1480.0,1492.800048828125,13849,CLEAN.BO
2024-09-02,1492.800048828125,1507.4000244140625,1462.949951171875,1470.699951171875,6616,CLEAN.BO
2024-09-03,1470.699951171875,1491.300048828125,1470.699951171875,1480.1500244140625,3800,CLEAN.BO
2024-09-04,1477.300048828125,1524.9000244140625,1465.050048828125,1507.1500244140625,19997,CLEAN.BO
2024-09-05,1512.75,1535.0,1496.449951171875,1501.300048828125,13891,CLEAN.BO
2024-09-06,1505.0999755859375,1518.0,1485.0,1515.75,5970,CLEAN.BO
2024-09-09,1501.050048828125,1539.3499755859375,1475.050048828125,1535.4000244140625,16871,CLEAN.BO
2024-09-10,1552.199951171875,1584.8499755859375,1538.5,1578.8499755859375,12088,CLEAN.BO
2024-09-11,1578.8499755859375,1592.0,1556.0,1563.8499755859375,5616,CLEAN.BO
2024-09-12,1560.050048828125,1579.0,1547.75,1571.800048828125,11687,CLEAN.BO
2024-09-13,1550.300048828125,1592.550048828125,1550.300048828125,1572.6500244140625,5707,CLEAN.BO
2024-09-16,1576.800048828125,1606.449951171875,1560.25,1590.550048828125,6564,CLEAN.BO
2024-09-17,1598.550048828125,1598.550048828125,1565.449951171875,1578.1500244140625,19092,CLEAN.BO
2024-09-18,1580.699951171875,1585.0,1554.5,1565.0999755859375,7390,CLEAN.BO
2024-09-19,1580.9000244140625,1580.9000244140625,1514.0,1549.550048828125,22095,CLEAN.BO
2024-09-20,1535.050048828125,1570.0,1535.050048828125,1547.050048828125,6338,CLEAN.BO
2024-09-23,1533.25,1553.699951171875,1533.0,1537.949951171875,3325,CLEAN.BO
2024-09-24,1535.550048828125,1541.199951171875,1516.300048828125,1523.050048828125,10737,CLEAN.BO
2024-09-25,1511.300048828125,1540.699951171875,1511.300048828125,1529.199951171875,13743,CLEAN.BO
2024-09-26,1533.949951171875,1567.199951171875,1513.6500244140625,1557.0999755859375,6419,CLEAN.BO
2024-09-27,1541.050048828125,1569.550048828125,1533.5999755859375,1537.75,5051,CLEAN.BO
2024-09-30,1535.300048828125,1585.0,1535.300048828125,1577.75,22991,CLEAN.BO
2024-10-01,1598.4000244140625,1635.0,1565.75,1626.3499755859375,48754,CLEAN.BO
2024-10-03,1626.300048828125,1643.3499755859375,1581.949951171875,1589.75,14240,CLEAN.BO
2024-10-04,1589.75,1610.550048828125,1548.75,1574.25,9619,CLEAN.BO
2024-10-07,1578.949951171875,1578.949951171875,1481.1500244140625,1507.4000244140625,13183,CLEAN.BO
2024-10-08,1475.5,1548.6500244140625,1475.5,1538.300048828125,13221,CLEAN.BO
2024-10-09,1548.9000244140625,1570.0,1540.0,1558.75,4607,CLEAN.BO
2024-10-10,1579.949951171875,1580.0,1544.5,1555.5,8984,CLEAN.BO
2024-10-11,1551.0,1578.4000244140625,1542.5999755859375,1568.1500244140625,4424,CLEAN.BO
2024-10-14,1589.949951171875,1595.5,1551.550048828125,1588.1500244140625,3425,CLEAN.BO
2024-10-15,1585.0,1620.0,1585.0,1614.949951171875,18416,CLEAN.BO
2024-10-16,1582.699951171875,1626.300048828125,1582.699951171875,1613.699951171875,3855,CLEAN.BO
2024-10-17,1588.6500244140625,1641.0,1586.75,1598.25,5189,CLEAN.BO
2024-10-18,1581.0999755859375,1628.199951171875,1558.449951171875,1597.449951171875,7338,CLEAN.BO
2024-10-21,1582.050048828125,1640.0,1575.949951171875,1587.75,7377,CLEAN.BO
2024-10-22,1599.949951171875,1599.949951171875,1495.300048828125,1507.300048828125,6259,CLEAN.BO
2024-10-23,1481.050048828125,1546.800048828125,1481.050048828125,1522.300048828125,10604,CLEAN.BO
2024-10-24,1520.699951171875,1539.949951171875,1496.1500244140625,1518.4000244140625,5271,CLEAN.BO
2024-10-25,1514.949951171875,1514.949951171875,1463.949951171875,1490.550048828125,15132,CLEAN.BO
2024-10-28,1480.0,1490.550048828125,1454.9000244140625,1465.4000244140625,16066,CLEAN.BO
2024-10-29,1465.4000244140625,1483.0,1445.0999755859375,1461.699951171875,4546,CLEAN.BO
2024-10-31,1499.199951171875,1528.5999755859375,1494.9000244140625,1525.25,4123,CLEAN.BO
2024-11-01,1547.949951171875,1557.0,1521.0,1535.9000244140625,1322,CLEAN.BO
2024-11-04,1535.8499755859375,1537.0999755859375,1493.550048828125,1502.0999755859375,8482,CLEAN.BO
2024-11-06,1512.699951171875,1547.0,1507.050048828125,1544.5,1301,CLEAN.BO
2024-11-07,1544.5999755859375,1582.6500244140625,1475.0,1485.0,7791,CLEAN.BO
2024-11-08,1480.1500244140625,1495.199951171875,1452.050048828125,1471.9000244140625,12739,CLEAN.BO
2024-11-11,1475.0,1475.0,1390.0,1396.6500244140625,7200,CLEAN.BO
2024-11-12,1393.0,1405.0,1356.0,1361.0,13331,CLEAN.BO
2024-11-13,1352.5999755859375,1365.949951171875,1305.449951171875,1308.550048828125,8267,CLEAN.BO
2024-11-14,1295.5,1339.1500244140625,1291.0,1299.6500244140625,6331,CLEAN.BO
2024-11-18,1324.6500244140625,1324.6500244140625,1281.199951171875,1283.8499755859375,12025,CLEAN.BO
2024-11-19,1296.949951171875,1313.949951171875,1285.0,1290.449951171875,7757,CLEAN.BO
2024-11-21,1312.949951171875,1312.949951171875,1270.0,1279.300048828125,3437,CLEAN.BO
2024-11-22,1298.5,1304.550048828125,1270.0,1298.949951171875,37981,CLEAN.BO
2024-11-25,1324.550048828125,1329.550048828125,1284.699951171875,1291.050048828125,6884,CLEAN.BO
2024-11-26,1281.75,1310.0,1281.75,1291.9000244140625,9747,CLEAN.BO
2024-11-27,1284.699951171875,1312.9000244140625,1284.699951171875,1298.5,4486,CLEAN.BO
2024-11-28,1308.6500244140625,1309.0,1281.8499755859375,1289.800048828125,8189,CLEAN.BO
2024-11-29,1293.75,1305.9000244140625,1278.199951171875,1283.449951171875,13262,CLEAN.BO
2024-12-02,1299.949951171875,1299.949951171875,1273.300048828125,1277.699951171875,3317,CLEAN.BO
2024-12-03,1292.449951171875,1315.6500244140625,1281.699951171875,1289.050048828125,16919,CLEAN.BO
2024-12-04,1299.0,1309.0,1285.0,1288.0,15919,CLEAN.BO
2024-12-05,1295.0,1300.9000244140625,1282.199951171875,1287.8499755859375,16155,CLEAN.BO
2024-12-06,1298.75,1298.75,1284.4000244140625,1292.699951171875,2579,CLEAN.BO
2024-12-09,1301.449951171875,1308.75,1285.75,1288.800048828125,13321,CLEAN.BO
2024-12-10,1298.0,1407.5,1290.0,1399.1500244140625,44522,CLEAN.BO
2024-12-11,1402.050048828125,1447.75,1377.25,1438.949951171875,43384,CLEAN.BO
2024-12-12,1440.050048828125,1450.949951171875,1404.0,1410.699951171875,9656,CLEAN.BO
2024-12-13,1410.699951171875,1430.3499755859375,1390.449951171875,1422.75,7615,CLEAN.BO
2024-12-16,1425.0,1444.949951171875,1390.0,1434.9000244140625,7266,CLEAN.BO
2024-12-17,1437.199951171875,1450.0,1412.0,1422.300048828125,7283,CLEAN.BO
2024-12-18,1432.949951171875,1477.949951171875,1414.6500244140625,1470.949951171875,22562,CLEAN.BO
2024-12-19,1432.300048828125,1487.25,1432.300048828125,1482.699951171875,11739,CLEAN.BO
2024-12-20,1487.0,1502.949951171875,1434.699951171875,1450.050048828125,38765,CLEAN.BO
2024-12-23,1450.0,1458.800048828125,1411.300048828125,1450.550048828125,8948,CLEAN.BO
2024-12-24,1445.050048828125,1462.3499755859375,1426.9000244140625,1430.4000244140625,7058,CLEAN.BO
2024-12-26,1422.050048828125,1429.9000244140625,1380.9000244140625,1402.800048828125,20220,CLEAN.BO
2024-12-27,1402.800048828125,1431.550048828125,1387.1500244140625,1424.0,5440,CLEAN.BO
2024-12-30,1402.699951171875,1425.6500244140625,1388.050048828125,1395.5,8548,CLEAN.BO
2024-12-31,1401.699951171875,1433.9000244140625,1391.949951171875,1422.199951171875,11890,CLEAN.BO
2025-01-01,1410.0,1558.550048828125,1410.0,1541.300048828125,40477,CLEAN.BO
2025-01-02,1549.949951171875,1553.050048828125,1511.0,1514.25,7983,CLEAN.BO
2025-01-03,1514.199951171875,1531.1500244140625,1491.0,1496.550048828125,9906,CLEAN.BO
2025-01-06,1475.0,1507.699951171875,1427.949951171875,1445.050048828125,21113,CLEAN.BO
2025-01-07,1431.199951171875,1481.699951171875,1431.199951171875,1449.050048828125,9556,CLEAN.BO
2025-01-08,1446.0,1457.1500244140625,1398.75,1415.199951171875,4574,CLEAN.BO
2025-01-09,1400.0999755859375,1505.0,1400.0999755859375,1444.25,28148,CLEAN.BO
2025-01-10,1437.949951171875,1437.949951171875,1403.199951171875,1408.199951171875,15221,CLEAN.BO
2025-01-13,1390.0,1417.3499755859375,1362.5,1376.4000244140625,7831,CLEAN.BO
2025-01-14,1350.0999755859375,1390.449951171875,1350.0999755859375,1368.800048828125,7656,CLEAN.BO
2025-01-15,1358.050048828125,1384.699951171875,1358.050048828125,1371.949951171875,3199,CLEAN.BO
2025-01-16,1390.199951171875,1406.949951171875,1377.449951171875,1393.6500244140625,5567,CLEAN.BO
2025-01-17,1390.050048828125,1430.5,1388.1500244140625,1425.3499755859375,2939,CLEAN.BO
2025-01-20,1425.3499755859375,1443.1500244140625,1423.0,1433.300048828125,1781,CLEAN.BO
2025-01-21,1433.300048828125,1455.0999755859375,1420.5,1436.449951171875,9837,CLEAN.BO
2025-01-22,1436.6500244140625,1447.8499755859375,1403.5999755859375,1420.5,8689,CLEAN.BO
2025-01-23,1410.050048828125,1453.800048828125,1410.050048828125,1431.75,22688,CLEAN.BO
2025-01-24,1458.050048828125,1458.050048828125,1378.449951171875,1388.699951171875,2832,CLEAN.BO
2025-01-27,1370.5999755859375,1388.050048828125,1316.5999755859375,1328.550048828125,16160,CLEAN.BO
2025-01-28,1311.050048828125,1354.949951171875,1300.0,1348.800048828125,9203,CLEAN.BO
2025-01-29,1348.800048828125,1363.1500244140625,1324.25,1332.550048828125,3995,CLEAN.BO
2025-01-30,1337.75,1390.0,1333.800048828125,1366.3499755859375,15678,CLEAN.BO
2025-01-31,1372.5999755859375,1451.0999755859375,1372.5999755859375,1432.9000244140625,6561,CLEAN.BO
2025-02-01,1429.949951171875,1448.949951171875,1392.3499755859375,1438.699951171875,4471,CLEAN.BO
2025-02-03,1459.949951171875,1487.800048828125,1425.449951171875,1484.550048828125,4610,CLEAN.BO
2025-02-04,1482.050048828125,1497.8499755859375,1460.4000244140625,1488.050048828125,25391,CLEAN.BO
2025-02-05,1465.050048828125,1499.9000244140625,1465.050048828125,1494.1500244140625,8048,CLEAN.BO
2025-02-06,1472.0999755859375,1499.699951171875,1450.0,1458.9000244140625,6483,CLEAN.BO
2025-02-07,1448.0999755859375,1470.0,1434.25,1466.300048828125,3866,CLEAN.BO
2025-02-10,1460.0,1460.0,1414.5,1432.550048828125,7900,CLEAN.BO
2025-02-11,1410.050048828125,1418.75,1356.0,1372.949951171875,5116,CLEAN.BO
2025-02-12,1350.0,1372.949951171875,1311.25,1325.6500244140625,12732,CLEAN.BO
2025-02-13,1325.699951171875,1343.0999755859375,1312.0999755859375,1319.5,7819,CLEAN.BO
2025-02-14,1351.0,1351.0,1289.25,1300.5999755859375,11410,CLEAN.BO
2025-02-17,1280.75,1322.8499755859375,1280.75,1305.699951171875,5300,CLEAN.BO
2025-02-18,1302.75,1307.300048828125,1279.4000244140625,1294.550048828125,4312,CLEAN.BO
2025-02-19,1296.949951171875,1331.4000244140625,1284.9000244140625,1325.25,4403,CLEAN.BO
2025-02-20,1300.5,1326.550048828125,1300.0,1305.5,6079,CLEAN.BO
2025-02-21,1359.949951171875,1359.949951171875,1296.8499755859375,1302.550048828125,2882,CLEAN.BO
2025-02-24,1293.5999755859375,1294.4000244140625,1275.0,1280.9000244140625,3325,CLEAN.BO
2025-02-25,1278.949951171875,1298.3499755859375,1272.0,1289.8499755859375,6595,CLEAN.BO
2025-02-27,1339.949951171875,1339.949951171875,1219.0,1231.300048828125,14449,CLEAN.BO
2025-02-28,1221.5,1225.949951171875,1190.0,1194.050048828125,7117,CLEAN.BO
2025-03-03,1205.550048828125,1205.550048828125,1106.9000244140625,1143.949951171875,22607,CLEAN.BO
2025-03-04,1143.949951171875,1191.550048828125,1127.300048828125,1183.699951171875,6029,CLEAN.BO
2025-03-05,1180.0,1259.949951171875,1176.8499755859375,1243.050048828125,5378,CLEAN.BO
2025-03-06,1246.050048828125,1265.5,1220.0,1230.5999755859375,15292,CLEAN.BO
2025-03-07,1230.050048828125,1283.25,1227.4000244140625,1269.800048828125,5027,CLEAN.BO
2025-03-10,1275.0,1283.949951171875,1221.0,1228.9000244140625,2218,CLEAN.BO
2025-03-11,1203.699951171875,1236.0,1191.25,1207.550048828125,8990,CLEAN.BO
2025-03-12,1229.050048828125,1229.050048828125,1187.550048828125,1192.0999755859375,5188,CLEAN.BO
2025-03-13,1192.550048828125,1210.0,1186.050048828125,1203.5999755859375,8075,CLEAN.BO
2025-03-17,1217.800048828125,1217.800048828125,1187.4000244140625,1203.8499755859375,3171,CLEAN.BO
2025-03-18,1201.5,1231.5,1201.5,1229.25,7836,CLEAN.BO
2025-03-19,1240.0,1240.449951171875,1219.9000244140625,1221.4000244140625,10695,CLEAN.BO
2025-03-20,1246.3499755859375,1261.0,1227.0999755859375,1251.800048828125,6724,CLEAN.BO
2025-03-21,1252.699951171875,1267.949951171875,1230.0,1233.8499755859375,11097,CLEAN.BO
2025-03-24,1235.050048828125,1252.300048828125,1220.0,1223.199951171875,4338,CLEAN.BO
2025-03-25,1233.0,1237.800048828125,1203.0,1210.449951171875,7081,CLEAN.BO
2025-03-26,1218.949951171875,1219.0,1195.8499755859375,1199.949951171875,14010,CLEAN.BO
2025-03-27,1195.050048828125,1209.6500244140625,1185.0,1193.8499755859375,13188,CLEAN.BO
2025-03-28,1247.699951171875,1247.699951171875,1160.0,1167.199951171875,9284,CLEAN.BO
2025-04-01,1174.800048828125,1229.0,1166.8499755859375,1215.699951171875,6231,CLEAN.BO
2025-04-02,1210.300048828125,1218.0,1186.0999755859375,1216.0999755859375,1622,CLEAN.BO
2025-04-03,1198.050048828125,1215.1500244140625,1181.0,1207.050048828125,5261,CLEAN.BO
2025-04-04,1198.0,1202.949951171875,1179.1500244140625,1192.800048828125,4617,CLEAN.BO
2025-04-07,1062.050048828125,1184.699951171875,1062.050048828125,1168.3499755859375,14191,CLEAN.BO
2025-04-08,1175.0,1185.800048828125,1160.199951171875,1174.75,7505,CLEAN.BO
2025-04-09,1165.550048828125,1177.949951171875,1138.3499755859375,1146.5,5041,CLEAN.BO
2025-04-11,1177.5,1189.0,1152.0,1180.25,5586,CLEAN.BO
2025-04-15,1180.699951171875,1197.550048828125,1162.550048828125,1165.949951171875,4988,CLEAN.BO
2025-04-16,1165.5,1195.9000244140625,1165.5,1185.1500244140625,3793,CLEAN.BO
2025-04-17,1195.0,1198.0,1170.0,1176.5,12951,CLEAN.BO
2025-04-21,1185.0,1215.949951171875,1170.75,1200.199951171875,20265,CLEAN.BO
2025-04-22,1198.050048828125,1214.800048828125,1193.199951171875,1204.5999755859375,4263,CLEAN.BO
2025-04-23,1218.800048828125,1227.9000244140625,1190.0,1216.0,5477,CLEAN.BO
2025-04-24,1221.0,1252.0999755859375,1218.5999755859375,1220.4000244140625,5204,CLEAN.BO
2025-04-25,1222.550048828125,1231.3499755859375,1172.050048828125,1194.3499755859375,11821,CLEAN.BO
2025-04-28,1182.800048828125,1197.550048828125,1171.0,1189.75,4983,CLEAN.BO
2025-04-29,1189.800048828125,1206.3499755859375,1180.0,1191.6500244140625,9711,CLEAN.BO
2025-04-30,1193.75,1193.75,1170.0,1174.3499755859375,2765,CLEAN.BO
2025-05-02,1176.0,1179.949951171875,1158.0,1168.550048828125,1448,CLEAN.BO
2025-05-05,1179.949951171875,1190.550048828125,1165.0999755859375,1185.949951171875,8595,CLEAN.BO
2025-05-06,1179.4000244140625,1194.1500244140625,1167.0,1173.0,3306,CLEAN.BO
2025-05-07,1135.8499755859375,1189.0,1135.8499755859375,1179.949951171875,10071,CLEAN.BO
2025-05-08,1164.0999755859375,1229.300048828125,1164.0999755859375,1188.9000244140625,13797,CLEAN.BO
2025-05-09,1167.0,1196.9000244140625,1163.6500244140625,1189.1500244140625,3712,CLEAN.BO
2025-05-12,1249.949951171875,1249.949951171875,1218.300048828125,1237.550048828125,3154,CLEAN.BO
2025-05-13,1237.550048828125,1253.0,1233.4000244140625,1248.0,4883,CLEAN.BO
2025-05-14,1263.5999755859375,1275.949951171875,1243.5999755859375,1263.050048828125,2765,CLEAN.BO
2025-05-15,1271.800048828125,1285.0,1262.0,1278.199951171875,4669,CLEAN.BO
2025-05-16,1280.0,1311.0,1269.949951171875,1295.75,9366,CLEAN.BO
2025-05-19,1317.949951171875,1317.949951171875,1258.0999755859375,1286.449951171875,11461,CLEAN.BO
2025-05-20,1307.949951171875,1307.949951171875,1262.75,1266.699951171875,8925,CLEAN.BO
2025-05-21,1271.949951171875,1285.0,1268.0,1274.800048828125,1609,CLEAN.BO
2025-05-22,1274.800048828125,1339.9000244140625,1271.6500244140625,1329.199951171875,20231,CLEAN.BO
2025-05-23,1319.4000244140625,1454.949951171875,1319.4000244140625,1436.5999755859375,90804,CLEAN.BO
2025-05-26,1410.0999755859375,1437.199951171875,1388.75,1424.949951171875,34190,CLEAN.BO
2025-05-27,1401.449951171875,1449.0999755859375,1401.449951171875,1423.25,5462,CLEAN.BO
2025-05-28,1449.949951171875,1449.949951171875,1417.5999755859375,1425.9000244140625,3051,CLEAN.BO
2025-05-29,1420.050048828125,1484.050048828125,1420.050048828125,1468.3499755859375,22620,CLEAN.BO
2025-05-30,1468.5,1599.0,1450.1500244140625,1554.25,36710,CLEAN.BO
2025-06-02,1545.199951171875,1560.5,1491.9000244140625,1504.4000244140625,22475,CLEAN.BO
2025-06-03,1486.300048828125,1523.75,1473.699951171875,1480.8499755859375,6493,CLEAN.BO
2025-06-04,1480.800048828125,1508.0999755859375,1468.5,1490.3499755859375,6260,CLEAN.BO
2025-06-05,1490.449951171875,1565.0,1485.050048828125,1537.699951171875,18011,CLEAN.BO
2025-06-06,1526.6500244140625,1535.0999755859375,1486.0999755859375,1494.75,3222,CLEAN.BO
2025-06-09,1495.0999755859375,1510.3499755859375,1486.5,1502.25,2781,CLEAN.BO
2025-06-10,1519.949951171875,1519.949951171875,1473.300048828125,1477.949951171875,15616,CLEAN.BO
2025-06-11,1481.199951171875,1512.0999755859375,1481.1500244140625,1507.1500244140625,7651,CLEAN.BO
2025-06-12,1519.199951171875,1519.199951171875,1448.699951171875,1458.949951171875,12342,CLEAN.BO
2025-06-13,1458.8499755859375,1475.949951171875,1428.550048828125,1466.25,7602,CLEAN.BO
2025-06-16,1469.0,1491.0,1440.0,1464.800048828125,2193,CLEAN.BO
2025-06-17,1470.699951171875,1481.949951171875,1430.050048828125,1436.9000244140625,3644,CLEAN.BO
2025-06-18,1435.050048828125,1455.9000244140625,1432.8499755859375,1447.0,3255,CLEAN.BO
2025-06-19,1442.0,1455.050048828125,1408.550048828125,1421.4000244140625,15711,CLEAN.BO
2025-06-20,1400.5999755859375,1440.6500244140625,1396.3499755859375,1408.9000244140625,8699,CLEAN.BO
2025-06-23,1386.9000244140625,1442.25,1386.9000244140625,1430.5,6984,CLEAN.BO
2025-06-24,1435.050048828125,1459.0,1428.050048828125,1452.800048828125,9296,CLEAN.BO
2025-06-25,1439.550048828125,1515.4000244140625,1439.550048828125,1502.5999755859375,11021,CLEAN.BO
2025-06-26,1502.5999755859375,1502.5999755859375,1467.699951171875,1472.0999755859375,2717,CLEAN.BO
2025-06-27,1482.3499755859375,1482.3499755859375,1453.199951171875,1463.5999755859375,3830,CLEAN.BO
2025-06-30,1450.050048828125,1478.3499755859375,1446.699951171875,1466.0,4566,CLEAN.BO
2025-07-01,1465.0,1481.8499755859375,1442.449951171875,1448.699951171875,7914,CLEAN.BO
2025-07-02,1436.0999755859375,1461.050048828125,1427.300048828125,1452.6500244140625,2584,CLEAN.BO
2025-07-03,1450.8499755859375,1486.5999755859375,1448.300048828125,1483.199951171875,2050,CLEAN.BO
2025-07-04,1522.949951171875,1522.949951171875,1466.4000244140625,1486.4000244140625,2065,CLEAN.BO
2025-07-07,1461.1500244140625,1485.949951171875,1460.0,1465.3499755859375,5053,CLEAN.BO
2025-07-08,1474.300048828125,1483.9000244140625,1435.0,1449.1500244140625,1563,CLEAN.BO
2025-07-09,1458.25,1475.5,1445.0,1462.449951171875,1343,CLEAN.BO
2025-07-10,1441.050048828125,1468.699951171875,1438.0,1445.5,1253,CLEAN.BO
2025-07-11,1444.0,1452.0,1421.050048828125,1426.25,5244,CLEAN.BO
2025-07-14,1433.3499755859375,1474.3499755859375,1416.949951171875,1455.5,7980,CLEAN.BO
2025-07-15,1432.050048828125,1486.449951171875,1432.050048828125,1441.050048828125,1976,CLEAN.BO
2025-07-16,1432.050048828125,1466.449951171875,1432.050048828125,1457.6500244140625,7217,CLEAN.BO
2025-07-17,1474.949951171875,1481.5,1441.5,1445.949951171875,2997,CLEAN.BO
2025-07-18,1409.949951171875,1410.0,1307.3499755859375,1320.1500244140625,69525,CLEAN.BO
2025-07-21,1307.0,1308.0,1272.4000244140625,1277.1500244140625,36731,CLEAN.BO
2025-07-22,1277.3499755859375,1307.0,1277.3499755859375,1299.550048828125,14789,CLEAN.BO
2025-07-23,1296.5,1314.0,1288.9000244140625,1304.5999755859375,10955,CLEAN.BO
2025-07-24,1316.949951171875,1316.949951171875,1278.0,1282.199951171875,4768,CLEAN.BO
2025-07-25,1280.0,1282.0,1236.9000244140625,1243.0,4825,CLEAN.BO
2025-07-28,1244.0,1254.5,1226.0999755859375,1242.75,10705,CLEAN.BO
2025-07-29,1242.75,1246.9000244140625,1230.0,1238.4000244140625,8098,CLEAN.BO
2025-07-30,1226.5999755859375,1250.8499755859375,1226.0999755859375,1245.949951171875,13220,CLEAN.BO
2025-07-31,1230.6500244140625,1241.4000244140625,1219.3499755859375,1221.050048828125,3945,CLEAN.BO
2025-08-01,1239.8499755859375,1239.8499755859375,1202.3499755859375,1207.050048828125,3009,CLEAN.BO
2025-08-04,1227.949951171875,1227.949951171875,1197.6500244140625,1206.25,2742,CLEAN.BO
2025-08-05,1202.0,1220.0,1197.6500244140625,1215.9000244140625,6531,CLEAN.BO
2025-08-06,1200.949951171875,1224.0,1194.9000244140625,1197.4000244140625,3062,CLEAN.BO
2025-08-07,1198.0,1200.9000244140625,1174.199951171875,1196.6500244140625,11509,CLEAN.BO
2025-08-08,1198.0,1200.949951171875,1170.0,1178.0999755859375,6334,CLEAN.BO
2025-08-11,1180.550048828125,1192.949951171875,1168.800048828125,1180.3499755859375,6414,CLEAN.BO
2025-08-12,1175.0,1185.449951171875,1150.0,1159.6500244140625,18371,CLEAN.BO
2025-08-13,1174.3499755859375,1238.3499755859375,1161.6500244140625,1229.800048828125,8057,CLEAN.BO
2025-08-14,1239.949951171875,1239.949951171875,1168.0,1187.300048828125,2896,CLEAN.BO
2025-08-18,1187.25,1196.75,1163.0,1165.550048828125,10707,CLEAN.BO
2025-08-19,1170.0,1195.1500244140625,1164.800048828125,1189.5,8081,CLEAN.BO
2025-08-20,1204.4000244140625,1210.0,1178.3499755859375,1181.199951171875,6179,CLEAN.BO
2025-08-21,1121.0,1256.300048828125,1075.199951171875,1148.550048828125,65348600,CLEAN.BO
2025-08-22,1140.4000244140625,1160.4000244140625,1128.0,1153.1500244140625,78690,CLEAN.BO
