Date,Predicted_Open,Predicted_High,Predicted_Low,Predicted_Close,Actual_Open,Actual_High,Actual_Low,Actual_Close
2024-09-06,3430.0425,3472.328,3372.1636,3441.6724,3396.5157196445098,3421.8110323930305,3336.947689618182,3351.331298828125
2024-09-09,3436.1914,3478.6328,3378.1724,3447.662,3342.9986320491257,3362.7387977289204,3324.250197180996,3351.5791015625
2024-09-10,3419.7588,3461.3284,3362.0806,3430.1853,3350.884869605794,3404.4514128144124,3324.1512450887863,3350.6865234375
2024-09-11,3404.064,3445.3623,3346.8555,3413.958,3353.066995529478,3382.131852080028,3353.066995529478,3368.888916015625
2024-09-12,3401.3337,3443.428,3344.2776,3410.9602,3382.330429692302,3408.51866328504,3377.7674990119417,3389.37353515625
2024-09-13,3411.4612,3454.543,3354.1965,3421.4102,3394.0358230411484,3404.6002392523355,3348.0083699532343,3354.654541015625
2024-09-16,3439.7092,3484.102,3381.3147,3450.3804,3354.6545477912337,3378.8585936192794,3307.238187015712,3316.066650390625
2024-09-17,3427.1191,3470.1838,3368.1575,3436.707,3319.7865567883346,3327.028008589593,3251.1420692158777,3257.1435546875
2024-09-18,3375.199,3415.873,3317.1187,3382.8782,3254.5145514005303,3259.5238210556545,3184.233170987833,3210.2724609375
2024-09-19,3293.8364,3332.3264,3237.9248,3299.0725,3218.754235912296,3269.493561096572,3213.992716784578,3248.513427734375
2024-09-20,3213.563,3251.7488,3159.9675,3216.4875,3278.470773283321,3289.332829224584,3236.262273590496,3265.475830078125
2024-09-23,3193.4998,3235.1582,3140.439,3195.1,3268.0550888539124,3284.3233493824296,3242.263790535442,3261.5576171875
2024-09-24,3211.9136,3257.3762,3157.4543,3212.324,3279.363838390768,3350.389210608688,3255.3581373386555,3323.060302734375
2024-09-25,3227.4846,3274.3306,3171.5552,3227.111,3342.949297505716,3366.409364101003,3290.027436531881,3304.460693359375
2024-09-26,3288.448,3338.0728,3229.5173,3289.0586,3303.2703958654133,3312.8924864201863,3196.335648127638,3254.862060546875
2024-09-27,3313.816,3362.1619,3253.5925,3315.0784,3253.522697957704,3276.883468054484,3218.952342491862,3245.5869140625
2024-09-30,3293.408,3338.454,3233.4775,3294.9875,3220.936360809201,3293.251096306098,3220.936360809201,3276.189208984375
2024-10-01,3264.6846,3307.543,3205.5203,3266.5823,3283.430809702182,3394.035805255594,3276.586292499945,3388.232666015625
2024-10-03,3259.7244,3302.5554,3201.443,3262.5134,3387.439441357295,3435.054150212816,3337.939838301016,3391.9033203125
2024-10-04,3327.5881,3373.9658,3268.493,3332.9756,3410.403304688795,3496.704958995929,3368.740437092248,3467.243408203125
2024-10-07,3395.5784,3443.3674,3334.7039,3402.6929,3501.665027325219,3529.886613457702,3347.9588446044527,3432.028564453125
2024-10-08,3481.8054,3531.3196,3417.4932,3490.8726,3432.1770461406336,3560.3895606203378,3397.5076370830784,3543.724365234375
2024-10-09,3492.3772,3538.5046,3427.7202,3501.0906,3546.303574005272,3592.430319793033,3527.45608647909,3576.6083984375
2024-10-10,3526.4841,3571.9937,3462.407,3537.2793,3604.830038528674,3624.619852301804,3461.192293455464,3500.524169921875
2024-10-11,3563.959,3608.6812,3500.8743,3576.6228,3500.52394371448,3515.006603898916,3462.6303821730617,3477.8076171875
2024-10-14,3548.9568,3590.7825,3487.5972,3560.708,3485.9419110697354,3491.050717460168,3365.0204961204254,3392.74609375
2024-10-15,3508.9072,3548.4253,3449.7913,3519.5005,3390.7123678475245,3405.294564497733,3339.923399361201,3364.127685546875
2024-10-16,3443.9346,3482.0122,3387.3948,3452.3167,3357.6302049293017,3363.5820428337447,3261.7558707100225,3303.121337890625
2024-10-17,3383.8367,3422.489,3329.6052,3390.4788,3303.071967178708,3319.7371631417336,3252.679686935171,3286.109130859375
2024-10-18,3327.1882,3367.507,3274.3977,3331.6565,3290.324998004437,3355.59687388927,3285.5140739645726,3329.160888671875
2024-10-21,3285.6504,3328.48,3233.204,3288.1252,3352.869026273035,3384.512870802471,3253.6717178034187,3270.3369140625
2024-10-22,3283.2947,3329.8025,3230.0725,3284.725,3287.398729397707,3318.447534692717,3246.03350112421,3283.33154296875
2024-10-23,3269.1328,3316.851,3215.3474,3269.1946,3274.403784368966,3311.2060818514883,3214.9846948114664,3229.566650390625
2024-10-24,3263.442,3311.9976,3208.7563,3263.3337,3292.308771292744,3348.9008799183034,2996.80010864862,3024.625
2024-10-25,3241.7788,3289.6323,3186.7456,3241.3953,3048.729604382265,3119.2589788492114,3021.053655616242,3112.4638671875
2024-10-28,3198.6958,3246.6023,3140.7988,3196.1335,3080.0762548851376,3109.537805408725,3029.4856304087634,3072.78515625
2024-10-29,3140.169,3187.1445,3082.5142,3137.16,3075.0667317379284,3089.004001181368,2998.486462611105,3030.7255859375
2024-10-30,3098.0925,3144.5835,3041.215,3095.3284,3030.725564064732,3047.3411121207287,3010.935750786459,3020.01220703125
2024-10-31,3061.9814,3107.839,3005.6296,3059.2615,3030.477528631821,3104.875503966481,2987.872336526354,3088.011962890625
2024-11-01,3031.5212,3076.633,2975.4363,3028.7812,3090.987749245333,3123.1772234224427,3039.305861058569,3063.01416015625
2024-11-04,3050.5105,3097.3215,2993.0515,3048.266,3064.0063671531284,3075.0667696506443,3030.5272771321825,3047.837158203125
2024-11-05,3055.1057,3100.866,2997.6775,3053.2192,3046.346453596744,3086.0035257023683,3022.939730030809,3052.21044921875
2024-11-06,3049.7715,3093.5469,2992.7764,3048.8167,3054.248055427185,3095.445743243732,3049.4277179974933,3081.4814453125
2024-11-07,3044.7197,3086.9292,2988.3762,3044.841,3081.133302052816,3104.987237294515,3031.4873478619847,3053.3037109375
2024-11-08,3053.2295,3094.8037,2997.324,3054.5764,3026.666730113944,3082.5743901358724,3026.666730113944,3041.575439453125
2024-11-11,3050.8406,3091.2776,2995.559,3052.7842,3026.865553700713,3061.15558619277,2967.3302030445325,2991.4326171875
2024-11-12,3037.06,3076.3215,2982.644,3039.4023,2992.923561718452,3049.328181769103,2992.923561718452,3011.4599609375
2024-11-13,3010.1516,3048.5503,2956.3982,3012.2087,2984.027949054432,3009.5217452238526,2924.144632594871,2939.152587890625
2024-11-14,2989.0234,3027.5427,2935.9744,2990.7888,2941.985413992783,2971.802833729196,2910.2299105044594,2938.4072265625
2024-11-18,2953.2458,2991.4756,2901.0276,2954.2046,2939.450869833486,2995.0603088280977,2900.2410116104897,2949.688232421875
2024-11-19,2917.6665,2956.1711,2866.3298,2917.9844,2953.365478502397,3054.496220185966,2952.3715645792167,3022.939453125
2024-11-21,2900.703,2940.7761,2849.7778,2900.4365,3002.614047254573,3033.325891291693,2992.7743961973765,3007.68310546875
2024-11-22,2937.9,2981.9265,2885.357,2937.4858,2995.8555703933093,3044.060400038929,2995.8555703933093,3035.0654296875
2024-11-25,2961.8708,3006.9343,2908.263,2961.3955,3066.821070771559,3083.170907195725,3026.6668004256867,3072.28759765625
2024-11-26,2986.562,3031.8572,2932.2593,2986.928,3073.330953627404,3124.468020981167,3067.417214097754,3079.095703125
2024-11-27,3023.8604,3069.5703,2968.6697,3025.399,3079.095634332064,3087.643391256985,3002.8127396243585,3013.497314453125
2024-11-28,3055.051,3100.378,2999.285,3057.673,3013.497544067763,3024.430598213968,2951.9246194753214,2962.460205078125
2024-11-29,3038.8074,3081.4587,2983.9436,3041.6462,2962.4601793976904,2995.6568100919376,2952.918507890892,2984.624267578125
2024-12-02,2991.6782,3031.6292,2938.8354,2994.4888,2983.034308774957,3009.5717655745257,2965.9390355199585,2999.881103515625
2024-12-03,2962.0469,3001.912,2910.8506,2964.954,3000.8746485792312,3003.259944961586,2948.048219990071,2954.806640625
2024-12-04,2956.701,2998.123,2906.0925,2959.3242,2954.9063493078334,2974.8841179543724,2933.089985337174,2952.76953125
2024-12-05,2941.7563,2983.8145,2891.3628,2943.3865,2952.769335915587,2981.7418303048066,2933.3382697904794,2967.330078125
2024-12-06,2923.0945,2965.5505,2872.997,2923.9707,2964.845257156335,3067.566359021161,2961.615036879514,3049.377685546875
2024-12-09,2923.8435,2967.8064,2873.0444,2924.1245,3055.1426351094565,3127.7478584277205,3007.931720277159,3117.70947265625
2024-12-10,2976.2815,3024.0312,2923.1477,2976.6643,3121.8838959330587,3187.482220393925,3121.8838959330587,3146.980224609375
2024-12-11,3049.4333,3099.936,2993.993,3050.8313,3150.955860381553,3159.851342155908,3118.156698361968,3134.258056640625
2024-12-12,3120.8792,3172.0874,3063.1372,3123.7324,3134.258039280149,3147.228665447008,3012.6030633432583,3020.902099609375
2024-12-13,3146.002,3194.2559,3087.9849,3150.033,3029.698257415792,3033.8726475565813,2969.6162064927053,2983.729736328125
2024-12-16,3100.9116,3143.982,3044.7122,3104.6526,2983.729781369345,3010.6152031801284,2937.015824099405,2960.372802734375
2024-12-17,3035.7004,3075.5361,2982.0608,3039.1743,2956.695256328356,3023.585713453086,2956.6455121000804,3008.47802734375
2024-12-18,2977.398,3016.5837,2926.4236,2980.3555,3006.5897825264897,3046.9427870828067,3000.278331706216,3020.454833984375
2024-12-19,2965.5024,3007.3608,2915.6145,2968.0688,2992.625225560817,3018.516733063224,2976.37487771095,3004.10498046875
2024-12-20,2978.8003,3023.544,2928.4133,2980.565,3001.62024852832,3012.3545681467285,2917.1375594141123,2928.319091796875
2024-12-23,2980.9902,3026.4216,2930.2644,2982.133,2783.2075918562336,2996.103915497621,2783.2075918562336,2928.269287109375
2024-12-24,2952.4102,2996.5227,2902.1982,2952.8796,2935.7734669815063,2941.786695190918,2898.253213615936,2906.353515625
2024-12-26,2929.6177,2974.3293,2879.9473,2930.4211,2899.2473260051347,2951.924771421066,2890.699567988931,2936.56884765625
2024-12-27,2897.3794,2941.5125,2848.908,2898.3506,2920.1193191683137,2974.287631930285,2912.0190171658223,2930.754150390625
2024-12-30,2894.6328,2939.9075,2846.3462,2896.1365,2914.8019164848342,2996.054389370261,2913.2117996114525,2936.91650390625
2024-12-31,2900.4028,2946.5337,2851.5454,2901.9585,2918.131441137648,2996.004698422017,2913.211615474588,2982.139404296875
2025-01-01,2928.3044,2976.5364,2876.0977,2929.0984,2973.045303496687,3046.346462254023,2963.702608798346,3034.46923828125
2025-01-02,2943.629,2991.5566,2890.4124,2944.325,3040.084627686998,3043.563326600511,2958.8819044368024,2982.73583984375
2025-01-03,2988.604,3037.202,2934.1013,2990.278,2983.779568894706,3016.429498165328,2890.550387267991,2926.728759765625
2025-01-06,3004.09,3051.007,2948.6716,3005.803,2966.833043351327,3058.322867976246,2932.244790495876,2982.18896484375
2025-01-07,2975.1545,3018.82,2920.4744,2976.5125,2981.7916956954004,3124.766076675291,2964.0004897921226,3081.779296875
2025-01-08,3000.6453,3046.7095,2942.9067,3001.1326,3081.8290685736274,3092.0664312291938,2963.155834909483,2976.3251953125
2025-01-09,3036.741,3084.5107,2977.802,3036.8103,2991.1841128307165,2994.1658547607685,2946.756206603894,2985.966064453125
2025-01-10,3013.2644,3057.9446,2955.9866,3012.642,2985.1708722239537,2985.1708722239537,2890.9477790984265,2910.3291015625
2025-01-13,2984.333,3026.777,2929.413,2984.1577,2882.400477921098,2894.277702241025,2832.655031382871,2846.37109375
2025-01-14,2944.6567,2985.369,2892.2966,2944.604,2844.5816559162804,2854.719529429473,2768.547240585185,2785.990478515625
2025-01-15,2892.7542,2932.074,2843.033,2893.0278,2787.9288722666483,2803.930985315551,2713.484807997809,2754.5830078125
2025-01-16,2842.6704,2881.9634,2794.6545,2842.9648,2787.332178677249,2802.4398648104934,2739.177096428157,2796.3271484375
2025-01-17,2792.2324,2831.883,2745.952,2792.683,2807.806963357404,2812.726788974632,2776.001716338842,2792.947998046875
2025-01-20,2773.6946,2815.3093,2728.1558,2774.4644,2792.9478765190165,2821.7713803754086,2776.001595548357,2803.334228515625
2025-01-21,2768.8013,2811.8357,2723.3518,2769.7927,2798.613106117338,2833.3006046883875,2757.812891376275,2777.293701171875
2025-01-22,2774.501,2818.491,2728.5889,2775.9556,2791.3080516877653,2832.654972203601,2777.294009523422,2825.548583984375
2025-01-23,2774.5059,2818.403,2728.1812,2776.4392,2852.533129705348,2911.124310441336,2844.1843493144643,2860.136474609375
2025-01-24,2793.6296,2838.1338,2746.2773,2796.3423,2842.693602370034,2851.1418715896834,2793.69359236511,2811.6337890625
2025-01-27,2832.0532,2877.5728,2782.88,2835.3003,2807.2604591156905,2807.2604591156905,2723.1754770033835,2729.983642578125
2025-01-28,2838.208,2882.166,2788.0994,2841.6401,2733.363072317776,2745.140807986229,2650.7189750894963,2665.627685546875
2025-01-29,2795.992,2836.2874,2747.1763,2799.4924,2660.906526081391,2769.938843916404,2660.807280273747,2742.208740234375
2025-01-30,2736.4656,2774.1348,2689.645,2740.0356,2742.208675435035,2874.3494907674667,2738.1832752783043,2860.33544921875
2025-01-31,2724.4985,2763.9746,2677.9597,2727.8909,2870.423523755972,2917.137479994383,2804.874946458774,2835.686279296875
2025-02-01,2793.3103,2839.1826,2742.485,2795.4329,2871.417718486485,2876.2878003171177,2777.989796874256,2844.1845703125
2025-02-03,2823.8665,2870.4712,2771.2883,2824.7654,2832.654684934888,2840.6059963311964,2754.433707604657,2800.10400390625
2025-02-04,2831.27,2876.401,2778.8755,2832.1963,2837.673955365018,2844.084651549248,2767.752014781712,2812.97509765625
2025-02-05,2818.3025,2861.2341,2767.114,2819.602,2834.6887344729184,2838.7226866117626,2772.9849998671343,2781.4013671875
2025-02-06,2810.1667,2852.1746,2760.2012,2812.0237,2749.030643692186,2806.8001282335435,2749.030643692186,2794.399658203125
2025-02-07,2794.3108,2835.4846,2745.8179,2796.4744,2793.8517333263408,2808.294104140328,2758.990838258097,2800.624755859375
2025-02-10,2785.1858,2826.575,2737.8516,2787.888,2821.840176444772,2821.889783187675,2756.102487967253,2761.77978515625
2025-02-11,2781.6692,2823.5286,2735.211,2784.6667,2741.062459930442,2761.182128480462,2666.958252322541,2705.50439453125
2025-02-12,2768.3452,2809.996,2722.6685,2771.2068,2665.364421949973,2712.177623680783,2632.4955781815315,2662.774658203125
2025-02-13,2736.351,2777.3105,2691.606,2739.009,2649.427930171408,2679.258846390217,2604.8059374502504,2613.072998046875
2025-02-14,2690.4978,2730.71,2647.2969,2693.2178,2613.072975246137,2651.7188144041334,2576.767893349332,2609.8857421875
2025-02-17,2641.0164,2680.9153,2599.4082,2643.8186,2596.787804902382,2626.569113482153,2582.29582830286,2619.049072265625
2025-02-18,2603.9636,2644.691,2563.3198,2606.7764,2619.049253466701,2631.3502666048807,2592.903582082978,2616.70849609375
2025-02-19,2587.6565,2630.04,2546.695,2590.1343,2589.666307053275,2619.248215849788,2556.0005964275247,2602.46533203125
2025-02-20,2576.9995,2620.2852,2535.598,2579.133,2601.518942371945,2629.5073565794105,2562.275634394141,2615.01513671875
2025-02-21,2567.6372,2611.2651,2525.7898,2569.679,2615.0152718170625,2619.497386860972,2535.8810892870024,2589.16845703125
2025-02-24,2568.6226,2612.7236,2526.0583,2570.633,2581.6983329713294,2614.467477661058,2567.604668120802,2579.457275390625
2025-02-25,2563.9353,2607.723,2520.9084,2565.9773,2579.4571304082247,2606.4495196867933,2373.578700866637,2400.521240234375
2025-02-27,2554.1912,2597.2961,2510.8606,2556.3125,2389.465457137797,2425.272529464177,2293.149828529165,2349.17626953125
2025-02-28,2513.488,2555.2126,2469.6873,2515.1455,2342.552547099986,2348.977106854222,2290.8589149396907,2301.267333984375
2025-03-03,2445.3914,2485.6006,2402.0073,2447.4172,2299.723434586579,2345.640312494188,2284.434587369114,2340.361328125
2025-03-04,2360.4578,2398.61,2320.3064,2364.0464,2315.7593840499767,2390.36159984222,2301.566020083219,2377.214111328125
2025-03-05,2317.9692,2357.2136,2279.2542,2322.0398,2372.4829767080646,2425.123023550831,2360.132357330476,2417.65283203125
2025-03-06,2321.1714,2363.2998,2281.5798,2324.3071,2441.2087508985987,2514.964490838231,2413.369885663776,2508.390625
2025-03-07,2360.3108,2405.5283,2317.7468,2362.054,2490.063993093853,2523.3311507734625,2473.131557940815,2483.3408203125
2025-03-10,2431.0715,2478.9302,2385.242,2432.108,2501.867017598089,2617.5552945546688,2482.294968523146,2593.600830078125
2025-03-11,2480.9805,2527.9695,2433.6697,2482.8152,2548.48069460188,2591.1106370831003,2497.0360718418274,2518.25146484375
2025-03-12,2555.5405,2603.2227,2506.1326,2558.705,2501.020365677326,2541.3095539176734,2484.635792640585,2513.2216796875
2025-03-13,2577.9482,2622.4243,2529.1406,2582.6487,2492.055966364373,2527.365024048305,2483.8387554441074,2515.014404296875
2025-03-17,2564.6592,2605.154,2518.2463,2571.141,2515.0142751871936,2571.737879630184,2515.0142751871936,2533.092041015625
2025-03-18,2543.0374,2580.9565,2499.3906,2550.5647,2533.092041015625,2533.092041015625,2533.092041015625,2533.092041015625
2025-03-19,2535.51,2573.168,2493.5308,2542.9622,2511.0304715520374,2569.696284087312,2511.0304715520374,2549.62646484375
2025-03-20,2526.7295,2564.2974,2486.0059,2533.47,2580.7023171279347,2580.7023171279347,2501.0701194268454,2508.241455078125
2025-03-21,2531.595,2570.4265,2491.0312,2537.231,2496.8370001450967,2547.186142404052,2488.071926310262,2523.779541015625
2025-03-24,2520.6853,2559.7341,2480.587,2525.0657,2508.2911663735727,2534.7852998391704,2468.450144767894,2480.5517578125
2025-03-25,2514.9666,2555.0583,2474.8716,2518.5159,2504.008128852099,2518.948511482481,2470.143261556565,2492.9521484375
2025-03-26,2501.2356,2542.137,2460.6646,2503.7585,2493.051848513927,2507.4443684819566,2430.9495607724416,2438.0712890625
2025-03-27,2484.4946,2526.1345,2443.944,2486.432,2400.421579244436,2545.094290607612,2400.421579244436,2478.111572265625
2025-03-28,2455.8213,2497.6616,2415.7642,2457.3704,2477.8626224433465,2495.0440635998725,2450.222912756761,2468.9482421875
2025-04-01,2453.5684,2497.91,2412.9966,2454.744,2479.8547813468986,2508.9885306608444,2366.656567178104,2389.86376953125
2025-04-02,2448.062,2493.3167,2407.424,2449.134,2390.511397583052,2500.02436860147,2361.576803965771,2487.225341796875
2025-04-03,2429.1484,2474.3992,2388.3035,2430.1226,2475.123520191488,2566.0108526733684,2453.80867044468,2504.85498046875
2025-04-04,2458.7058,2507.5945,2414.6616,2458.705,2500.024119040708,2530.900910949179,2455.2029694961534,2505.701416015625
2025-04-07,2476.4136,2525.916,2431.611,2476.3613,2372.781786600624,2475.472114616364,2342.203851879183,2453.310546875
2025-04-08,2489.6768,2538.4622,2444.965,2490.4473,2514.6159557376213,2535.333337032655,2443.9978373488807,2525.87109375
2025-04-09,2483.3555,2530.5422,2439.374,2485.1897,2496.0400807020783,2675.3246834659944,2496.0400807020783,2657.147216796875
2025-04-11,2493.2466,2539.8513,2450.1777,2495.969,2659.4381989539493,2704.2095009900536,2629.607280901216,2691.06201171875
2025-04-15,2569.38,2619.703,2524.486,2572.5308,2691.261224876766,2756.998915787893,2670.742999839408,2741.859375
2025-04-16,2637.703,2688.4932,2591.6812,2641.5728,2740.0663449913127,2768.652230236296,2718.153782435948,2761.28173828125
2025-04-17,2696.3228,2746.0127,2649.9685,2701.4465,2739.0702075406625,2761.381082144876,2690.264956569938,2703.31298828125
2025-04-21,2738.7131,2786.0378,2692.7285,2745.0532,2683.293081282662,2733.6920760685725,2683.293081282662,2716.361083984375
2025-04-22,2739.6733,2783.097,2694.9817,2746.4187,2729.0103523409407,2773.9312026574835,2712.7753301434973,2751.122314453125
2025-04-23,2731.0242,2772.0972,2687.9465,2738.0781,2767.955123085877,2775.3256152063227,2722.835115086651,2757.197998046875
2025-04-24,2737.9934,2779.097,2695.9607,2745.0745,2763.9709194904203,2829.509449746992,2746.1421592958823,2777.118408203125
2025-04-25,2750.8113,2792.5354,2709.1963,2757.5847,2825.7245887905133,2967.1602220680084,2712.476528243933,2899.629638671875
2025-04-28,2773.1038,2816.2659,2731.1035,2779.4292,2783.8915675057915,2868.553743977345,2761.4809913809686,2800.525146484375
2025-04-29,2862.378,2912.1426,2815.9858,2867.7861,2823.732377301936,2840.266498366602,2741.6599709052643,2766.759765625
2025-04-30,2850.9307,2898.453,2803.615,2854.581,2766.959012660116,2838.573153336654,2729.608054065892,2758.094482421875
2025-05-02,2802.0732,2846.4666,2756.1594,2804.7876,2752.0187986966075,2828.4139154118125,2711.8789174214025,2773.433349609375
2025-05-05,2766.8245,2810.9204,2722.4568,2768.9363,2785.086737627436,2792.656629465187,2720.345073545111,2747.53662109375
2025-05-06,2754.972,2800.4866,2711.8352,2756.9832,2746.939043295672,2806.103112817102,2722.636114700008,2796.640869140625
2025-05-07,2747.044,2793.349,2704.6,2748.9255,2745.0463173865733,2849.6289963871504,2744.050291872282,2840.963623046875
2025-05-08,2765.9912,2814.1545,2723.2656,2768.3555,2833.692958311711,2891.4624456867828,2745.644388615076,2764.27001953125
2025-05-09,2805.3525,2855.32,2761.7686,2808.746,2728.114082507637,2863.573562325468,2697.2372893138668,2763.373291015625
2025-05-12,2810.315,2858.9268,2766.3716,2814.017,2819.350205488058,2837.477823062432,2753.014802204441,2795.943603515625
2025-05-13,2803.3157,2850.6897,2759.582,2807.7917,2800.823928134585,2848.633155926356,2739.0703422368806,2768.751953125
2025-05-14,2808.062,2855.0015,2764.2712,2813.3665,2798.63272662819,2815.6646181641504,2758.990859863241,2795.24609375
2025-05-15,2805.1284,2851.098,2761.3975,2810.9182,2799.429589704414,2811.879909442354,2769.050809543841,2781.6005859375
2025-05-16,2819.6113,2866.0935,2774.3232,2825.321,2802.816060155076,2812.37800325742,2739.76759055164,2788.473388671875
2025-05-19,2810.715,2855.5608,2765.243,2816.149,2808.79229891117,2814.6687529067203,2762.178250422835,2783.2939453125
2025-05-20,2807.1309,2851.0996,2761.6494,2812.5742,2812.378065785904,2838.673045146501,2769.9472766850595,2810.087158203125
2025-05-21,2806.8213,2850.2717,2761.0515,2811.9805,2823.732484145541,2873.533762525533,2792.357678766146,2823.931640625
2025-05-22,2820.9597,2864.786,2774.519,2826.0078,2823.732437729726,2837.178782671296,2780.7041825507617,2808.9912109375
2025-05-23,2842.0676,2886.2998,2794.8484,2847.174,2818.55312201049,2857.5972745483705,2778.3135442882503,2838.4736328125
2025-05-26,2844.7756,2887.8428,2797.4902,2850.0354,2838.6729197494333,2894.649509041659,2818.752408031893,2852.517578125
2025-05-27,2857.8953,2900.815,2810.504,2863.7183,2863.473905509394,2863.573605337705,2819.748478856015,2837.477783203125
2025-05-28,2878.2703,2921.3967,2830.5706,2884.6692,2837.4775024791907,2841.063048388953,2785.9830325918383,2815.56494140625
2025-05-29,2881.0576,2923.1135,2833.3838,2887.6992,2835.684687634769,2843.055179298333,2808.791998289445,2818.154541015625
2025-05-30,2864.6672,2905.2344,2817.4612,2871.1494,2840.66512609084,2840.66512609084,2764.76802093524,2775.525146484375
2025-06-02,2848.5396,2888.4136,2801.9858,2854.7747,2788.8716150986065,2788.8716150986065,2735.28539043158,2755.1064453125
2025-06-03,2816.259,2855.3298,2770.524,2821.5474,2754.0105552474283,2842.557126464482,2744.050300074743,2812.576904296875
2025-06-04,2776.8271,2815.5344,2732.0762,2781.1152,2836.6809248770774,2852.6173345673983,2811.8799845646417,2839.0712890625
2025-06-05,2784.911,2826.6155,2739.7705,2788.6287,2853.6132239961607,2876.52181183278,2833.7924126578164,2845.64501953125
2025-06-06,2817.3723,2861.8604,2770.6584,2820.6475,2874.590566935165,2879.5811755583168,2829.774998972091,2840.85400390625
2025-06-09,2849.9363,2895.6099,2801.45,2853.1401,2849.637587431637,2889.2629720476,2849.637587431637,2869.300537109375
2025-06-10,2866.824,2911.905,2817.2524,2870.241,2884.57185120792,2968.014926798733,2826.780699481805,2954.540283203125
2025-06-11,2889.324,2934.065,2838.9617,2893.6594,2984.384107428087,3011.9323658925605,2938.470505775347,2979.493408203125
2025-06-12,2950.1042,2996.8948,2898.2188,2956.2178,2974.402679532824,3024.0092795121104,2939.8675710828747,2966.0185546875
2025-06-13,3011.4639,3058.9658,2957.7468,3018.9539,2955.438361475279,2959.530757928868,2900.342092226741,2947.8525390625
2025-06-16,3033.398,3078.8093,2979.23,3041.5764,2947.8527255781555,2964.421644362912,2887.067207515058,2941.46484375
2025-06-17,3019.3293,3061.5774,2965.9734,3027.5872,2938.4703229731563,2947.353508745734,2895.5510893156,2922.699951171875
2025-06-18,2997.4268,3037.809,2945.526,3005.477,2899.543702723172,2934.278388586872,2869.600050027236,2906.031494140625
2025-06-19,2968.2336,3007.6362,2917.9275,2975.476,2921.402311208434,2921.402311208434,2864.609283855002,2874.291015625
2025-06-20,2937.1353,2976.5503,2888.3474,2943.2822,2888.564401006272,2928.489271787285,2860.018020925019,2906.830078125
2025-06-23,2897.299,2936.825,2849.9631,2901.8682,2843.6489344065453,2890.560657789173,2787.8540247072706,2798.633544921875
2025-06-24,2893.7527,2935.9539,2846.4717,2897.3018,2802.226788914466,2829.675136802319,2724.8723539577886,2732.15869140625
2025-06-25,2843.5994,2885.3372,2797.0173,2845.219,2749.82540486522,2790.6484867241493,2739.844187424693,2762.00244140625
2025-06-26,2769.765,2810.5737,2724.88,2770.119,2775.7765845920567,2775.7765845920567,2725.670921517424,2744.23583984375
2025-06-27,2734.5503,2777.456,2689.9426,2734.0242,2757.7104882442623,2784.7596851680046,2734.853597620191,2763.69921875
2025-06-30,2715.4377,2760.2627,2670.2297,2713.9275,2779.7690272398004,2818.8953504487376,2777.473298516798,2791.0478515625
2025-07-01,2718.9954,2765.8457,2672.3074,2716.858,2813.505699034101,2813.505699034101,2755.614636270774,2768.789794921875
2025-07-02,2741.6963,2789.9224,2693.3254,2739.5422,2764.7972513752943,2814.104368421579,2760.3057034939984,2767.592041015625
2025-07-03,2760.9363,2809.0488,2710.672,2759.0125,2786.6560541368463,2786.6560541368463,2737.6484217565853,2751.522216796875
2025-07-04,2767.0413,2813.748,2715.849,2765.8286,2744.8348704452224,2853.63014349196,2742.439475667481,2843.64892578125
2025-07-07,2756.2178,2800.5044,2705.4014,2755.991,2849.6376200295376,2868.502023789129,2809.7127496963744,2849.338134765625
2025-07-08,2801.9656,2847.8115,2750.0947,2803.2698,2853.630019887288,2917.509810468885,2819.593971495206,2874.590576171875
2025-07-09,2845.907,2891.6519,2793.1372,2848.4165,2892.456842692251,2986.380194269611,2891.458720969568,2958.13330078125
2025-07-10,2889.5842,2934.8523,2835.9653,2893.5,2974.40270510646,2984.3839222376896,2892.5567246303763,2923.99755859375
2025-07-11,2956.6433,3002.6973,2901.53,2962.352,2923.4984780941663,2942.462790516081,2879.9802742215807,2921.003173828125
2025-07-14,2975.8738,3019.1611,2921.1003,2982.5112,2904.534138400561,2921.003146401801,2874.690397131741,2892.0576171875
2025-07-15,2973.859,3014.5308,2920.019,2981.1665,2894.553126954354,2976.3991119234083,2870.398628907218,2968.713623046875
2025-07-16,2942.0493,2979.875,2890.3872,2949.2761,2954.639992663476,2994.564863164116,2940.267136756074,2979.992431640625
2025-07-17,2955.5815,2995.1519,2904.837,2963.2092,2992.368948764361,3022.21269104072,2947.4534708809733,2976.698486328125
2025-07-18,2978.9438,3020.2258,2928.3398,2986.3267,2950.248284372312,3008.438830482557,2940.3667329486484,2997.858642578125
2025-07-21,2993.2495,3035.1282,2942.8176,3000.1846,2982.9867186228453,2989.274690615976,2918.0088961159345,2968.014892578125
2025-07-22,3010.418,3053.1145,2959.9155,3017.3416,2968.0148630068,3014.128038028684,2941.963788475717,2998.357666015625
2025-07-23,3001.252,3043.1821,2951.3232,3007.6895,2993.766342722629,3049.3619203177795,2974.402877836389,3011.532958984375
2025-07-24,3005.759,3048.445,2956.1804,3012.255,3011.532920526591,3105.356365810537,3001.9510978557705,3086.89111328125
2025-07-25,3022.884,3066.985,2973.0679,3029.4094,3087.0906854591794,3132.0061645344617,3044.371269195456,3071.320556640625
2025-07-28,3072.3435,3119.2932,3021.2837,3079.6934,3071.2206739389294,3116.5353046418654,2995.1638441072105,3026.704345703125
2025-07-29,3098.0632,3144.9688,3046.3838,3105.605,3043.971729318442,3046.666609198205,3004.246436536196,3020.515869140625
2025-07-30,3081.0461,3125.7942,3029.8755,3088.0337,3044.271420146694,3114.139944543503,3009.437067598829,3093.279296875
2025-07-31,3055.3115,3098.596,3005.032,3061.9119,3025.3069904384643,3169.036520832109,3025.3069904384643,3144.981689453125
2025-08-01,3075.8386,3121.2715,3025.501,3083.02,3184.008429198795,3209.85968543012,3102.1624444983872,3171.232421875
2025-08-04,3128.4443,3177.1194,3076.7578,3136.462,3200.078307614903,3200.078307614903,3079.4052392865187,3094.177490234375
2025-08-05,3177.119,3226.8809,3123.9946,3185.616,3095.1754318279472,3207.963185390204,3095.1754318279472,3188.39990234375
2025-08-06,3156.7705,3203.1794,3103.8828,3163.8977,3181.0,3221.0,3167.60009765625,3208.89990234375
2025-08-07,3168.5173,3215.3125,3115.7754,3176.2087,3192.89990234375,3227.39990234375,3146.5,3213.10009765625
2025-08-08,3193.8696,3241.266,3140.9177,3202.007,3219.0,3223.800048828125,3170.0,3190.300048828125
2025-08-11,3216.542,3263.864,3163.426,3225.036,3190.0,3229.10009765625,3174.699951171875,3219.0
2025-08-12,3218.0327,3264.0022,3165.0342,3226.0896,3219.0,3265.39990234375,3218.199951171875,3256.0
2025-08-13,3228.9868,3274.7078,3176.086,3237.3306,3256.0,3310.800048828125,3233.199951171875,3295.39990234375
2025-08-14,3257.6284,3304.0337,3204.3596,3266.7551,3318.0,3365.0,3260.0,3347.800048828125
2025-08-18,3299.1777,3346.5364,3245.122,3309.4407,3379.89990234375,3442.0,3346.5,3428.699951171875
2025-08-19,3348.3613,3396.4902,3293.4585,3360.1118,3446.10009765625,3506.39990234375,3361.5,3386.39990234375
2025-08-20,3410.4495,3459.413,3354.6106,3424.2993,3392.300048828125,3495.699951171875,3392.300048828125,3450.89990234375
2025-08-21,3434.1938,3481.5105,3377.8083,3447.9912,3455.0,3457.0,3338.60009765625,3383.39990234375
2025-08-22,3458.3132,3505.0408,3401.7615,3472.7737,3389.0,3434.0,3329.0,3374.89990234375
2025-08-25,3433.8564,3477.893,3378.1172,3446.7095,3361.0,3402.5,3340.0,3359.89990234375
2025-08-26,3409.1692,3452.3975,3354.532,3420.8228,3330.0,3395.0,3298.60009765625,3308.5
2025-08-27,3387.2668,3430.7698,3333.4614,3397.5774,3308.5,3308.5,3308.5,3308.5
2025-08-28,3352.3955,3395.9922,3299.3184,3360.6812,3307.89990234375,3368.699951171875,3275.0,3323.300048828125
2025-08-29,3322.3445,3366.3293,3269.9395,3329.3145,3301.199951171875,3409.300048828125,3292.89990234375,3308.89990234375
2025-09-01,3326.57,3372.9172,3273.6465,3333.0198,3308.800048828125,3345.0,3225.0,3272.10009765625
2025-09-02,3337.4065,3385.6523,3282.9768,3343.006,3299.0,3299.0,3200.0,3228.300048828125
2025-09-03,3311.6946,3358.9084,3257.1533,3316.1687,3228.300048828125,3395.0,3208.300048828125,3337.60009765625
2025-09-04,3270.099,3315.8452,3216.0256,3273.601,3399.0,3415.39990234375,3304.300048828125,3319.39990234375
2025-09-05,3301.163,3350.3298,3246.2996,3306.1094,3309.0,3335.0,3229.39990234375,3249.60009765625
2025-09-08,3333.2063,3383.6328,3276.6553,3338.4316,3245.0,3249.5,3170.10009765625,3195.0
