Date,Open,High,Low,Close,Volume,Stock,MA_7_Close,MA_30_Close,Lag_1_Close
2023-11-08,2668.848694971479,2690.1041502432927,2628.6132886376595,2648.997314453125,34055.0,NUVAMA.NS,2749.9696916852677,2448.2596110026043,2668.025390625
2023-11-09,2614.7175418573315,2651.805782564992,2547.319817849475,2617.041748046875,53276.0,NUVAMA.NS,2719.424874441964,2451.16630859375,2648.997314453125
2023-11-10,2594.236808441935,2650.4016964186544,2535.7961795756005,2569.10791015625,276469.0,NUVAMA.NS,2685.8227887834823,2456.690812174479,2617.041748046875
2023-11-13,2653.306885505205,2816.5240406540747,2626.7739112165764,2660.47265625,477945.0,NUVAMA.NS,2667.541573660714,2469.1955729166666,2569.10791015625
2023-11-15,2692.08929793898,2793.1375233151134,2668.3160123674006,2715.47509765625,272066.0,NUVAMA.NS,2657.2146344866073,2481.9117431640625,2660.47265625
2023-11-16,2735.6171312372144,2876.7071427225974,2671.560208730584,2807.130615234375,243270.0,NUVAMA.NS,2669.4643903459823,2501.2837890625,2715.47509765625
2023-11-17,2827.61149561508,3074.156071956701,2778.4672204772496,3023.026611328125,370308.0,NUVAMA.NS,2720.1788504464284,2531.561181640625,2807.130615234375
2023-11-20,3049.365921259168,3161.114580999932,2959.3084329526887,3111.098876953125,317244.0,NUVAMA.NS,2786.193359375,2565.0034993489585,3023.026611328125
2023-11-21,3148.138612764237,3209.145297662468,3065.053270810107,3104.223388671875,104611.0,NUVAMA.NS,2855.7907366071427,2594.7047119140625,3111.098876953125
2023-11-22,3119.087783698623,3126.8346642542238,3018.571961206501,3073.23583984375,110815.0,NUVAMA.NS,2927.809012276786,2624.814249674479,3104.223388671875
2023-11-23,3092.9421898091623,3150.0754362708844,3065.053371371757,3117.683837890625,88417.0,NUVAMA.NS,2993.1248953683034,2652.790177408854,3073.23583984375
2023-11-24,3135.549983129591,3153.9488249083006,3045.492494423275,3064.0849609375,91066.0,NUVAMA.NS,3042.9263044084823,2678.8858642578125,3117.683837890625
2023-11-28,3064.9567564921963,3092.845339234957,3042.5875428172226,3085.631103515625,55462.0,NUVAMA.NS,3082.712088448661,2705.433455403646,3064.0849609375
2023-11-29,3114.2462052966857,3114.2462052966857,3040.6993000636385,3069.895263671875,92808.0,NUVAMA.NS,3089.4076102120534,2732.0569091796874,3085.631103515625
2023-11-30,3069.895284850822,3083.83981279052,2982.5492470420854,3043.265380859375,92658.0,NUVAMA.NS,3079.717110770089,2757.6716471354166,3069.895263671875
2023-12-01,3050.721480859898,3118.1194365390816,3045.5408963165105,3075.56005859375,86431.0,NUVAMA.NS,3075.6223493303573,2784.282185872396,3043.265380859375
2023-12-04,3340.842284051041,3340.842284051041,3123.542376141788,3208.6611328125,328880.0,NUVAMA.NS,3094.968819754464,2815.2680908203124,3075.56005859375
2023-12-05,3243.037833811223,3243.037833811223,3113.810231371495,3145.76611328125,107286.0,NUVAMA.NS,3098.9805733816966,2837.4564534505207,3208.6611328125
2023-12-06,3149.1070907075336,3181.1599050471427,3120.4435367669025,3143.92626953125,51204.0,NUVAMA.NS,3110.386474609375,2859.556046549479,3145.76611328125
2023-12-07,3142.3285221434644,3157.2411731058646,3108.532849245225,3133.61328125,110224.0,NUVAMA.NS,3117.2410714285716,2882.8305908203124,3143.92626953125
2023-12-08,3164.600684368173,3164.600684368173,3010.05032382099,3065.05322265625,64663.0,NUVAMA.NS,3116.5493512834823,2903.4324462890627,3133.61328125
2023-12-11,3092.9423219936234,3135.0659885580326,3051.351300795423,3099.57568359375,155404.0,NUVAMA.NS,3124.593680245536,2919.452360026042,3065.05322265625
2023-12-12,3134.58159121959,3183.967955492744,3111.437879783487,3164.1650390625,228446.0,NUVAMA.NS,3137.251534598214,2937.3331298828125,3099.57568359375
2023-12-13,3191.036804673475,3495.7796541070247,3166.5372490110726,3440.53466796875,288681.0,NUVAMA.NS,3170.3763253348216,2959.600553385417,3164.1650390625
2023-12-14,3500.670083954252,3524.830620180248,3413.614372666665,3478.639892578125,135882.0,NUVAMA.NS,3217.9297223772323,2981.193367513021,3440.53466796875
2023-12-15,3509.337139706377,3650.717719838037,3490.8898317964,3594.794921875,195508.0,NUVAMA.NS,3282.339529854911,3007.542447916667,3478.639892578125
2023-12-18,3550.1533516355244,3577.945476151799,3452.6395350472235,3500.621826171875,73181.0,NUVAMA.NS,3334.7693219866073,3031.281803385417,3594.794921875
2023-12-19,3510.3054168720782,3555.673182826208,3447.4589399750485,3505.560546875,54651.0,NUVAMA.NS,3397.6989397321427,3055.2083658854167,3500.621826171875
2023-12-20,3557.755111407565,3626.5086805175097,3403.8827815856707,3452.203857421875,103035.0,NUVAMA.NS,3448.074393136161,3079.569083658854,3505.560546875
2023-12-21,3390.2286432893693,3557.7549372879585,3365.051281185535,3550.008056640625,43279.0,NUVAMA.NS,3503.19482421875,3108.968505859375,3452.203857421875
2023-12-22,3563.56537032122,3583.8524682848106,3453.22077794462,3507.739501953125,37525.0,NUVAMA.NS,3512.7955147879466,3137.5932454427084,3550.008056640625
2023-12-26,3510.305550094496,3611.983366028268,3498.249513488416,3530.64111328125,46043.0,NUVAMA.NS,3520.2242606026784,3168.0465576171873,3507.739501953125
2023-12-27,3571.311925400809,3571.311925400809,3460.918877815209,3496.4091796875,21441.0,NUVAMA.NS,3506.1691545758927,3198.9565999348956,3530.64111328125
2023-12-28,3513.210301705211,3534.5142230496194,3442.6169478167417,3514.662841796875,31940.0,NUVAMA.NS,3508.1750139508927,3227.4296061197915,3496.4091796875
2023-12-29,3532.529143032504,3532.529143032504,3432.49749845229,3476.3642578125,23790.0,NUVAMA.NS,3504.0041155133927,3252.792578125,3514.662841796875
2024-01-01,3505.4635562532567,3534.6595186539776,3447.3619503485065,3501.299560546875,15641.0,NUVAMA.NS,3511.0177873883927,3275.93154296875,3476.3642578125
2024-01-02,3501.590065663709,3514.856551538576,3403.785697126089,3456.174072265625,30070.0,NUVAMA.NS,3497.6129324776784,3290.3697916666665,3501.299560546875
2024-01-03,3465.7609218226503,3510.450647469172,3421.264820919844,3477.236083984375,25185.0,NUVAMA.NS,3493.255301339286,3302.574365234375,3456.174072265625
2024-01-04,3486.096431822122,3539.3562384194047,3459.563459101894,3490.938232421875,28837.0,NUVAMA.NS,3487.5834612165177,3315.4648600260416,3477.236083984375
2024-01-05,3479.3179365985784,3574.265694341985,3479.3179365985784,3520.71533203125,36220.0,NUVAMA.NS,3491.0557686941966,3330.3808430989584,3490.938232421875
2024-01-08,3520.7152677658723,3545.069429950968,3331.1587763500243,3356.723388671875,58062.0,NUVAMA.NS,3468.492989676339,3338.348828125,3520.71533203125
2024-01-09,3387.178452249827,3399.8153623544613,3316.681790063364,3350.041748046875,42271.0,NUVAMA.NS,3450.4469168526784,3347.880721028646,3356.723388671875
2024-01-10,3350.041767178826,3511.12856443933,3321.4751442183474,3426.73583984375,49133.0,NUVAMA.NS,3439.7949567522323,3359.25087890625,3350.041748046875
2024-01-11,3457.0454682979644,3486.096270552569,3398.9438637887547,3473.31396484375,67370.0,NUVAMA.NS,3442.2435128348216,3372.6981689453123,3426.73583984375
2024-01-12,3509.1431847516983,3633.3838260349057,3446.393406438094,3589.710693359375,84565.0,NUVAMA.NS,3458.3113141741073,3390.9130126953123,3473.31396484375
2024-01-15,3679.7199989779065,3679.7199989779065,3535.5797366416978,3615.759765625,60343.0,NUVAMA.NS,3476.1429617745534,3408.919669596354,3589.710693359375
2024-01-16,3631.3506291990334,3631.3506291990334,3390.2289474202184,3459.224609375,60090.0,NUVAMA.NS,3467.358572823661,3417.2717854817706,3615.759765625
2024-01-17,3459.2241690596734,3461.8871591821207,3262.4534552951004,3328.8828125,161911.0,NUVAMA.NS,3463.38134765625,3423.3756754557294,3459.224609375
2024-01-19,3481.254661920457,3484.1597423059256,3321.475240719657,3334.451171875,55079.0,NUVAMA.NS,3461.154122488839,3429.7265055338544,3328.8828125
2024-01-23,3315.6165649797263,3333.386067637683,3195.5883761350738,3199.2197265625,45817.0,NUVAMA.NS,3428.6518205915177,3431.9133870442706,3334.451171875
2024-01-24,3185.9046994940304,3292.424309507509,3152.012096307924,3273.250732421875,60003.0,NUVAMA.NS,3400.071358816964,3438.853304036458,3199.2197265625
2024-01-25,3305.981337882166,3413.4693075672626,3263.4219593305984,3394.7314453125,38971.0,NUVAMA.NS,3372.2171805245534,3448.691829427083,3273.250732421875
2024-01-29,3437.6783480153563,3554.849919877288,3396.571509137085,3531.3671875,61735.0,NUVAMA.NS,3360.1610979352677,3460.9319010416666,3394.7314453125
2024-01-30,3544.1976711961497,3550.734101327454,3427.99446886185,3458.40087890625,65644.0,NUVAMA.NS,3360.0434221540177,3461.52744140625,3531.3671875
2024-01-31,3486.0962366337158,3508.7075387349605,3408.578966088696,3461.5966796875,43623.0,NUVAMA.NS,3379.0025460379466,3460.959334309896,3458.40087890625
2024-02-01,3533.5460095348544,3533.5460095348544,3389.2118891573277,3413.517822265625,96744.0,NUVAMA.NS,3390.297781808036,3454.9167643229166,3461.5966796875
2024-02-02,3389.260432034317,3470.5542171137595,3273.057217221712,3293.780029296875,44407.0,NUVAMA.NS,3403.806396484375,3448.022037760417,3413.517822265625
2024-02-05,3282.837777286992,3289.0351875639144,3081.8545846544844,3132.548095703125,99460.0,NUVAMA.NS,3383.7060198102677,3435.5882893880207,3293.780029296875
2024-02-06,3132.1608750995865,3201.011375669896,3070.379450839609,3122.6708984375,50521.0,NUVAMA.NS,3344.8402273995534,3424.603857421875,3132.548095703125
2024-02-07,3127.7548383109533,3185.807982374782,3098.752498924542,3140.246826171875,57305.0,NUVAMA.NS,3288.965890066964,3410.9451497395835,3122.6708984375
2024-02-08,3156.8539682383503,3320.5068273280067,3156.8539682383503,3267.731201171875,81097.0,NUVAMA.NS,3261.727364676339,3402.944873046875,3140.246826171875
2024-02-09,3290.439266655942,3366.988182453076,3211.082201039517,3341.520263671875,67307.0,NUVAMA.NS,3244.5735909598216,3396.6408447265626,3267.731201171875
2024-02-12,3389.260325232867,3430.899809228585,3244.0547765821693,3284.048095703125,58705.0,NUVAMA.NS,3226.0779157366073,3389.5621419270833,3341.520263671875
2024-02-13,3333.289127957365,3366.939641826289,3197.960802398168,3302.640625,51468.0,NUVAMA.NS,3227.3437151227677,3382.494734700521,3284.048095703125
2024-02-14,3410.177124766584,3774.667782746548,3390.325742122586,3735.642822265625,514894.0,NUVAMA.NS,3313.5001046316966,3391.137353515625,3302.640625
2024-02-15,3859.883057713015,4116.498464209239,3748.618585462759,4066.724853515625,332771.0,NUVAMA.NS,3448.3649553571427,3409.98486328125,3735.642822265625
2024-02-16,4212.3665761458205,4214.303296410715,4009.059177205668,4049.052734375,141251.0,NUVAMA.NS,3578.1943708147323,3429.7474853515623,4066.724853515625
2024-02-19,4066.725368784586,4353.5533606885765,4066.725368784586,4180.458984375,157125.0,NUVAMA.NS,3708.584054129464,3453.1882486979166,4049.052734375
2024-02-20,4251.100896550909,4405.021925662506,4049.05265351702,4082.31591796875,100268.0,NUVAMA.NS,3814.4120047433034,3472.900838216146,4180.458984375
2024-02-21,4152.328416375291,4192.467134626318,4067.112721263112,4154.26513671875,42583.0,NUVAMA.NS,3938.7287248883927,3494.0191650390625,4082.31591796875
2024-02-22,4203.651247694927,4397.710519642692,4085.8503345944273,4343.046875,56244.0,NUVAMA.NS,4087.3581891741073,3526.8966145833333,4154.26513671875
2024-02-23,4401.19630444769,4401.19630444769,4169.758258955281,4295.2578125,41195.0,NUVAMA.NS,4167.303187779018,3558.403816731771,4343.046875
2024-02-26,4299.5186009975605,4299.5186009975605,4133.154534353043,4152.4248046875,19828.0,NUVAMA.NS,4179.546037946428,3582.5934488932294,4295.2578125
2024-02-27,4210.429502543816,4250.713375239441,4096.163016504219,4116.111328125,20944.0,NUVAMA.NS,4189.125837053572,3604.020027669271,4152.4248046875
2024-02-28,4091.3694675381457,4161.963293921877,3931.590294633407,3954.782470703125,38305.0,NUVAMA.NS,4156.886335100447,3616.1890869140625,4116.111328125
2024-02-29,3954.7341567948206,4057.428791999642,3887.0458808216713,4004.9921875,44970.0,NUVAMA.NS,4145.840087890625,3629.1635009765623,3954.782470703125
2024-03-01,4018.6944718773702,4140.853005654889,4004.9922708348568,4015.014892578125,22983.0,NUVAMA.NS,4125.947195870535,3647.68984375,4004.9921875
2024-03-04,3986.254561300635,4289.73853803547,3986.254561300635,4265.62646484375,66706.0,NUVAMA.NS,4114.887137276785,3678.9146321614585,4015.014892578125
2024-03-05,4318.886203975828,4318.886203975828,4081.00863127618,4120.90478515625,57854.0,NUVAMA.NS,4089.979561941964,3705.1297526041667,4265.62646484375
2024-03-06,4047.745378851176,4066.1442214823182,3894.5508522266696,3955.121826171875,67486.0,NUVAMA.NS,4061.7934221540177,3730.3264892578127,4120.90478515625
2024-03-07,3945.486125470983,4068.613012270601,3921.567679323273,3955.89599609375,40902.0,NUVAMA.NS,4038.905517578125,3753.081331380208,3955.121826171875
2024-03-11,4015.257223276665,4015.595771071085,3776.6046698165646,3849.32861328125,71372.0,NUVAMA.NS,4023.8406808035716,3768.2345703125,3955.89599609375
2024-03-12,3880.70298981535,3955.847825993659,3701.120661687139,3729.396728515625,100071.0,NUVAMA.NS,3984.469900948661,3774.835555013021,3849.32861328125
2024-03-13,3776.604118794855,3805.606454423934,3641.808449837997,3688.87060546875,108921.0,NUVAMA.NS,3937.877859933036,3782.5178792317706,3729.396728515625
2024-03-14,3694.1485298924567,3883.07543883962,3664.9038664691993,3874.69921875,51957.0,NUVAMA.NS,3882.0311104910716,3796.2879638671875,3688.87060546875
2024-03-15,3902.490948465646,4236.284842297252,3844.389346255239,4072.196044921875,449361.0,NUVAMA.NS,3875.0727190290177,3818.243904622396,3874.69921875
2024-03-18,4052.102853506661,4103.716257895612,3914.595718795717,4005.8154296875,47726.0,NUVAMA.NS,3882.3146623883927,3841.97841796875,4072.196044921875
2024-03-19,3999.375622977975,4055.5405113213183,3824.393228683404,3874.408935546875,31973.0,NUVAMA.NS,3870.673653738839,3866.7071126302085,4005.8154296875
2024-03-20,3878.282463401475,4057.429094045489,3849.1831931406814,4006.832275390625,53638.0,NUVAMA.NS,3893.1741768973216,3896.179158528646,3874.408935546875
2024-03-21,4027.409895595352,4161.0435973486965,4018.694654176656,4124.7783203125,59467.0,NUVAMA.NS,3949.6572614397323,3928.996875,4006.832275390625
2024-03-22,4152.231471661319,4153.490623579551,4049.876085557123,4095.631103515625,27703.0,NUVAMA.NS,4007.7659040178573,3956.593538411458,4124.7783203125
2024-03-26,4115.530389966216,4134.365182883715,3961.367510641748,3976.134765625,28763.0,NUVAMA.NS,4022.2566964285716,3977.747355143229,4095.631103515625
2024-03-27,4154.264841738878,4695.578139298793,4018.6944273231575,4564.41357421875,328320.0,NUVAMA.NS,4092.573486328125,4020.426204427083,3976.134765625
2024-03-28,4590.026495556585,4647.159736746003,4479.633453258389,4523.8876953125,72893.0,NUVAMA.NS,4166.58380998884,4061.1344401041665,4564.41357421875
2024-04-01,4596.805415818776,4822.23945900164,4450.1957905716345,4481.4736328125,57510.0,NUVAMA.NS,4253.307338169643,4085.995467122396,4523.8876953125
2024-04-02,4553.228981546711,4817.54304786226,4553.228981546711,4664.00927734375,134558.0,NUVAMA.NS,4347.18976702009,4105.904947916667,4481.4736328125
2024-04-03,4764.33143077548,4836.9584342934,4672.724475771801,4724.53173828125,103860.0,NUVAMA.NS,4432.86882672991,4128.420914713542,4664.00927734375
2024-04-04,4754.647714010075,4842.768476123092,4710.6355618219095,4794.30224609375,91363.0,NUVAMA.NS,4532.678989955357,4148.882356770833,4724.53173828125
2024-04-05,4793.382415494555,4842.768779775408,4745.981000252947,4802.09765625,28920.0,NUVAMA.NS,4650.673688616072,4172.875081380208,4794.30224609375
2024-04-08,4861.167808309618,5001.580025880314,4819.189302490167,4887.94287109375,43798.0,NUVAMA.NS,4696.892159598215,4197.331005859375,4802.09765625
2024-04-09,4997.900917031619,5209.777942357467,4935.828932854576,5033.439453125,131359.0,NUVAMA.NS,4769.685267857143,4220.344091796875,4887.94287109375
2024-04-10,5132.308623974461,5132.308623974461,4880.534993364393,4982.9873046875,56260.0,NUVAMA.NS,4841.330078125,4243.268408203125,5033.439453125
2024-04-12,5013.442228662138,5301.771442739911,4958.003614032576,5243.23388671875,146992.0,NUVAMA.NS,4924.076450892857,4279.6287109375,4982.9873046875
2024-04-15,5035.472630603707,5230.742354491374,4995.285685571005,5123.4482421875,79844.0,NUVAMA.NS,4981.064522879465,4313.206608072916,5243.23388671875
2024-04-16,5083.890860347947,5151.433981778284,4996.786674474474,5034.74658203125,31973.0,NUVAMA.NS,5015.413713727678,4349.205411783854,5123.4482421875
2024-04-18,5116.8143413441685,5175.206261367873,5045.833741071131,5117.9765625,32368.0,NUVAMA.NS,5060.539271763393,4386.3048909505205,5034.74658203125
2024-04-19,5146.833367021251,5178.401997385379,5035.4719677348085,5130.0322265625,26005.0,NUVAMA.NS,5095.123465401785,4423.472135416667,5117.9765625
2024-04-22,5217.5241038854165,5271.752268291056,5072.415251529985,5088.44189453125,21310.0,NUVAMA.NS,5102.98095703125,4450.89931640625,5130.0322265625
2024-04-23,5132.211141259609,5134.632041293489,5016.104870201091,5035.22998046875,33546.0,NUVAMA.NS,5110.444196428572,4481.376822916666,5088.44189453125
2024-04-24,5138.11882963716,5301.481372060572,5087.715874201092,5215.6845703125,86229.0,NUVAMA.NS,5106.508579799107,4523.395581054688,5035.22998046875
2024-04-25,5325.012296478965,5325.980656598346,5218.879932828333,5280.85498046875,45298.0,NUVAMA.NS,5128.995256696428,4567.560880533854,5215.6845703125
2024-04-26,5209.777478190839,5280.855016877062,5083.890661803329,5179.564453125,28980.0,NUVAMA.NS,5149.683523995535,4611.902075195312,5280.85498046875
2024-04-29,5180.726976462246,5207.308652605168,5085.391727360668,5102.19287109375,15894.0,NUVAMA.NS,5147.4287109375,4657.661946614583,5179.564453125
2024-04-30,5102.095538339512,5151.72399378154,5011.360480089142,5061.66650390625,20488.0,NUVAMA.NS,5137.662179129465,4703.421809895834,5102.19287109375
2024-05-02,5008.4063866844135,5157.4856048960455,4988.02259684933,5134.583984375,26669.0,NUVAMA.NS,5144.25390625,4745.41796875,5061.66650390625
2024-05-03,5214.522279259547,5214.522279259547,5007.390145602343,5068.5419921875,25253.0,NUVAMA.NS,5149.012765066965,4778.629500325521,5134.583984375
2024-05-06,5213.650609811182,5254.660753286493,5093.186711832924,5239.1669921875,77669.0,NUVAMA.NS,5152.367396763393,4819.741219075521,5068.5419921875
2024-05-07,5243.233780578604,5268.55677444628,4965.31444299613,5079.7265625,41080.0,NUVAMA.NS,5123.634765625,4859.918473307292,5239.1669921875
2024-05-08,5102.38642737896,5190.410268143559,5015.330946739016,5063.119140625,22842.0,NUVAMA.NS,5106.999720982143,4895.128035481771,5079.7265625
2024-05-09,5169.105953109408,5169.105953109408,4844.124225372611,4875.88671875,30327.0,NUVAMA.NS,5074.670270647322,4920.164982096354,5063.119140625
2024-05-10,5034.988087769732,5034.988087769732,4812.749455950682,4873.4658203125,50159.0,NUVAMA.NS,5047.784458705357,4946.092805989583,4875.88671875
2024-05-13,4939.120964165294,5112.941611762132,4726.614139293588,4978.82373046875,138333.0,NUVAMA.NS,5025.532993861607,4979.515771484375,4873.4658203125
2024-05-14,4957.858267036828,5009.858917712952,4832.213551297493,4865.3798828125,62688.0,NUVAMA.NS,4996.509835379465,4989.547981770834,4978.82373046875
2024-05-15,4890.024522719575,4919.31741501898,4705.503699368052,4739.9287109375,37042.0,NUVAMA.NS,4925.190080915178,4996.749348958333,4865.3798828125
2024-05-16,4759.1021097357325,4839.379058480591,4590.026360619911,4621.30419921875,70325.0,NUVAMA.NS,4859.701171875,5001.410367838542,4739.9287109375
2024-05-17,4638.444874807136,4817.591493145199,4601.792350488852,4627.16357421875,98417.0,NUVAMA.NS,4797.421805245535,5000.182177734375,4621.30419921875
2024-05-21,4812.70144272867,4812.797900472497,4436.057594688586,4484.28173828125,123683.0,NUVAMA.NS,4741.478236607143,4992.173844401042,4627.16357421875
2024-05-22,4555.649933771936,4724.628765410411,4503.0194695805885,4667.0595703125,133313.0,NUVAMA.NS,4711.991629464285,4987.932421875,4484.28173828125
2024-05-23,4726.565544178688,4735.280784887069,4626.43720660659,4721.77197265625,35016.0,NUVAMA.NS,4675.269949776785,4985.254899088542,4667.0595703125
2024-05-24,4721.287760955392,4721.287760955392,4600.67870309383,4611.57275390625,26949.0,NUVAMA.NS,4639.011788504465,4976.042561848958,4721.77197265625
2024-05-27,4613.267617276214,4727.388952123069,4565.817971338654,4706.5205078125,38946.0,NUVAMA.NS,4634.239188058035,4965.145263671875,4611.57275390625
2024-05-28,4745.400154895491,4933.794411852137,4743.995843702379,4884.7470703125,146537.0,NUVAMA.NS,4671.873883928572,4961.870589192708,4706.5205078125
2024-05-29,4884.408005180793,4973.497128193607,4864.411465070957,4907.93896484375,40138.0,NUVAMA.NS,4711.984654017857,4950.694091796875,4884.7470703125
2024-05-30,4842.1878248315015,4861.11954878038,4642.318391647394,4655.24609375,67694.0,NUVAMA.NS,4736.408133370535,4935.087353515625,4907.93896484375
2024-05-31,4701.775443652691,4731.794606169639,4614.671738048724,4686.86279296875,42559.0,NUVAMA.NS,4739.237165178572,4923.491227213542,4655.24609375
2024-06-03,4921.011946093972,4938.636288255472,4681.197672663037,4875.4990234375,72894.0,NUVAMA.NS,4761.198172433035,4915.408642578125,4686.86279296875
2024-06-04,4841.848425510303,4841.848425510303,3989.643362032313,4270.4677734375,134289.0,NUVAMA.NS,4712.468889508928,4886.756494140625,4875.4990234375
2024-06-05,4401.148311944233,4591.6244549949015,4212.366326192722,4516.5283203125,76342.0,NUVAMA.NS,4685.3271484375,4867.692708333333,4270.4677734375
2024-06-06,4635.297301566567,4785.199242748162,4626.243040860367,4748.8857421875,44088.0,NUVAMA.NS,4665.918387276785,4858.147900390625,4516.5283203125
2024-06-07,4748.885866496231,5083.890211570543,4687.104685057966,5036.29541015625,112382.0,NUVAMA.NS,4684.255022321428,4852.16826171875,4748.8857421875
2024-06-10,5042.25108003581,5054.500740829957,4867.268219467895,4905.47021484375,40851.0,NUVAMA.NS,4720.001325334822,4839.655436197917,5036.29541015625
2024-06-11,4870.899313985929,4979.839820362777,4803.114110018113,4915.25048828125,33899.0,NUVAMA.NS,4752.628138950893,4830.844970703125,4905.47021484375
2024-06-12,4914.427377265512,5011.263384699315,4883.778875479126,4926.38671875,26433.0,NUVAMA.NS,4759.897809709822,4824.984765625,4915.25048828125
2024-06-13,4924.159109437655,4938.636281395353,4842.332684775321,4926.14453125,48927.0,NUVAMA.NS,4853.56591796875,4820.467366536458,4926.38671875
2024-06-14,4926.144557589017,4988.603781481796,4870.851103576439,4907.7939453125,26933.0,NUVAMA.NS,4909.461007254465,4812.907698567708,4926.14453125
2024-06-18,4928.904848696218,5025.159751361717,4861.167868251784,4918.64013671875,26796.0,NUVAMA.NS,4933.711635044643,4807.910970052083,4907.7939453125
2024-06-19,4939.653075938982,5164.216160347527,4908.230074539752,5062.24755859375,97054.0,NUVAMA.NS,4937.419084821428,4802.013655598958,4918.64013671875
2024-06-20,5074.207117287474,5180.726732345036,4992.671004628756,5088.974609375,68148.0,NUVAMA.NS,4963.633998325893,4802.321923828125,5062.24755859375
2024-06-21,5108.002928625118,5108.002928625118,4866.154977945089,4937.474609375,57615.0,NUVAMA.NS,4966.808872767857,4798.133772786458,5088.974609375
2024-06-24,4962.749002551475,4962.845933136106,4765.39738657737,4820.06103515625,49209.0,NUVAMA.NS,4951.619489397322,4796.272916666667,4937.474609375
2024-06-25,4841.800447272042,4987.054460690203,4794.883211805146,4840.2509765625,49369.0,NUVAMA.NS,4939.348981584822,4795.165755208333,4820.06103515625
2024-06-26,4841.800636761565,4862.426518341332,4638.445010017579,4759.19970703125,54481.0,NUVAMA.NS,4918.121233258928,4787.844954427083,4840.2509765625
2024-06-27,4768.544544561372,4861.168101165563,4731.213975941795,4768.5927734375,25131.0,NUVAMA.NS,4896.685895647322,4784.618717447916,4759.19970703125
2024-06-28,4824.176191269541,4958.003747171737,4762.588866738309,4798.5146484375,49950.0,NUVAMA.NS,4859.009765625,4786.57158203125,4768.5927734375
2024-07-01,4890.218727567241,4987.054741974513,4795.319433448114,4812.31396484375,48199.0,NUVAMA.NS,4819.48681640625,4792.93857421875,4798.5146484375
2024-07-02,4741.962766223897,4984.101507588342,4716.640242642171,4895.68994140625,84278.0,NUVAMA.NS,4813.517578125,4801.889453125,4812.31396484375
2024-07-03,4938.636590876495,4958.003793193658,4817.591576394228,4833.037109375,46357.0,NUVAMA.NS,4815.371303013393,4813.514632161458,4895.68994140625
2024-07-04,4837.926867665685,4866.977669513157,4648.128295595534,4682.9892578125,60362.0,NUVAMA.NS,4792.905343191965,4814.045621744792,4833.037109375
2024-07-05,4677.1796516352615,4705.940138004872,4580.343634003061,4618.64208984375,58995.0,NUVAMA.NS,4772.82568359375,4810.607958984375,4682.9892578125
2024-07-08,4619.029038741223,4677.178868459546,4527.083066262604,4566.25341796875,35458.0,NUVAMA.NS,4743.920061383928,4809.097314453125,4618.64208984375
2024-07-09,4560.976182848123,4768.59249881305,4535.459799020972,4744.86767578125,81216.0,NUVAMA.NS,4736.256208147322,4810.375553385416,4566.25341796875
2024-07-10,4792.413774450635,4793.3821344778025,4581.311288528178,4702.6953125,52353.0,NUVAMA.NS,4720.596400669643,4804.307161458333,4744.86767578125
2024-07-11,4696.498412410217,4720.755644589577,4606.973329053315,4620.7724609375,41746.0,NUVAMA.NS,4681.322474888393,4794.734944661458,4702.6953125
2024-07-12,4684.199828523452,4702.066261252593,4578.164399049408,4651.759765625,62895.0,NUVAMA.NS,4655.425711495535,4794.618733723958,4620.7724609375
2024-07-15,4696.546465205383,4696.546465205383,4551.292450817588,4647.7412109375,32457.0,NUVAMA.NS,4650.390276227678,4793.314680989583,4651.759765625
2024-07-16,4652.388998550027,4793.866498516555,4622.611926571564,4782.68212890625,55411.0,NUVAMA.NS,4673.824567522322,4790.220784505208,4647.7412109375
2024-07-18,4774.015393199634,4822.433399215857,4701.388384175299,4766.65576171875,35084.0,NUVAMA.NS,4702.453473772322,4806.760384114584,4782.68212890625
2024-07-19,4793.382617169904,4810.813099414158,4575.549817990124,4650.01708984375,40696.0,NUVAMA.NS,4688.903390066965,4811.210009765625,4766.65576171875
2024-07-22,4623.919708656566,4669.722954543507,4506.893290154827,4593.5615234375,45036.0,NUVAMA.NS,4673.312848772322,4806.032535807291,4650.01708984375
2024-07-23,4648.128255208333,4765.977862811751,4454.456244574653,4741.0908203125,59536.0,NUVAMA.NS,4690.501185825893,4796.1923828125,4593.5615234375
2024-07-24,4741.091122505325,5132.260380048296,4717.075980788868,5094.978515625,220840.0,NUVAMA.NS,4753.818150111607,4802.509326171875,4741.0908203125
2024-07-25,5083.890467604673,5464.455982608223,5035.472463151295,5372.60693359375,208902.0,NUVAMA.NS,4857.370396205357,4817.754541015625,5094.978515625
2024-07-26,5447.025625979431,5568.070639890085,5254.031644933119,5522.7998046875,145777.0,NUVAMA.NS,4963.101492745535,4837.634977213542,5372.60693359375
2024-07-29,5664.906146006656,5943.7456043262455,5539.019342762063,5819.84375,312625.0,NUVAMA.NS,5113.556919642857,4867.424951171875,5522.7998046875
2024-07-30,5892.471069172748,6235.270536467267,5831.900335482773,6137.611328125,257723.0,NUVAMA.NS,5326.070382254465,4908.418863932292,5819.84375
2024-07-31,6097.521063788687,6284.656640963764,6040.62991160739,6141.33935546875,145474.0,NUVAMA.NS,5547.181501116072,4949.175504557292,6137.611328125
2024-08-01,6139.45156444785,6506.411831501118,6129.719734097645,6434.65625,165872.0,NUVAMA.NS,5789.119419642857,4994.9224609375,6141.33935546875
2024-08-02,6425.069561276885,6425.069561276885,6197.504927230152,6211.44921875,78792.0,NUVAMA.NS,5948.615234375,5032.33828125,6434.65625
2024-08-05,6163.563716851949,6178.137347009479,5576.495414873188,5721.3134765625,155943.0,NUVAMA.NS,5998.430454799107,5058.466243489584,6211.44921875
2024-08-06,5974.733479840731,6099.700159347981,5616.4884782057925,5632.5146484375,85348.0,NUVAMA.NS,6014.10400390625,5085.548030598959,5721.3134765625
2024-08-07,5793.484707532443,6039.063949874523,5771.583114535335,5991.47998046875,53796.0,NUVAMA.NS,6038.623465401785,5123.922330729167,5632.5146484375
2024-08-08,6030.2251866889,6098.8753742557365,5853.443340825056,6052.224609375,43308.0,NUVAMA.NS,6026.425362723215,5167.023160807292,5991.47998046875
2024-08-09,6128.682686173845,6395.574160067959,6105.210082080197,6215.40380859375,115605.0,NUVAMA.NS,6037.005998883928,5215.2501953125,6052.224609375
2024-08-12,6162.8112889720005,6338.414389337597,6025.31430403876,6040.78271484375,67743.0,NUVAMA.NS,5980.738351004465,5256.659130859375,6215.40380859375
2024-08-13,6118.615422183418,6157.900272406105,6010.58208407103,6040.7333984375,37818.0,NUVAMA.NS,5956.350376674107,5297.6064453125,6040.78271484375
2024-08-14,6089.152388758022,6102.803779654789,5867.045740681597,6004.3955078125,44865.0,NUVAMA.NS,5996.790666852678,5334.563297526041,6040.7333984375
2024-08-16,6004.395124821563,6091.116242941622,5941.981029087017,6038.57275390625,56522.0,NUVAMA.NS,6054.798967633928,5374.747819010417,6004.3955078125
2024-08-19,6137.619807694784,6433.38553962322,6060.768816400147,6396.359375,132060.0,NUVAMA.NS,6112.638881138393,5431.86015625,6038.57275390625
2024-08-20,6481.018295087769,6775.507455368722,6359.235256962161,6417.62255859375,165398.0,NUVAMA.NS,6164.838588169643,5491.826171875,6396.359375
2024-08-21,6447.626271523111,6447.626271523111,6059.688361812277,6144.19970703125,1092268.0,NUVAMA.NS,6154.666573660715,5544.424381510416,6417.62255859375
2024-08-22,6148.521709001485,6164.775625289649,6060.6707636868605,6097.89306640625,119188.0,NUVAMA.NS,6162.8251953125,5589.525227864583,6144.19970703125
2024-08-23,6128.437266536933,6245.309707998134,6074.469506159272,6204.6005859375,119725.0,NUVAMA.NS,6186.234793526785,5639.588736979166,6097.89306640625
2024-08-26,6198.805951147336,6249.237976983459,6090.232630732245,6197.185546875,113452.0,NUVAMA.NS,6213.776227678572,5692.13583984375,6204.6005859375
2024-08-28,6580.212964944732,6677.835730036759,6302.616464654775,6334.09326171875,97925.0,NUVAMA.NS,6255.993443080357,5748.213623046875,6197.185546875
2024-08-29,6347.548362234943,6455.483398764058,6300.308231107779,6324.3212890625,60696.0,NUVAMA.NS,6245.702287946428,5804.099625651042,6334.09326171875
2024-08-30,6482.000905562605,6511.464546042435,6284.594514347744,6331.44189453125,48029.0,NUVAMA.NS,6233.390764508928,5855.724951171875,6324.3212890625
2024-09-02,6378.239818748919,6615.96209721607,6303.647511173944,6333.798828125,187201.0,NUVAMA.NS,6260.476353236607,5907.963053385417,6331.44189453125
2024-09-03,6383.788931036897,6693.157163848685,6337.678140706749,6650.82763671875,147953.0,NUVAMA.NS,6339.467006138393,5974.65673828125,6333.798828125
2024-09-04,6619.49758927734,6752.083965323696,6483.621010952143,6544.61083984375,100555.0,NUVAMA.NS,6388.039899553572,6039.691715494791,6650.82763671875
2024-09-05,6570.440535844603,6673.3177439705405,6464.960802134596,6515.24560546875,71251.0,NUVAMA.NS,6433.47705078125,6098.830208333334,6544.61083984375
2024-09-06,6514.410724493048,6550.749213382878,6359.03893963542,6431.37255859375,58854.0,NUVAMA.NS,6447.374093191965,6143.376676432292,6515.24560546875
2024-09-09,6481.460726172057,6691.143627638701,6324.861290141387,6633.64013671875,105227.0,NUVAMA.NS,6491.5625,6185.411116536458,6431.37255859375
2024-09-10,6633.640219947564,6689.081160884294,6521.285635629534,6588.90478515625,65530.0,NUVAMA.NS,6528.342912946428,6220.94794921875,6633.64013671875
2024-09-11,6629.318803443329,6860.117309933578,6540.976800308727,6701.60302734375,128106.0,NUVAMA.NS,6580.886369977678,6250.339925130208,6588.90478515625
2024-09-12,6730.477652192815,6872.73802650966,6694.483000408245,6742.017578125,71332.0,NUVAMA.NS,6593.913504464285,6270.486800130208,6701.60302734375
2024-09-13,6766.815726030681,6925.919375902519,6715.352666056492,6835.1220703125,58534.0,NUVAMA.NS,6635.415108816965,6293.612890625,6742.017578125
2024-09-16,6898.273068511484,6898.3219827579005,6486.617004841799,6538.37451171875,62434.0,NUVAMA.NS,6638.71923828125,6297.070166015625,6835.1220703125
2024-09-17,6555.561357744966,6603.73469515473,6455.483293364087,6533.31640625,45012.0,NUVAMA.NS,6653.282645089285,6307.799072265625,6538.37451171875
2024-09-18,6540.878859614854,6675.478390227823,6457.840217037199,6558.60595703125,44197.0,NUVAMA.NS,6642.5634765625,6335.708821614583,6533.31640625
2024-09-19,6624.4082009467775,6653.871840091092,6369.05666169605,6454.6484375,55603.0,NUVAMA.NS,6623.383998325893,6363.11328125,6558.60595703125
2024-09-20,6481.952155406637,6874.260250596008,6457.448035300013,6823.48486328125,134968.0,NUVAMA.NS,6640.795689174107,6390.84677734375,6454.6484375
2024-09-23,6823.484699333544,6889.581274407858,6727.531251560061,6762.64208984375,68999.0,NUVAMA.NS,6643.742047991072,6414.527360026042,6823.48486328125
2024-09-24,6786.45828866923,6973.061338574751,6562.829073356622,6679.21044921875,106121.0,NUVAMA.NS,6621.468959263393,6429.987581380208,6762.64208984375
2024-09-25,6698.0187399037695,6735.339351466488,6580.262005568668,6630.0068359375,31752.0,NUVAMA.NS,6634.559291294643,6449.628385416667,6679.21044921875
2024-09-26,6657.456655987572,6762.690860559809,6492.804110965567,6662.61279296875,96701.0,NUVAMA.NS,6653.030203683035,6470.357698567708,6630.0068359375
2024-09-27,6779.534212025863,6947.525863425392,6688.294762409026,6720.31201171875,304004.0,NUVAMA.NS,6676.131068638393,6494.22158203125,6662.61279296875
2024-09-30,6756.994465917077,6874.849020555165,6585.123240403198,6638.4033203125,95943.0,NUVAMA.NS,6702.381766183035,6514.215934244791,6720.31201171875
2024-10-01,6647.97927718751,6647.97927718751,6383.886947682561,6403.47998046875,255479.0,NUVAMA.NS,6642.381068638393,6514.453287760417,6638.4033203125
2024-10-03,6358.253641876175,6358.253641876175,6022.417053262338,6058.65771484375,293346.0,NUVAMA.NS,6541.811872209822,6502.48779296875,6403.47998046875
2024-10-04,6089.152460706812,6089.152460706812,5745.361068838614,5790.4892578125,363945.0,NUVAMA.NS,6414.851702008928,6490.697444661459,6058.65771484375
2024-10-07,5891.745711674959,6077.366638413843,5745.9496120534,5941.8828125,303518.0,NUVAMA.NS,6316.548270089285,6485.497102864583,5790.4892578125
2024-10-08,5990.939984997928,6260.483370077952,5886.392979832601,6213.48876953125,150550.0,NUVAMA.NS,6252.3876953125,6485.793375651042,5941.8828125
2024-10-09,6183.386640687616,6315.0398059411455,6110.75858049235,6250.46533203125,95228.0,NUVAMA.NS,6185.266741071428,6487.569368489583,6213.48876953125
2024-10-10,6298.589653710731,6354.27612524368,6238.43472192267,6261.26904296875,45254.0,NUVAMA.NS,6131.390415736607,6485.14189453125,6250.46533203125
2024-10-11,6241.381235851533,6627.354929901833,6241.381235851533,6571.66845703125,169526.0,NUVAMA.NS,6155.417340959822,6493.386800130208,6261.26904296875
2024-10-14,6608.694443015632,6757.976885479353,6510.040163395844,6693.9423828125,123066.0,NUVAMA.NS,6246.172293526785,6505.470149739584,6571.66845703125
2024-10-15,6750.36523797764,6845.336559687624,6668.800255679115,6788.66796875,149531.0,NUVAMA.NS,6388.769252232143,6520.632454427084,6693.9423828125
2024-10-16,6788.66819299338,7263.278327792331,6737.401267522511,7205.52978515625,297542.0,NUVAMA.NS,6569.290248325893,6539.122526041667,6788.66796875
2024-10-17,7198.949756620516,7199.93187800614,6884.670913220985,7056.44384765625,130821.0,NUVAMA.NS,6689.71240234375,6556.183626302083,7205.52978515625
2024-10-18,7002.623561664059,7097.742110703792,6756.454940208367,7001.44482421875,102127.0,NUVAMA.NS,6796.995186941965,6572.390266927084,7056.44384765625
2024-10-21,7031.006997900923,7104.175041111374,6776.637559088751,6858.54638671875,73391.0,NUVAMA.NS,6882.320521763393,6586.62939453125,7001.44482421875
2024-10-22,6826.725405519229,7089.933923528027,6418.162929804081,6504.1474609375,273239.0,NUVAMA.NS,6872.674665178572,6582.312972005208,6858.54638671875
2024-10-23,6574.320125851959,6865.028037004063,6439.818419057468,6738.38330078125,175002.0,NUVAMA.NS,6879.023367745535,6587.295589192709,6504.1474609375
2024-10-24,6776.588393041411,6868.171208824691,6586.891270863632,6795.150390625,126992.0,NUVAMA.NS,6879.949428013393,6590.413834635417,6738.38330078125
2024-10-25,6795.150015468828,6838.510574717786,6366.061317742145,6560.0302734375,190603.0,NUVAMA.NS,6787.735212053572,6584.347591145834,6795.150390625
2024-10-28,6727.530805035072,6755.521261669161,6403.430780850901,6440.505859375,212108.0,NUVAMA.NS,6699.744070870535,6571.193717447916,6560.0302734375
2024-10-29,6472.179510888959,6629.2700081369485,6405.4935690466855,6443.84521484375,128193.0,NUVAMA.NS,6620.086983816965,6568.042740885417,6440.505859375
2024-10-31,6619.498209918295,6899.402807815434,6560.570926150477,6865.17578125,116969.0,NUVAMA.NS,6621.034040178572,6579.104720052083,6443.84521484375
2024-11-01,6923.955056332915,6996.632031392296,6894.491417795328,6966.62841796875,33763.0,NUVAMA.NS,6687.102748325893,6592.70546875,6865.17578125
2024-11-04,7024.08264460417,7046.622040776504,6808.555932846612,6871.6572265625,114366.0,NUVAMA.NS,6706.141880580357,6606.60576171875,6966.62841796875
2024-11-06,6972.8648126230455,7326.625106784612,6920.469023416072,7239.21630859375,174574.0,NUVAMA.NS,6769.579868861607,6620.4634765625,6871.6572265625
2024-11-07,7285.773830616642,7419.255546955948,7172.896148631398,7324.357421875,96981.0,NUVAMA.NS,6878.769461495535,6639.187320963541,7239.21630859375
2024-11-08,7324.357505428676,7324.357505428676,6834.561130901606,6927.32958984375,99744.0,NUVAMA.NS,6948.315708705357,6647.457958984375,7324.357421875
2024-11-11,6934.115302842442,6951.846729522611,6706.280085749047,6749.22216796875,78560.0,NUVAMA.NS,6991.940987723215,6651.431803385417,6927.32958984375
2024-11-12,6750.905945892386,6818.265923805524,6478.444934587051,6513.7099609375,76411.0,NUVAMA.NS,6941.731584821428,6646.468375651041,6749.22216796875
2024-11-13,6513.115324085443,6513.115324085443,6214.007119644312,6300.78271484375,150238.0,NUVAMA.NS,6846.610770089285,6632.484065755209,6513.7099609375
2024-11-14,6320.59462922162,6696.374248310274,6310.044964753913,6664.279296875,139453.0,NUVAMA.NS,6816.9853515625,6633.346598307292,6300.78271484375
2024-11-18,6676.463354820018,6765.418439308658,6449.717879061766,6543.82373046875,77021.0,NUVAMA.NS,6717.6435546875,6638.024723307291,6664.279296875
2024-11-19,6556.65210007791,6635.849313992331,6476.711461538717,6549.12353515625,38201.0,NUVAMA.NS,6606.895856584822,6654.373583984375,6543.82373046875
2024-11-21,6369.479902563918,6513.065805505704,6290.2328742271975,6414.8486328125,101783.0,NUVAMA.NS,6533.684291294643,6675.185563151042,6549.12353515625
2024-11-22,6438.771850114999,6523.02115539038,6399.049179599442,6424.0615234375,42185.0,NUVAMA.NS,6487.232770647322,6691.258186848959,6414.8486328125
2024-11-25,6508.162412281914,6605.933630123268,6419.009502524627,6542.88232421875,169681.0,NUVAMA.NS,6491.400251116072,6702.237972005209,6424.0615234375
2024-11-26,6522.476631869691,6656.651471484071,6443.77423046157,6467.54833984375,46525.0,NUVAMA.NS,6515.223911830357,6709.474072265625,6542.88232421875
2024-11-27,6511.13431139286,6632.976623929194,6428.915515128505,6547.984375,56297.0,NUVAMA.NS,6498.6103515625,6719.03125,6467.54833984375
2024-11-28,6582.456479851518,6735.997601653924,6500.782315457269,6537.48388671875,34120.0,NUVAMA.NS,6497.704659598215,6717.891764322917,6547.984375
2024-11-29,6579.484670221255,6604.744661050921,6415.047082859508,6503.40771484375,73013.0,NUVAMA.NS,6491.173828125,6711.540608723958,6537.48388671875
2024-12-02,6528.122824587529,6651.748486084965,6496.275519987697,6617.671875,59400.0,NUVAMA.NS,6520.148577008928,6705.840738932292,6503.40771484375
2024-12-03,6644.814162241582,6706.081635663091,6594.195024843178,6653.828125,51950.0,NUVAMA.NS,6552.972377232143,6687.45068359375,6617.671875
2024-12-04,6674.581125030907,6785.725278467772,6646.398706414663,6678.494140625,81398.0,NUVAMA.NS,6572.345493861607,6674.852360026041,6653.828125
2024-12-05,6704.150557683981,6958.830808902852,6629.014367141192,6781.6640625,120748.0,NUVAMA.NS,6617.219168526785,6667.526334635417,6678.494140625
2024-12-06,6805.289309191935,7038.126793815757,6736.096649956876,6961.95068359375,78271.0,NUVAMA.NS,6676.357212611607,6670.97314453125,6781.6640625
2024-12-09,6953.927233598126,7044.070734774398,6841.990798071546,6877.35498046875,64674.0,NUVAMA.NS,6724.910226004465,6683.413395182291,6961.95068359375
2024-12-10,6894.491928807947,7404.644708022903,6874.72950631367,7291.96533203125,325913.0,NUVAMA.NS,6837.561314174107,6701.866129557292,6877.35498046875
2024-12-11,7348.180833916528,7576.016044458562,7193.500634453023,7228.66650390625,241390.0,NUVAMA.NS,6924.846261160715,6716.316666666667,7291.96533203125
2024-12-12,6981.019434137869,7058.186131498345,6760.76212729044,6880.02880859375,5395573.0,NUVAMA.NS,6957.16064453125,6726.983284505209,7228.66650390625
2024-12-13,6815.244856540163,6887.854757249738,6773.640164101981,6840.60400390625,629128.0,NUVAMA.NS,6980.319196428572,6740.319889322916,6880.02880859375
2024-12-16,6841.990439998357,6927.180997091141,6790.678181642246,6901.6240234375,189825.0,NUVAMA.NS,6997.456333705357,6755.579182942708,6840.60400390625
2024-12-17,6901.624024962601,6932.133937988843,6761.752823765625,6820.89111328125,114061.0,NUVAMA.NS,6977.304966517857,6754.10302734375,6901.6240234375
2024-12-18,6819.207117330073,6893.947168009757,6783.001322986373,6805.28955078125,106030.0,NUVAMA.NS,6967.009905133928,6748.725065104167,6820.89111328125
2024-12-19,6759.771957661731,6859.226887968774,6713.957266418786,6806.32958984375,132974.0,NUVAMA.NS,6897.633370535715,6746.547477213541,6805.28955078125
2024-12-20,6806.329443970785,6873.689421003242,6735.997703245719,6786.220703125,347837.0,NUVAMA.NS,6834.426827566965,6731.447623697916,6806.32958984375
2024-12-23,6759.771640028477,6830.103378956089,6686.468137484206,6767.5478515625,76057.0,NUVAMA.NS,6818.358119419643,6712.8873046875,6786.220703125
2024-12-24,6803.060735126929,6825.150651890343,6724.655315653548,6782.0107421875,58363.0,NUVAMA.NS,6809.987653459822,6708.043343098959,6767.5478515625
2024-12-26,6755.908551113615,6839.414916590745,6735.997637829403,6785.03173828125,90908.0,NUVAMA.NS,6793.331612723215,6709.236995442709,6782.0107421875
2024-12-27,6788.696936205784,6819.206848912081,6759.820913050865,6777.30517578125,41401.0,NUVAMA.NS,6787.105050223215,6718.023502604166,6785.03173828125
2024-12-30,6790.182820748039,6829.508868713881,6744.466803903571,6806.0322265625,71951.0,NUVAMA.NS,6787.211146763393,6734.865152994792,6777.30517578125
2024-12-31,6805.041715484982,6878.642201092174,6757.790480393262,6859.17724609375,62852.0,NUVAMA.NS,6794.760811941965,6741.361751302084,6806.0322265625
2025-01-01,6873.392628403277,7017.17636897431,6866.061890810155,6923.86279296875,83528.0,NUVAMA.NS,6814.423967633928,6754.029720052084,6859.17724609375
2025-01-02,6950.955066511533,7205.536148468704,6931.737758618399,7154.86767578125,192394.0,NUVAMA.NS,6869.75537109375,6774.22119140625,6923.86279296875
2025-01-03,7171.905821343728,7231.291760163381,6907.617159802643,6946.00244140625,69585.0,NUVAMA.NS,6893.182756696428,6791.926318359375,7154.86767578125
2025-01-06,6995.531471749086,7023.614734334963,6708.557975051203,6740.40576171875,295840.0,NUVAMA.NS,6886.8076171875,6802.471126302084,6946.00244140625
2025-01-07,6760.762183813496,6847.933916000395,6753.828068753173,6827.87451171875,41798.0,NUVAMA.NS,6894.031808035715,6811.970865885417,6740.40576171875
2025-01-08,6849.915279102931,6849.915279102931,6538.870680745979,6607.07275390625,129432.0,NUVAMA.NS,6865.609026227678,6816.6216796875,6827.87451171875
2025-01-09,6620.445913167399,6660.66387970738,6540.852076561792,6557.19677734375,35783.0,NUVAMA.NS,6822.468959263393,6816.928759765625,6607.07275390625
2025-01-10,6566.60714228325,6684.437765622373,6437.781380280915,6592.015625,167537.0,NUVAMA.NS,6775.062220982143,6818.746484375,6557.19677734375
2025-01-13,6596.374115011904,6665.665931597297,5965.667093787921,6050.2138671875,229616.0,NUVAMA.NS,6617.254534040178,6803.640022786459,6592.015625
2025-01-14,6111.630453823264,6215.939167818592,5956.751936546173,6104.54736328125,92434.0,NUVAMA.NS,6497.046665736607,6786.535872395833,6050.2138671875
2025-01-15,6129.757906443093,6357.593122745922,6095.087330049184,6139.0693359375,117440.0,NUVAMA.NS,6411.141462053572,6769.37724609375,6104.54736328125
2025-01-16,6240.703778046491,6338.078375267842,6000.535547907629,6017.22705078125,74696.0,NUVAMA.NS,6295.334681919643,6747.335009765625,6139.0693359375
2025-01-17,6017.226916505267,6102.021335699487,5878.940751835758,5998.45556640625,106410.0,NUVAMA.NS,6208.389369419643,6721.228059895833,6017.22705078125
2025-01-20,5998.455681025079,6201.030906186571,5965.667124860863,6115.79052734375,52922.0,NUVAMA.NS,6145.331333705357,6693.022721354167,5998.45556640625
2025-01-21,6113.066475575866,6157.494440014811,5749.2237302119975,5776.31640625,112278.0,NUVAMA.NS,6028.802873883928,6656.321435546875,6115.79052734375
2025-01-22,5800.981941066068,5839.565049846692,5395.385528920653,5490.3828125,210539.0,NUVAMA.NS,5948.827008928572,6596.268684895834,5776.31640625
2025-01-23,5507.668851375031,5694.889968804865,5490.531873782905,5610.54150390625,138906.0,NUVAMA.NS,5878.254743303572,6542.331184895834,5490.3828125
2025-01-24,5621.586459427993,5715.692312052779,5477.852055155561,5546.25244140625,83851.0,NUVAMA.NS,5793.566615513393,6497.87197265625,5610.54150390625
2025-01-27,5476.960510540009,5476.960510540009,4954.078589695739,5071.81005859375,200612.0,NUVAMA.NS,5658.507045200893,6438.912174479166,5546.25244140625
2025-01-28,5002.468674890532,5245.162699711955,4923.915251351095,5139.5166015625,207221.0,NUVAMA.NS,5535.801478794643,6380.175260416667,5071.81005859375
2025-01-29,5071.7605384801,5495.781481087271,4990.631005298649,5462.2998046875,159583.0,NUVAMA.NS,5442.445661272322,6334.888883463542,5139.5166015625
2025-01-30,5472.007635630153,5514.553580000502,5206.926213169912,5298.75390625,83172.0,NUVAMA.NS,5374.222446986607,6284.671028645834,5462.2998046875
2025-01-31,5319.456990932599,5590.630426922879,5319.456990932599,5542.5869140625,87340.0,NUVAMA.NS,5381.68017578125,6242.546272786459,5298.75390625
2025-02-01,5497.762927483527,5569.580551311015,5238.525876689967,5398.60498046875,122432.0,NUVAMA.NS,5351.403529575893,6196.292415364584,5542.5869140625
2025-02-03,5349.174782545115,5349.174782545115,5029.511866417706,5060.56689453125,128643.0,NUVAMA.NS,5282.019880022322,6139.393050130208,5398.60498046875
2025-02-04,5111.433435991001,5783.596645228375,5111.433435991001,5641.39794921875,625882.0,NUVAMA.NS,5363.389578683035,6101.372623697916,5060.56689453125
2025-02-05,5646.350804403213,5993.056555550779,5635.5534934617135,5941.29833984375,198227.0,NUVAMA.NS,5477.929827008928,6073.248177083334,5641.39794921875
2025-02-06,5922.725115204858,5933.621582217277,5728.025254925336,5850.16455078125,113102.0,NUVAMA.NS,5533.339076450893,6042.343489583333,5941.29833984375
2025-02-07,5844.369358099121,5844.369358099121,5593.998270502746,5631.6904296875,82079.0,NUVAMA.NS,5580.901436941965,6003.198763020833,5850.16455078125
2025-02-10,5621.586462499169,5621.586462499169,5421.586857601278,5588.6494140625,72257.0,NUVAMA.NS,5587.481794084822,5960.847835286459,5631.6904296875
2025-02-11,5596.772276361394,5596.772276361394,5371.958159894735,5423.51806640625,63001.0,NUVAMA.NS,5591.040806361607,5910.836344401042,5588.6494140625
2025-02-12,5418.565336903097,5427.728275295981,5193.206581834892,5362.74609375,78387.0,NUVAMA.NS,5634.209263392857,5851.098958333333,5423.51806640625
2025-02-13,5422.032281795156,5558.68407797024,5374.18707903556,5450.61083984375,62071.0,NUVAMA.NS,5606.953962053572,5801.252571614584,5362.74609375
2025-02-14,5472.99792683044,5522.52731983343,5161.012086830411,5237.98095703125,60302.0,NUVAMA.NS,5506.480050223215,5751.171744791666,5450.61083984375
2025-02-17,5237.981083847498,5300.437456462203,5065.222653607526,5255.41552734375,82718.0,NUVAMA.NS,5421.515904017857,5698.7564453125,5237.98095703125
2025-02-18,5308.560346651655,5327.530007451111,5139.368133481304,5225.64794921875,80128.0,NUVAMA.NS,5363.509835379465,5652.708951822917,5255.41552734375
2025-02-19,5208.511347381566,5485.776812860534,5151.057247315356,5436.6435546875,75632.0,NUVAMA.NS,5341.794712611607,5615.357177734375,5225.64794921875
2025-02-20,5381.963204755992,5636.44513898649,5354.127588088221,5595.88037109375,55021.0,NUVAMA.NS,5366.417898995535,5582.152669270833,5436.6435546875
2025-02-21,5576.068634152614,5685.77624425728,5459.179261761187,5562.9931640625,42142.0,NUVAMA.NS,5395.024623325893,5565.911979166666,5595.88037109375
2025-02-24,5522.428340237918,5527.480435222263,5337.535207004724,5381.17041015625,128882.0,NUVAMA.NS,5385.104561941965,5541.7994140625,5562.9931640625
2025-02-25,5368.986229116244,5562.15086282061,5352.938512226611,5525.25146484375,52299.0,NUVAMA.NS,5426.143205915178,5521.338818359375,5381.17041015625
2025-02-27,5472.205735927025,5595.830909329141,5211.5819691165525,5315.7421875,98083.0,NUVAMA.NS,5434.761300223215,5497.955989583334,5525.25146484375
2025-02-28,5267.995756535494,5435.207283264243,5102.022948359816,5349.669921875,152717.0,NUVAMA.NS,5452.478724888393,5476.329801432292,5315.7421875
2025-03-03,5403.805681330479,5432.384240015879,4963.885482297415,5046.69873046875,105183.0,NUVAMA.NS,5396.772321428572,5440.693408203125,5349.669921875
2025-03-04,4853.880808989205,5193.157171658349,4853.880808989205,5118.07080078125,75328.0,NUVAMA.NS,5328.513811383928,5418.751888020834,5046.69873046875
2025-03-05,5166.460556044699,5340.160241977213,5109.700062544864,5304.3505859375,66526.0,NUVAMA.NS,5291.564871651785,5412.550813802083,5118.07080078125
2025-03-06,5324.410112427093,5487.708629077424,5304.746845321307,5431.2451171875,102125.0,NUVAMA.NS,5298.718401227678,5406.574267578125,5304.3505859375
2025-03-07,5431.244878072397,5504.250914932683,5349.17457512254,5411.38330078125,74463.0,NUVAMA.NS,5282.451520647322,5402.078629557292,5431.2451171875
2025-03-10,5427.430826078484,5664.181322050879,5407.619069093345,5477.60400390625,129558.0,NUVAMA.NS,5305.574637276785,5415.605094401041,5411.38330078125
2025-03-11,5418.416535675152,5418.416535675152,5056.951115827444,5083.1025390625,149790.0,NUVAMA.NS,5267.493582589285,5413.724625651042,5477.60400390625
2025-03-12,5101.428570057907,5250.561869800653,5098.902764367012,5130.5517578125,102641.0,NUVAMA.NS,5279.472586495535,5402.666357421875,5083.1025390625
2025-03-13,5142.933898181861,5148.085148568226,4977.70403531948,5006.62939453125,94115.0,NUVAMA.NS,5263.552385602678,5392.928873697917,5130.5517578125
2025-03-17,5009.601409150223,5393.602718577958,5008.313354646351,5301.42822265625,156400.0,NUVAMA.NS,5263.134905133928,5384.890250651041,5006.62939453125
2025-03-18,5285.777052095476,5466.55934445069,5260.021766609253,5430.25439453125,246721.0,NUVAMA.NS,5262.993373325893,5385.945231119792,5301.42822265625
2025-03-19,5450.214487646017,5667.697862103972,5450.214487646017,5579.8330078125,188820.0,NUVAMA.NS,5287.0576171875,5403.2541015625,5430.25439453125
2025-03-20,5596.821784042575,5993.007618672147,5576.267084570207,5938.822265625,190014.0,NUVAMA.NS,5352.945940290178,5413.168245442708,5579.8330078125
2025-03-21,5943.52713227812,6338.771686574615,5934.165883570591,6284.833984375,475652.0,NUVAMA.NS,5524.621861049107,5424.61943359375,5938.822265625
2025-03-24,6293.551420362308,6304.893361045829,6173.888117741204,6187.75634765625,85844.0,NUVAMA.NS,5675.651088169643,5435.872493489584,6284.833984375
2025-03-25,6201.08033087793,6253.383179172155,6061.110452346851,6130.60009765625,75309.0,NUVAMA.NS,5836.218331473215,5452.502815755209,6187.75634765625
2025-03-26,6141.64480607904,6273.789131459837,6035.94888666797,6098.455078125,66392.0,NUVAMA.NS,5950.079310825893,5469.496337890625,6130.60009765625
2025-03-27,6064.72584060427,6128.717914777128,5918.960929916107,6014.75048828125,187444.0,NUVAMA.NS,6033.578752790178,5489.204085286458,6098.455078125
2025-03-28,6049.421189188824,6125.746277592431,5996.771538697877,6018.51513671875,91466.0,NUVAMA.NS,6096.247628348215,5511.063053385416,6014.75048828125
2025-04-01,6037.682640076505,6090.431446220273,5833.522859020575,5866.6083984375,95764.0,NUVAMA.NS,6085.931361607143,5524.929638671875,6018.51513671875
2025-04-02,5850.412233750325,5968.193040262956,5661.6060801637805,5705.04345703125,107544.0,NUVAMA.NS,6003.104143415178,5540.498388671875,5866.6083984375
2025-04-03,5655.513856940842,6002.863400513121,5649.917132152921,5966.95458984375,64371.0,NUVAMA.NS,5971.56103515625,5564.216357421875,5705.04345703125
2025-04-04,5959.822630368878,5961.556159154884,5532.43329705338,5601.67529296875,97874.0,NUVAMA.NS,5896.000348772322,5576.750602213541,5966.95458984375
2025-04-07,4690.879794557786,5410.09596581486,4690.879794557786,5279.3876953125,212908.0,NUVAMA.NS,5778.99072265625,5571.508740234375,5601.67529296875
2025-04-08,5497.762718498136,5547.192956833661,5294.493892621091,5336.24755859375,58075.0,NUVAMA.NS,5682.061732700893,5562.854313151041,5279.3876953125
2025-04-09,5349.174805745702,5384.736815587538,5219.655434291767,5334.11767578125,34848.0,NUVAMA.NS,5584.290666852678,5555.225130208333,5336.24755859375
2025-04-11,5514.058020690891,5614.652025018502,5323.023053977644,5462.2998046875,73751.0,NUVAMA.NS,5526.532296316965,5557.929443359375,5334.11767578125
2025-04-15,5655.266374088736,5755.315752926179,5587.411102302945,5651.79931640625,50155.0,NUVAMA.NS,5518.925990513393,5562.147705078125,5462.2998046875
2025-04-16,5703.309764013593,5975.721433158837,5631.4921421480285,5823.1708984375,143797.0,NUVAMA.NS,5498.385463169643,5579.061995442708,5651.79931640625
2025-04-17,5836.543666388179,5943.527155181445,5795.929564161106,5909.84716796875,43108.0,NUVAMA.NS,5542.410016741072,5597.7345703125,5823.1708984375
2025-04-21,5942.53662368582,6072.303634471425,5795.929619134145,5971.263671875,66804.0,NUVAMA.NS,5641.249441964285,5628.553401692709,5909.84716796875
2025-04-22,6002.962840874076,6153.532205859697,5902.418166229073,6027.7275390625,67991.0,NUVAMA.NS,5740.032296316965,5658.87529296875,5971.263671875
2025-04-23,6102.021190796937,6130.748238610754,5943.527133893121,6112.42236328125,49329.0,NUVAMA.NS,5851.218680245535,5685.811018880208,6027.7275390625
2025-04-24,6112.422562386226,6127.776674648925,6046.053173895848,6070.81787109375,30903.0,NUVAMA.NS,5938.149832589285,5707.130110677083,6112.42236328125
2025-04-25,6072.799048194325,6290.728383583405,6054.47317226388,6209.0048828125,321796.0,NUVAMA.NS,6017.750627790178,5733.717496744792,6070.81787109375
2025-04-28,6209.004730146559,6360.564673304253,6151.550634047564,6197.11767578125,64851.0,NUVAMA.NS,6071.171595982143,5757.701285807291,6209.0048828125
2025-04-29,6183.249602493263,6230.302527215857,6116.880213937183,6156.9990234375,57932.0,NUVAMA.NS,6106.47900390625,5793.497835286458,6197.11767578125
2025-04-30,6064.874155312295,6170.371762097228,5921.2389160276425,6037.1376953125,72426.0,NUVAMA.NS,6115.889578683035,5823.717366536458,6156.9990234375
2025-05-02,5966.806380641036,6131.243976587978,5938.574624710385,5999.00048828125,38019.0,NUVAMA.NS,6111.785714285715,5856.796402994792,6037.1376953125
2025-05-05,5856.35552609249,5893.5025714626645,5597.81209031608,5837.0390625,122550.0,NUVAMA.NS,6072.445242745535,5874.65009765625,5999.00048828125
2025-05-06,5858.831860306813,5921.238895085633,5646.350765702737,5674.58251953125,47059.0,NUVAMA.NS,6015.840192522322,5882.794368489584,5837.0390625
2025-05-07,5652.294275856466,5935.60240114475,5616.633113232766,5905.884765625,61276.0,NUVAMA.NS,5972.537318638393,5893.662760416667,5674.58251953125
2025-05-08,5935.10745824256,6003.953317935101,5790.976917447385,5818.71337890625,48028.0,NUVAMA.NS,5918.479561941965,5889.659130859375,5905.884765625
2025-05-09,5701.82366537007,5982.655320882998,5669.134266315655,5877.15771484375,64817.0,NUVAMA.NS,5878.502232142857,5876.069921875,5818.71337890625
2025-05-12,5991.07543439862,6092.1153970819305,5945.508392404186,6028.7177734375,57056.0,NUVAMA.NS,5877.299386160715,5870.768636067708,5877.15771484375
2025-05-13,6062.397784743836,6293.700053165026,5999.000160851089,6206.5283203125,55542.0,NUVAMA.NS,5906.946219308035,5873.299576822917,6028.7177734375
2025-05-14,6267.945083048334,6735.997876685685,6211.97686539646,6684.4873046875,245227.0,NUVAMA.NS,6028.01025390625,5892.833984375,6206.5283203125
2025-05-15,6683.496555805313,6735.007126562964,6587.409529584308,6667.15185546875,43824.0,NUVAMA.NS,6169.805873325893,5914.580696614584,6684.4873046875
2025-05-16,6667.151862530518,6699.34596928815,6588.895418411967,6643.873046875,31820.0,NUVAMA.NS,6275.232770647322,5935.425960286459,6667.15185546875
2025-05-19,6643.872870984893,6775.621058228219,6374.928263191186,6753.828125,96889.0,NUVAMA.NS,6408.820591517857,5964.999951171875,6643.873046875
2025-05-20,6829.608276107559,6874.68002555464,6714.204785765035,6753.3330078125,152777.0,NUVAMA.NS,6533.988490513393,5999.942936197916,6753.828125
2025-05-21,6756.800011613942,6844.9623340056205,6672.6000407904285,6830.103515625,36505.0,NUVAMA.NS,6648.47216796875,6028.714567057292,6753.3330078125
2025-05-22,6821.188388841288,6905.3883616922185,6599.296695681187,6737.97900390625,62162.0,NUVAMA.NS,6724.393694196428,6066.591357421875,6830.103515625
2025-05-23,6765.715516410152,6810.291972960439,6644.8637897627095,6741.94140625,46715.0,NUVAMA.NS,6732.601422991072,6115.343147786459,6737.97900390625
2025-05-26,6765.715068248756,6904.39736832999,6720.643320722355,6821.18798828125,56263.0,NUVAMA.NS,6754.606584821428,6164.841162109375,6741.94140625
2025-05-27,6821.188452668261,6909.350778007713,6791.4708149133885,6862.2978515625,58395.0,NUVAMA.NS,6785.810128348215,6215.780501302083,6821.18798828125
2025-05-28,6899.44484780943,6927.67660346809,6839.018984820719,6858.33544921875,30716.0,NUVAMA.NS,6800.73974609375,6262.315022786458,6862.2978515625
2025-05-29,6934.1153925165245,7076.760052019721,6854.868359459192,6893.99658203125,166040.0,NUVAMA.NS,6820.834542410715,6303.721598307292,6858.33544921875
2025-05-30,6906.874153507833,7241.197570762605,6893.996510769131,7126.78466796875,422174.0,NUVAMA.NS,6863.217564174107,6347.175390625,6893.99658203125
2025-06-02,7176.314145409903,7279.830582458055,7052.985950075024,7262.0,196819.0,NUVAMA.NS,6938.077706473215,6392.247151692708,7126.78466796875
2025-06-03,7320.0,7415.0,7190.5,7248.0,150645.0,NUVAMA.NS,7010.371791294643,6434.805029296875,7262.0
2025-06-04,7300.0,7378.0,7161.5,7322.5,70370.0,NUVAMA.NS,7081.98779296875,6477.964111328125,7248.0
2025-06-05,7381.0,7381.0,7180.5,7213.5,87160.0,NUVAMA.NS,7132.159528459822,6514.66669921875,7322.5
2025-06-06,7282.0,7378.0,7200.0,7365.5,113027.0,NUVAMA.NS,7204.611607142857,6557.822770182292,7213.5
2025-06-09,7401.5,7800.0,7377.5,7599.0,207904.0,NUVAMA.NS,7305.326381138393,6604.155940755209,7365.5
2025-06-10,7615.5,7750.0,7452.0,7556.0,86515.0,NUVAMA.NS,7366.642857142857,6649.452018229166,7599.0
2025-06-11,7660.0,7688.5,7314.5,7414.5,145322.0,NUVAMA.NS,7388.428571428572,6691.368717447916,7556.0
2025-06-12,7414.0,7425.0,7213.5,7238.5,66636.0,NUVAMA.NS,7387.071428571428,6731.414127604166,7414.5
2025-06-13,7099.0,7168.0,6968.0,7088.0,104357.0,NUVAMA.NS,7353.571428571428,6767.714111328125,7238.5
2025-06-16,7113.0,7139.5,6980.0,7062.0,79909.0,NUVAMA.NS,7331.928571428572,6808.546142578125,7088.0
2025-06-17,7062.0,7420.0,7011.0,7395.0,226284.0,NUVAMA.NS,7336.142857142857,6865.893391927083,7062.0
2025-06-18,7395.0,7437.5,7249.0,7272.0,54857.0,NUVAMA.NS,7289.428571428572,6911.43056640625,7395.0
2025-06-19,7310.0,7324.5,6938.0,6966.0,96365.0,NUVAMA.NS,7205.142857142857,6949.673453776041,7272.0
2025-06-20,6966.0,7098.0,6828.0,6882.5,159706.0,NUVAMA.NS,7129.142857142857,6983.18486328125,6966.0
2025-06-23,6870.0,7099.0,6805.5,7060.5,67632.0,NUVAMA.NS,7103.714285714285,7017.577604166667,6882.5
2025-06-24,7085.5,7194.0,7034.5,7149.5,65229.0,NUVAMA.NS,7112.5,7049.009993489583,7060.5
2025-06-25,7190.0,7535.0,7169.5,7504.5,138421.0,NUVAMA.NS,7175.714285714285,7076.34375,7149.5
2025-06-26,7500.0,7945.0,7488.0,7901.0,357732.0,NUVAMA.NS,7248.0,7117.472021484375,7504.5
2025-06-27,7901.0,8508.0,7825.0,8287.5,280355.0,NUVAMA.NS,7393.071428571428,7172.259586588541,7901.0
2025-06-30,8376.5,8508.5,8176.0,8231.0,160117.0,NUVAMA.NS,7573.785714285715,7221.498649088541,8287.5
2025-07-01,8200.0,8299.0,8062.0,8261.0,115614.0,NUVAMA.NS,7770.714285714285,7271.754215494791,8231.0
2025-07-02,8150.0,8454.0,8032.5,8070.0,135591.0,NUVAMA.NS,7914.928571428572,7313.084098307291,8261.0
2025-07-03,8100.0,8384.0,7935.0,8175.5,173553.0,NUVAMA.NS,8061.5,7361.00146484375,8070.0
2025-07-04,7940.0,7940.0,7205.0,7261.0,818965.0,NUVAMA.NS,8026.714285714285,7378.30341796875,8175.5
2025-07-07,7251.0,7580.0,7135.5,7498.0,618417.0,NUVAMA.NS,7969.142857142857,7400.863818359375,7261.0
2025-07-08,7544.5,7650.0,7362.0,7467.0,273698.0,NUVAMA.NS,7851.928571428572,7421.020556640625,7498.0
2025-07-09,7466.5,7530.0,7281.0,7310.0,120867.0,NUVAMA.NS,7720.357142857143,7436.076041666666,7467.0
2025-07-10,7373.5,7543.5,7331.0,7372.5,160790.0,NUVAMA.NS,7593.428571428572,7452.026155598958,7310.0
2025-07-11,7372.5,7436.5,7300.5,7318.0,69629.0,NUVAMA.NS,7486.0,7458.4,7372.5
2025-07-14,7422.5,7505.5,7363.0,7418.5,146841.0,NUVAMA.NS,7377.857142857143,7463.616666666667,7318.0
2025-07-15,7455.0,7575.0,7360.0,7531.5,100311.0,NUVAMA.NS,7416.5,7473.066666666667,7418.5
2025-07-16,7529.0,7715.0,7405.5,7504.0,150789.0,NUVAMA.NS,7417.357142857143,7479.116666666667,7531.5
2025-07-17,7538.0,7895.0,7530.5,7818.5,439503.0,NUVAMA.NS,7467.571428571428,7499.283333333334,7504.0
2025-07-18,7870.0,7870.0,7690.0,7728.5,84241.0,NUVAMA.NS,7527.357142857143,7511.383333333333,7818.5
2025-07-21,7740.0,7770.5,7486.5,7628.5,101694.0,NUVAMA.NS,7563.928571428572,7512.366666666667,7728.5
2025-07-22,7777.0,7886.0,7701.5,7779.5,171844.0,NUVAMA.NS,7629.857142857143,7519.816666666667,7628.5
2025-07-23,7810.0,7810.0,7635.0,7734.5,68485.0,NUVAMA.NS,7675.0,7530.483333333334,7779.5
2025-07-24,7850.0,7850.0,7680.0,7767.5,84895.0,NUVAMA.NS,7708.714285714285,7548.116666666667,7734.5
2025-07-25,7730.5,7738.0,7316.0,7346.5,162152.0,NUVAMA.NS,7686.214285714285,7556.733333333334,7767.5
2025-07-28,7272.0,7489.0,7205.0,7234.5,102128.0,NUVAMA.NS,7602.785714285715,7562.483333333334,7346.5
2025-07-29,7278.0,7310.5,7136.0,7210.0,73577.0,NUVAMA.NS,7528.714285714285,7556.316666666667,7234.5
2025-07-30,7271.0,7440.0,7200.5,7412.5,84624.0,NUVAMA.NS,7497.857142857143,7561.0,7210.0
2025-07-31,7375.0,7381.0,7139.5,7239.5,177868.0,NUVAMA.NS,7420.714285714285,7570.116666666667,7412.5
2025-08-01,7220.0,7239.5,6900.0,6916.5,167414.0,NUVAMA.NS,7303.857142857143,7571.25,7239.5
2025-08-04,6904.5,6936.0,6758.0,6879.5,128994.0,NUVAMA.NS,7177.0,7565.216666666666,6916.5
2025-08-05,6939.5,7178.0,6895.0,6993.0,200401.0,NUVAMA.NS,7126.5,7560.0,6879.5
2025-08-06,7000.0,7025.0,6850.0,6961.0,100383.0,NUVAMA.NS,7087.428571428572,7541.883333333333,6993.0
2025-08-07,6931.5,7072.5,6845.0,6946.5,107412.0,NUVAMA.NS,7049.785714285715,7510.066666666667,6961.0
2025-08-08,6965.0,6989.0,6743.0,6770.0,71723.0,NUVAMA.NS,6958.0,7459.483333333334,6946.5
2025-08-11,6848.0,6885.0,6771.5,6839.0,73654.0,NUVAMA.NS,6900.785714285715,7413.083333333333,6770.0
2025-08-12,6845.5,6967.0,6806.5,6853.0,85228.0,NUVAMA.NS,6891.714285714285,7366.15,6839.0
2025-08-13,6929.0,7000.0,6720.0,6930.0,133141.0,NUVAMA.NS,6898.928571428572,7328.15,6853.0
2025-08-14,6980.0,7143.5,6773.5,6959.0,321466.0,NUVAMA.NS,6894.071428571428,7287.6,6930.0
2025-08-18,7070.0,7070.0,6776.5,6881.0,165079.0,NUVAMA.NS,6882.642857142857,7274.933333333333,6959.0
2025-08-19,6926.0,6927.0,6701.5,6789.5,151304.0,NUVAMA.NS,6860.214285714285,7251.316666666667,6881.0
2025-08-20,6829.0,6877.5,6670.0,6854.5,160944.0,NUVAMA.NS,6872.285714285715,7230.9,6789.5
2025-08-21,6880.0,7148.5,6820.5,6909.5,431228.0,NUVAMA.NS,6882.357142857143,7217.55,6854.5
2025-08-22,6929.0,7049.5,6904.0,6980.5,88659.0,NUVAMA.NS,6900.571428571428,7204.483333333334,6909.5
2025-08-25,7011.0,7018.0,6835.5,6857.5,82154.0,NUVAMA.NS,6890.214285714285,7189.133333333333,6980.5
2025-08-26,6845.0,6860.0,6670.0,6728.5,98274.0,NUVAMA.NS,6857.285714285715,7166.133333333333,6857.5
2025-08-28,6715.0,6725.5,6526.0,6549.0,106223.0,NUVAMA.NS,6809.857142857143,7133.383333333333,6728.5
2025-08-29,6576.0,6615.0,6371.5,6384.0,129800.0,NUVAMA.NS,6751.928571428572,7096.05,6549.0
2025-09-01,6357.5,6487.0,6313.5,6449.5,101828.0,NUVAMA.NS,6694.071428571428,7050.416666666667,6384.0
2025-09-02,6463.0,6516.5,6403.0,6448.5,96893.0,NUVAMA.NS,6628.214285714285,7007.75,6449.5
2025-09-03,6480.0,6600.0,6453.5,6530.0,114652.0,NUVAMA.NS,6563.857142857143,6971.133333333333,6448.5
2025-09-04,6621.5,6629.5,6440.0,6450.5,115449.0,NUVAMA.NS,6505.714285714285,6926.833333333333,6530.0
2025-09-05,6459.0,6635.0,6415.0,6509.5,117664.0,NUVAMA.NS,6474.428571428572,6886.0,6450.5
2025-09-08,6525.0,6542.0,6420.0,6429.0,58511.0,NUVAMA.NS,6457.285714285715,6841.383333333333,6509.5
2025-09-09,6451.5,6481.0,6346.0,6373.0,83920.0,NUVAMA.NS,6455.714285714285,6808.933333333333,6429.0
2025-09-10,6430.0,6495.0,6357.5,6378.0,91742.0,NUVAMA.NS,6445.5,6780.383333333333,6373.0
2025-09-11,6410.0,6434.0,6155.0,6169.5,184611.0,NUVAMA.NS,6405.642857142857,6745.7,6378.0
2025-09-12,6186.5,6520.0,6159.0,6443.5,355864.0,NUVAMA.NS,6393.285714285715,6713.4,6169.5
