Date,Open,High,Low,Close,Volume,Stock,MA_5,MA_10,MA_20,RSI,MACD,Close_Lag1,Close_Lag2,Close_Lag3
2025-01-02,127.9499969482422,128.85000610351562,126.9000015258789,127.9000015258789,895719,NTPCGREEN.BO,128.26000061035157,130.18000183105468,136.56500015258788,42.821257589952765,-1.0143500661137637,127.6500015258789,127.1999969482422,128.5
2025-01-03,128.39999389648438,132.0,127.8000030517578,128.35000610351562,544109,NTPCGREEN.BO,127.92000122070313,129.53500213623047,135.92500076293945,43.69215095119976,-1.1595746560053328,127.9000015258789,127.6500015258789,127.1999969482422
2025-01-06,132.0500030517578,133.0500030517578,123.3000030517578,124.25,2990207,NTPCGREEN.BO,127.07000122070312,128.7550018310547,134.94500045776368,38.011505247309344,-1.5872060933118632,128.35000610351562,127.9000015258789,127.6500015258789
2025-01-07,124.4000015258789,125.5999984741211,122.0999984741211,123.9499969482422,689643,NTPCGREEN.BO,126.42000122070313,127.7000015258789,133.90500030517578,37.62601942816208,-1.9280890173439786,124.25,128.35000610351562,127.9000015258789
2025-01-08,125.0500030517578,127.5,124.0,125.4000015258789,1361004,NTPCGREEN.BO,125.97000122070312,126.93000106811523,132.8425006866455,40.75343024008961,-2.0575201280722695,123.9499969482422,124.25,128.35000610351562
2025-01-09,125.8499984741211,125.9000015258789,120.3499984741211,120.9000015258789,625673,NTPCGREEN.BO,124.57000122070312,126.41500091552734,131.45500106811522,34.904335326855275,-2.494453105103588,125.4000015258789,123.9499969482422,124.25
2025-01-10,121.1999969482422,121.3499984741211,115.8499984741211,116.4000015258789,853125,NTPCGREEN.BO,122.18000030517578,125.05000076293945,130.1100009918213,30.231608079933252,-3.1673270545713876,120.9000015258789,125.4000015258789,123.9499969482422
2025-01-13,114.0,114.9000015258789,109.4000015258789,110.0,2431767,NTPCGREEN.BO,119.33000030517579,123.20000076293945,128.40250129699706,25.0875923252798,-4.168954036366188,116.4000015258789,120.9000015258789,125.4000015258789
2025-01-14,110.4499969482422,121.0,110.4499969482422,121.0,2339121,NTPCGREEN.BO,118.74000091552735,122.58000106811524,127.36500129699706,43.030120381988546,-4.028702195477578,110.0,116.4000015258789,120.9000015258789
2025-01-15,122.0500030517578,123.9499969482422,117.75,119.9000015258789,1876080,NTPCGREEN.BO,117.64000091552734,121.80500106811523,126.3750015258789,41.94812231435608,-3.960656304449415,121.0,110.0,116.4000015258789
2025-01-16,122.1500015258789,123.5,120.4499969482422,122.75,530247,NTPCGREEN.BO,118.01000061035157,121.29000091552734,125.73500137329101,45.75403312515687,-3.6348580066547242,119.9000015258789,121.0,110.0
2025-01-17,123.0,123.0,120.5500030517578,120.9499969482422,238816,NTPCGREEN.BO,118.91999969482421,120.55,125.04250106811523,43.80087063369076,-3.481770033803059,122.75,119.9000015258789,121.0
2025-01-20,121.3499984741211,121.8000030517578,119.4000015258789,119.8000030517578,268021,NTPCGREEN.BO,120.88000030517578,120.10500030517578,124.43000106811523,42.5511099340669,-3.413888428196614,120.9499969482422,122.75,119.9000015258789
2025-01-21,119.8499984741211,120.75,116.9499969482422,117.4000015258789,766853,NTPCGREEN.BO,120.16000061035156,119.45000076293945,123.57500114440919,39.98685037072106,-3.513253235803603,119.8000030517578,120.9499969482422,122.75
2025-01-22,117.9499969482422,117.9499969482422,112.6500015258789,114.1999969482422,376754,NTPCGREEN.BO,119.01999969482422,118.33000030517579,122.6300006866455,36.802288563517536,-3.80633710281937,117.4000015258789,119.8000030517578,120.9499969482422
2025-01-23,113.6999969482422,115.1999969482422,112.0,113.0999984741211,749886,NTPCGREEN.BO,117.08999938964844,117.55,121.98250045776368,35.74835151593807,-4.0803333201796335,114.1999969482422,117.4000015258789,119.8000030517578
2025-01-24,114.3000030517578,115.6999969482422,111.5,112.1500015258789,402837,NTPCGREEN.BO,115.33000030517579,117.125,121.08750038146972,34.820892860966,-4.324286428567476,113.0999984741211,114.1999969482422,117.4000015258789
2025-01-27,111.5999984741211,111.5999984741211,107.3499984741211,108.25,538127,NTPCGREEN.BO,113.01999969482422,116.95,120.07500038146972,31.237887593751836,-4.777249396707077,112.1500015258789,113.0999984741211,114.1999969482422
2025-01-28,109.3000030517578,111.3499984741211,106.3000030517578,110.25,1163018,NTPCGREEN.BO,111.58999938964844,115.875,119.22750053405761,34.93534014530506,-4.9181491649451345,108.25,112.1500015258789,113.0999984741211
2025-01-29,110.3000030517578,115.0500030517578,110.3000030517578,114.9000015258789,1026389,NTPCGREEN.BO,111.73000030517578,115.375,118.59000053405762,42.65591769542679,-4.601553144663313,110.25,108.25,112.1500015258789
2025-01-30,115.8000030517578,116.5500030517578,112.6999969482422,113.9000015258789,379917,NTPCGREEN.BO,111.89000091552734,114.4900001525879,117.89000053405762,41.515033390904236,-4.380840557323836,114.9000015258789,110.25,108.25
2025-01-31,113.25,115.3499984741211,112.3499984741211,114.9000015258789,430157,NTPCGREEN.BO,112.44000091552735,113.88500061035157,117.21750030517578,43.15244838772561,-4.078221401347619,113.9000015258789,114.9000015258789,110.25
2025-02-01,116.9000015258789,120.6500015258789,113.5500030517578,114.6500015258789,1145291,NTPCGREEN.BO,113.72000122070312,113.37000045776367,116.73750038146973,42.829611357919326,-3.8145941834021784,114.9000015258789,113.9000015258789,114.9000015258789
2025-02-03,112.9499969482422,113.5999984741211,110.8000030517578,111.0999984741211,233552,NTPCGREEN.BO,113.89000091552734,112.7400001525879,116.09500045776367,38.43265922759012,-3.8477686101275737,114.6500015258789,114.9000015258789,113.9000015258789
2025-02-04,111.4499969482422,113.1999969482422,110.9000015258789,111.1999969482422,269407,NTPCGREEN.BO,113.15,112.44000015258788,115.38500022888184,38.62380157674417,-3.821933668912692,111.0999984741211,114.6500015258789,114.9000015258789
2025-02-05,111.8499984741211,114.3000030517578,111.8000030517578,112.0,730396,NTPCGREEN.BO,112.76999969482422,112.33000030517579,114.94000015258788,40.22271756321475,-3.694319911194853,111.1999969482422,111.0999984741211,114.6500015258789
2025-02-06,114.6500015258789,115.1500015258789,111.0999984741211,111.5,791525,NTPCGREEN.BO,112.08999938964844,112.26500015258789,114.69500007629395,39.52959338176726,-3.592123150462129,112.0,111.1999969482422,111.0999984741211
2025-02-07,111.8000030517578,113.1999969482422,110.0500030517578,112.0999984741211,741582,NTPCGREEN.BO,111.57999877929687,112.65,114.8,40.84688546623829,-3.4232554607791315,111.5,112.0,111.1999969482422
2025-02-10,112.0500030517578,112.75,109.6500015258789,110.0500030517578,586446,NTPCGREEN.BO,111.36999969482422,112.63000030517578,114.25250015258788,37.81578880721625,-3.4154726554236703,112.0999984741211,111.5,112.0
2025-02-11,110.0500030517578,110.5,106.5,107.75,842174,NTPCGREEN.BO,110.68000030517578,111.9150001525879,113.64500007629394,34.704194217102525,-3.5539282775170165,110.0500030517578,112.0999984741211,111.5
2025-02-12,107.0,108.0,104.8499984741211,107.4000015258789,793026,NTPCGREEN.BO,109.76000061035157,111.26500015258789,112.87750015258788,34.24245458308678,-3.649824403559748,107.75,110.0500030517578,112.0999984741211
2025-02-13,108.6999969482422,109.5500030517578,107.0,108.1999969482422,326183,NTPCGREEN.BO,109.1,110.59499969482422,112.2400001525879,36.32776781491642,-3.6195459568969,107.4000015258789,107.75,110.0500030517578
2025-02-14,108.1999969482422,108.5500030517578,106.5,106.8499984741211,189118,NTPCGREEN.BO,108.05,109.81499938964843,111.59249992370606,34.348244117212914,-3.6622673261719,108.1999969482422,107.4000015258789,107.75
2025-02-17,105.0500030517578,105.75,102.5999984741211,104.75,571976,NTPCGREEN.BO,106.98999938964843,109.17999954223633,110.9599998474121,31.475087361355264,-3.821524490050308,106.8499984741211,108.1999969482422,107.4000015258789
2025-02-18,105.0,106.8000030517578,104.3499984741211,104.9499969482422,316740,NTPCGREEN.BO,106.42999877929688,108.55499954223633,110.49749984741212,32.05797166638472,-3.886794312145966,104.75,106.8499984741211,108.1999969482422
2025-02-19,104.1500015258789,106.1500015258789,103.1500015258789,104.6500015258789,445824,NTPCGREEN.BO,105.87999877929687,107.81999969482422,110.075,31.623442474267236,-3.917568943638557,104.9499969482422,104.75,106.8499984741211
2025-02-20,104.4499969482422,106.4499969482422,103.4000015258789,106.0,432501,NTPCGREEN.BO,105.43999938964843,107.26999969482422,109.76749992370605,35.83811070950149,-3.789343275862251,104.6500015258789,104.9499969482422,104.75
2025-02-21,106.0500030517578,108.5,105.0,105.5999984741211,939146,NTPCGREEN.BO,105.18999938964843,106.61999969482422,109.6349998474121,35.14682853471143,-3.6776071248157507,106.0,104.6500015258789,104.9499969482422
2025-02-24,102.1999969482422,103.0,96.1999969482422,98.4499969482422,2417718,NTPCGREEN.BO,103.92999877929688,105.45999908447266,109.04499969482421,25.630067385957716,-4.118524995720463,105.5999984741211,106.0,104.6500015258789
2025-02-25,101.1500015258789,103.0,97.5999984741211,98.0500030517578,1757996,NTPCGREEN.BO,102.55,104.48999938964843,108.20249977111817,25.21867410938556,-4.448947057308715,98.4499969482422,105.5999984741211,106.0
2025-02-27,98.1999969482422,98.9000015258789,92.5500030517578,93.0500030517578,717905,NTPCGREEN.BO,100.23000030517578,103.05499954223633,107.15999984741211,20.737726150675087,-5.055984888384316,98.0500030517578,98.4499969482422,105.5999984741211
2025-02-28,91.8499984741211,92.0500030517578,87.0,87.25,1986372,NTPCGREEN.BO,96.48000030517578,100.9599998474121,105.77749977111816,16.970759107637775,-5.936644573402745,93.0500030517578,98.0500030517578,98.4499969482422
2025-03-03,88.80999755859375,89.1500015258789,84.5999984741211,87.91999816894531,1231581,NTPCGREEN.BO,92.94400024414062,99.06699981689454,104.44099960327148,18.8055521944608,-6.505518893505283,87.25,93.0500030517578,98.0500030517578
2025-03-04,86.45999908447266,89.25,86.0,87.08999633789062,1185978,NTPCGREEN.BO,90.67200012207032,97.30099945068359,103.24049949645996,18.26701737569293,-6.943292151977374,87.91999816894531,87.25,93.0500030517578
2025-03-05,87.41999816894531,91.69000244140624,86.12999725341797,91.05999755859376,1833630,NTPCGREEN.BO,89.2739990234375,95.91199951171875,102.23349952697754,28.773673467112786,-6.890455808080588,87.08999633789062,87.91999816894531,87.25
2025-03-06,92.9000015258789,95.0,91.75,94.41000366210938,993964,NTPCGREEN.BO,89.5459991455078,94.8879997253418,101.353999710083,36.22382766095786,-6.503299145110859,91.05999755859376,87.08999633789062,87.91999816894531
2025-03-07,95.23999786376952,97.66999816894533,94.26000213623048,97.3000030517578,691973,NTPCGREEN.BO,91.55599975585938,94.01800003051758,100.6439998626709,41.872462212744075,-5.895318342241154,94.41000366210938,91.05999755859376,87.08999633789062
2025-03-10,97.97000122070312,98.1999969482422,94.37999725341795,94.9800033569336,894525,NTPCGREEN.BO,92.96800079345704,92.95600051879883,99.78800010681152,38.89431593419432,-5.536868192089983,97.3000030517578,94.41000366210938,91.05999755859376
2025-03-11,94.97000122070312,97.61000061035156,94.52999877929688,95.66000366210938,620398,NTPCGREEN.BO,94.68200225830078,92.67700119018554,99.0685001373291,40.23603862839319,-5.138687928258491,94.9800033569336,97.3000030517578,94.41000366210938
2025-03-12,96.36000061035156,99.9000015258789,95.7699966430664,97.5,1307580,NTPCGREEN.BO,95.97000274658203,92.62200088500977,98.55600013732911,43.830036622711624,-4.6213824532509875,95.66000366210938,94.9800033569336,97.3000030517578
2025-03-13,98.98999786376952,98.98999786376952,96.0,96.23999786376952,424748,NTPCGREEN.BO,96.33600158691407,92.94100036621094,97.99799995422363,41.968790058495834,-4.2639338047449655,97.5,95.66000366210938,94.9800033569336
2025-03-17,96.7300033569336,97.19000244140624,93.18000030517578,94.01000213623048,415076,NTPCGREEN.BO,95.6780014038086,93.61700057983398,97.28850021362305,38.82628927667283,-4.113181003642282,96.23999786376952,97.5,95.66000366210938
2025-03-18,95.0,96.62999725341795,94.25,96.1999969482422,439544,NTPCGREEN.BO,95.92200012207032,94.44500045776367,96.7560001373291,43.31518404827694,-3.7734955362515734,94.01000213623048,96.23999786376952,97.5
2025-03-19,96.98999786376952,100.8000030517578,96.41000366210938,99.63999938964844,586543,NTPCGREEN.BO,96.71799926757812,95.70000076293945,96.50050010681153,49.57447803857419,-3.189941251246367,96.1999969482422,94.01000213623048,96.23999786376952
2025-03-20,100.9000015258789,102.4499969482422,98.77999877929688,99.20999908447266,853630,NTPCGREEN.BO,97.05999908447265,96.51500091552734,96.21350021362305,48.84836647860184,-2.730690012395968,99.63999938964844,96.1999969482422,94.01000213623048
2025-03-21,99.2699966430664,102.9000015258789,98.70999908447266,102.33999633789062,1494492,NTPCGREEN.BO,98.27999877929688,97.30800018310546,96.09799995422364,54.11655268120763,-2.090072423139148,99.20999908447266,99.63999938964844,96.1999969482422
2025-03-24,103.33999633789062,104.6999969482422,101.8000030517578,103.94000244140624,466171,NTPCGREEN.BO,100.26599884033203,97.97200012207031,95.99500007629395,56.57844657905799,-1.4367097518097438,102.33999633789062,99.20999908447266,99.63999938964844
2025-03-25,104.4000015258789,104.68000030517578,99.73999786376952,100.20999908447266,1545800,NTPCGREEN.BO,101.06799926757813,98.49499969482422,95.72550010681152,49.86178617770458,-1.205993285631152,103.94000244140624,102.33999633789062,99.20999908447266
2025-03-26,100.93000030517578,102.0999984741211,99.33999633789062,99.83000183105467,499010,NTPCGREEN.BO,101.10599975585937,98.91199951171875,95.79450035095215,49.22071506382286,-1.0418021795173757,100.20999908447266,103.94000244140624,102.33999633789062
2025-03-27,99.91999816894533,103.69000244140624,97.5199966430664,103.0,573729,NTPCGREEN.BO,101.86399993896484,99.46199951171874,96.04200019836426,54.47866670380705,-0.6484126876945169,99.83000183105467,100.20999908447266,103.94000244140624
2025-03-28,101.20999908447266,103.23999786376952,100.0199966430664,100.56999969482422,424618,NTPCGREEN.BO,101.51000061035157,99.89499969482422,96.41800003051758,50.18857230708206,-0.5266584071898279,103.0,99.83000183105467,100.20999908447266
2025-04-01,98.8499984741211,100.4000015258789,98.4000015258789,99.3499984741211,255901,NTPCGREEN.BO,100.59199981689453,100.42899932861329,97.02299995422364,48.138941975640705,-0.5225871063697269,100.56999969482422,103.0,99.83000183105467
2025-04-02,98.6999969482422,99.6999969482422,97.0999984741211,98.5500030517578,486026,NTPCGREEN.BO,100.26000061035155,100.66399993896485,97.55450019836425,46.78957004383286,-0.5772592308003937,99.3499984741211,100.56999969482422,103.0
2025-04-03,97.9499969482422,100.5999984741211,97.5999984741211,100.0500030517578,543793,NTPCGREEN.BO,100.30400085449219,100.70500030517579,98.20250053405762,49.6399932895372,-0.4938569438922116,98.5500030517578,99.3499984741211,100.56999969482422
2025-04-04,100.0500030517578,101.3000030517578,96.0,96.8000030517578,287726,NTPCGREEN.BO,99.06400146484376,100.4640007019043,98.48950080871582,44.12467153249172,-0.6821445317118133,100.0500030517578,98.5500030517578,99.3499984741211
2025-04-07,87.05000305175781,96.0999984741211,87.05000305175781,94.9499969482422,1112917,NTPCGREEN.BO,97.94000091552735,99.72500076293946,98.51650047302246,41.31096400335503,-0.9694684047089197,96.8000030517578,100.0500030517578,98.5500030517578
2025-04-08,97.0500030517578,98.1999969482422,95.5999984741211,96.4000015258789,475320,NTPCGREEN.BO,97.35000152587891,98.97100067138672,98.47150039672852,44.30851880317586,-1.0678617473913619,94.9499969482422,96.8000030517578,100.0500030517578
2025-04-09,96.5500030517578,97.6999969482422,94.4000015258789,94.9499969482422,226482,NTPCGREEN.BO,96.63000030517578,98.44500045776367,98.47000007629394,41.99843393576078,-1.2484510648327927,96.4000015258789,94.9499969482422,96.8000030517578
2025-04-11,98.0,98.0,95.5500030517578,95.9000015258789,183743,NTPCGREEN.BO,95.8,98.0520004272461,98.48199996948242,44.05637217533232,-1.2999272182892696,94.9499969482422,96.4000015258789,94.9499969482422
2025-04-15,97.0,99.9000015258789,96.75,98.9000015258789,641556,NTPCGREEN.BO,96.21999969482422,97.64200057983399,98.55200004577637,50.07986761375386,-1.0861273132390608,95.9000015258789,94.9499969482422,96.4000015258789
2025-04-16,99.8000030517578,107.75,98.9000015258789,105.75,1395585,NTPCGREEN.BO,98.38000030517578,98.16000061035156,99.02750015258789,60.52994667781499,-0.3598041211674001,98.9000015258789,95.9000015258789,94.9499969482422
2025-04-17,106.1500015258789,110.9000015258789,105.0500030517578,108.3000030517578,1146706,NTPCGREEN.BO,100.76000061035157,99.05500106811523,99.74200019836425,63.58591052212929,0.4167718895266006,105.75,98.9000015258789,95.9000015258789
2025-04-21,108.3499984741211,109.5999984741211,106.9000015258789,107.3499984741211,1009369,NTPCGREEN.BO,103.24000091552735,99.93500061035157,100.2995002746582,61.67021860149182,0.9446670097799199,108.3000030517578,105.75,98.9000015258789
2025-04-22,108.0,108.5500030517578,106.6999969482422,107.9000015258789,335000,NTPCGREEN.BO,105.64000091552734,100.72000045776367,100.71250038146972,62.37693158482197,1.3913695040242544,107.3499984741211,108.3000030517578,105.75
2025-04-23,108.5500030517578,112.6999969482422,106.75,107.3499984741211,705585,NTPCGREEN.BO,107.33000030517579,101.775,101.11950035095215,61.162490167688404,1.6816191406392846,107.9000015258789,107.3499984741211,108.3000030517578
2025-04-24,107.3499984741211,109.0,107.0,107.3499984741211,577033,NTPCGREEN.BO,107.65,103.01500015258789,101.37000045776367,61.162490167688404,1.8898589511993436,107.3499984741211,107.9000015258789,107.3499984741211
2025-04-25,106.9499969482422,108.0,102.25,103.4000015258789,1433521,NTPCGREEN.BO,106.66999969482421,103.71500015258789,101.3430004119873,52.62812049826605,1.7163734741293553,107.3499984741211,107.3499984741211,107.9000015258789
2025-04-28,103.0,104.5999984741211,101.4499969482422,103.25,729526,NTPCGREEN.BO,105.85,104.54500045776368,101.49500045776367,52.329502146007805,1.5489260587009426,103.4000015258789,107.3499984741211,107.3499984741211
2025-04-29,103.6500015258789,106.6999969482422,103.5,103.9499969482422,736373,NTPCGREEN.BO,105.05999908447265,105.35,101.70100021362305,53.65117069813806,1.4559236970860212,103.25,103.4000015258789,107.3499984741211
2025-04-30,103.4000015258789,104.5,99.4000015258789,100.4499969482422,862823,NTPCGREEN.BO,103.67999877929688,105.50499954223633,101.57350006103516,46.682030685337246,1.0872645967086783,103.9499969482422,103.25,103.4000015258789
2025-05-02,100.8499984741211,102.3000030517578,100.3499984741211,101.25,330253,NTPCGREEN.BO,102.45999908447266,105.05499954223633,101.60750007629395,48.33404103647608,0.8498565467332213,100.4499969482422,103.9499969482422,103.25
2025-05-05,101.5999984741211,102.3000030517578,99.75,101.1999969482422,522439,NTPCGREEN.BO,102.01999816894532,104.34499893188476,101.7,48.2334458953703,0.6501792664500243,101.25,100.4499969482422,103.9499969482422
2025-05-06,101.75,101.8000030517578,97.5,97.8000030517578,834323,NTPCGREEN.BO,100.92999877929688,103.38999938964844,101.6625,41.85471097044752,0.2151029181729882,101.1999969482422,101.25,100.4499969482422
2025-05-07,95.5,99.8000030517578,95.5,99.3000030517578,428956,NTPCGREEN.BO,100.0,102.52999954223633,101.625,45.292140421540914,-0.008562060313849429,97.8000030517578,101.1999969482422,101.25
2025-05-08,99.9000015258789,100.9000015258789,97.0500030517578,97.75,571556,NTPCGREEN.BO,99.46000061035156,101.56999969482422,101.67249984741211,42.49639678042811,-0.30734754832479894,99.3000030517578,97.8000030517578,101.1999969482422
2025-05-09,94.3499984741211,98.1999969482422,94.3499984741211,97.3499984741211,436886,NTPCGREEN.BO,98.68000030517578,100.56999969482422,101.79249992370606,41.779670564586674,-0.5698451601034691,97.75,99.3000030517578,97.8000030517578
2025-05-12,101.5500030517578,102.25,101.0,101.8000030517578,946329,NTPCGREEN.BO,98.8000015258789,100.40999984741211,102.0625,51.566284588297705,-0.414025600060441,97.3499984741211,97.75,99.3000030517578
2025-05-13,101.75,102.5500030517578,100.5500030517578,102.0999984741211,700568,NTPCGREEN.BO,99.66000061035156,100.29499969482421,102.42000007629395,52.15023565839999,-0.26329524895432144,101.8000030517578,97.3499984741211,97.75
2025-05-14,102.25,102.5999984741211,101.5,102.0999984741211,790276,NTPCGREEN.BO,100.21999969482422,100.10999984741211,102.72999992370606,52.15023565839999,-0.14220115337026584,102.0999984741211,101.8000030517578,97.3499984741211
2025-05-15,102.3499984741211,102.9499969482422,101.6999969482422,102.1999969482422,588424,NTPCGREEN.BO,101.10999908447266,100.28499984741211,102.89499969482422,52.37222752112154,-0.0377292497392574,102.0999984741211,102.0999984741211,101.8000030517578
2025-05-16,102.4499969482422,105.6999969482422,101.8000030517578,104.6500015258789,1219310,NTPCGREEN.BO,102.56999969482422,100.625,102.83999977111816,57.56649557737857,0.23999388037842095,102.1999969482422,102.0999984741211,102.0999984741211
2025-05-19,105.0,107.6999969482422,104.3000030517578,105.9499969482422,529964,NTPCGREEN.BO,103.39999847412109,101.1,102.72249946594238,60.0557968451892,0.5585515928770803,104.6500015258789,102.1999969482422,102.0999984741211
2025-05-20,105.9499969482422,106.3499984741211,102.75,103.0,758815,NTPCGREEN.BO,103.57999877929687,101.61999969482422,102.50499954223633,52.52563517848409,0.5664411940589389,105.9499969482422,104.6500015258789,102.1999969482422
2025-05-21,103.1500015258789,108.25,101.8000030517578,105.3499984741211,2024640,NTPCGREEN.BO,104.22999877929688,102.22499923706054,102.37749938964843,57.13635912688239,0.7536316009654058,103.0,105.9499969482422,104.6500015258789
2025-05-22,111.0500030517578,117.8000030517578,110.8499984741211,112.1999969482422,6085754,NTPCGREEN.BO,106.22999877929688,103.66999893188476,102.6199993133545,67.15107615216981,1.4381409820788207,105.3499984741211,103.0,105.9499969482422
2025-05-23,113.0999984741211,114.9000015258789,110.0999984741211,111.1999969482422,2549084,NTPCGREEN.BO,107.53999786376953,105.05499877929688,102.81249923706055,64.77187953895711,1.878276354950259,112.1999969482422,105.3499984741211,103.0
2025-05-26,111.6500015258789,113.5,111.1999969482422,112.5500030517578,963212,NTPCGREEN.BO,108.85999908447266,106.12999877929687,103.26999931335449,66.49761225343649,2.3093996968826787,111.1999969482422,112.1999969482422,105.3499984741211
2025-05-27,112.0999984741211,113.8000030517578,111.6500015258789,113.3000030517578,550631,NTPCGREEN.BO,110.91999969482421,107.24999923706055,103.77249946594239,67.45155971391503,2.6806855095433235,112.5500030517578,111.1999969482422,112.1999969482422
2025-05-28,113.5,117.1999969482422,113.0999984741211,116.6500015258789,2847317,NTPCGREEN.BO,113.18000030517578,108.70499954223632,104.40749969482422,71.37257877058963,3.208266175409122,113.3000030517578,112.5500030517578,111.1999969482422
2025-05-29,117.4499969482422,117.4499969482422,111.0500030517578,112.8000030517578,1631393,NTPCGREEN.BO,113.30000152587891,109.76500015258789,105.025,62.11187407501832,3.277929027648625,116.6500015258789,113.3000030517578,112.5500030517578
2025-05-30,113.6500015258789,113.8000030517578,110.8499984741211,111.25,463414,NTPCGREEN.BO,113.31000213623047,110.425,105.525,58.803803660838945,3.1715059017399483,112.8000030517578,116.6500015258789,113.3000030517578
2025-06-02,110.4499969482422,112.0,109.0,109.4000015258789,694088,NTPCGREEN.BO,112.68000183105468,110.77000045776367,105.93500022888183,55.03614444446417,2.904405216534144,111.25,112.8000030517578,116.6500015258789
2025-06-03,110.4499969482422,110.4499969482422,107.3499984741211,107.5500030517578,276046,NTPCGREEN.BO,111.53000183105469,111.22500076293946,106.42250022888183,51.48375100118019,2.514461437123515,109.4000015258789,111.25,112.8000030517578
2025-06-04,107.6500015258789,108.3499984741211,106.5500030517578,107.9499969482422,308408,NTPCGREEN.BO,109.79000091552734,111.48500061035156,106.85499992370606,52.202121284342454,2.212203442864677,107.5500030517578,109.4000015258789,111.25
2025-06-05,110.1500015258789,111.8000030517578,108.5999984741211,109.0999984741211,1107348,NTPCGREEN.BO,109.05,111.17500076293945,107.42249984741211,54.2973537959889,2.0419193418161825,107.9499969482422,107.5500030517578,109.4000015258789
2025-06-06,109.6500015258789,110.4000015258789,107.9000015258789,108.75,1307530,NTPCGREEN.BO,108.55,110.93000106811523,107.99249992370605,53.52829519927767,1.8573160300469596,109.0999984741211,107.9499969482422,107.5500030517578
2025-06-09,109.1500015258789,113.5,109.1500015258789,112.5500030517578,1971419,NTPCGREEN.BO,109.18000030517578,110.93000106811523,108.52999992370606,60.13095703886688,1.9946519576609205,108.75,109.0999984741211,107.9499969482422
2025-06-10,113.1999969482422,113.5,111.5999984741211,112.5500030517578,465322,NTPCGREEN.BO,110.18000030517578,110.85500106811523,109.0525001525879,60.13095703886688,2.079520254707049,112.5500030517578,108.75,109.0999984741211
2025-06-11,112.6500015258789,112.9499969482422,110.5500030517578,111.9499969482422,772584,NTPCGREEN.BO,110.98000030517578,110.38500061035157,109.54500007629395,58.60615053324425,2.074450538953272,112.5500030517578,112.5500030517578,108.75
2025-06-12,112.0,112.5999984741211,108.1999969482422,108.75,318914,NTPCGREEN.BO,110.91000061035156,109.98000030517578,109.87250022888183,51.155599736490146,1.7915676656231057,111.9499969482422,112.5500030517578,112.5500030517578
2025-06-13,105.5,108.4000015258789,105.5,107.5,939906,NTPCGREEN.BO,110.66000061035156,109.60500030517578,110.01500015258789,48.55868759733935,1.4498039595596026,108.75,111.9499969482422,112.5500030517578
2025-06-16,107.1500015258789,109.0999984741211,106.0,108.3499984741211,632358,NTPCGREEN.BO,109.81999969482422,109.5,110.13500022888184,50.402499780712155,1.2333245358265401,107.5,108.75,111.9499969482422
2025-06-17,108.3499984741211,108.5999984741211,106.8499984741211,107.1999969482422,166391,NTPCGREEN.BO,108.7499984741211,109.46499938964844,110.34500007629394,47.90092497690276,0.9579251557851904,108.3499984741211,107.5,108.75
2025-06-18,106.8499984741211,107.5500030517578,105.9499969482422,106.6500015258789,173236,NTPCGREEN.BO,107.68999938964843,109.3349998474121,110.41000022888184,46.7069686504965,0.6873656060396485,107.1999969482422,108.3499984741211,107.5
2025-06-19,106.4000015258789,106.6999969482422,103.1500015258789,104.0500030517578,281063,NTPCGREEN.BO,106.75,108.83000030517579,110.00250053405762,41.447503091986846,0.26014823886139027,106.6500015258789,107.1999969482422,108.3499984741211
2025-06-20,104.0,112.5,103.4000015258789,110.3000030517578,2954322,NTPCGREEN.BO,107.31000061035157,108.98500061035156,109.9575008392334,54.663490627208866,0.4210446236777159,104.0500030517578,106.6500015258789,107.1999969482422
2025-06-23,108.3499984741211,109.1999969482422,107.5999984741211,108.25,816201,NTPCGREEN.BO,107.29000091552734,108.55500030517578,109.74250068664551,50.62707214376692,0.3787718085226146,110.3000030517578,104.0500030517578,106.6500015258789
2025-06-24,109.25,110.4000015258789,107.1500015258789,107.3499984741211,303812,NTPCGREEN.BO,107.32000122070312,108.03499984741211,109.44500045776367,48.9192142946825,0.26954060018542236,108.25,110.3000030517578,104.0500030517578
2025-06-25,107.75,108.8499984741211,106.9000015258789,107.1999969482422,387872,NTPCGREEN.BO,107.43000030517578,107.55999984741212,108.97250022888184,48.62479665907421,0.1689229722136929,107.3499984741211,108.25,110.3000030517578
2025-06-26,107.4000015258789,108.3000030517578,106.5999984741211,106.75,235706,NTPCGREEN.BO,107.96999969482422,107.35999984741211,108.67000007629395,47.69737465045719,0.052269256738298964,107.1999969482422,107.3499984741211,108.25
2025-06-27,107.5999984741211,107.6999969482422,105.75,105.9499969482422,334544,NTPCGREEN.BO,107.0999984741211,107.20499954223632,108.40499992370606,46.01700545326989,-0.10353967269732323,106.75,107.1999969482422,107.3499984741211
2025-06-30,107.0500030517578,107.5,104.4000015258789,104.6999969482422,690588,NTPCGREEN.BO,106.38999786376954,106.83999938964844,108.16999969482421,43.441748400540746,-0.3241473561845112,105.9499969482422,106.75,107.1999969482422
2025-07-01,105.4499969482422,107.9499969482422,104.0999984741211,107.5500030517578,1535854,NTPCGREEN.BO,106.42999877929688,106.875,108.16999969482421,50.274586013647124,-0.2659432326397848,104.6999969482422,105.9499969482422,106.75
2025-07-02,107.9499969482422,108.0500030517578,105.25,105.5999984741211,306942,NTPCGREEN.BO,106.10999908447266,106.76999969482422,108.05249977111816,46.16504854258164,-0.3728669399573761,107.5500030517578,104.6999969482422,105.9499969482422
2025-07-03,105.9499969482422,106.75,105.0,106.3499984741211,537045,NTPCGREEN.BO,106.02999877929688,106.99999923706055,107.91499977111816,47.92807327555432,-0.3925608195941521,105.5999984741211,107.5500030517578,104.6999969482422
2025-07-04,106.3499984741211,106.9000015258789,105.75,106.4499969482422,328048,NTPCGREEN.BO,106.12999877929687,106.61499862670898,107.79999961853028,48.17178539170526,-0.3955397835438532,106.3499984741211,105.5999984741211,107.5500030517578
2025-07-07,106.0500030517578,107.5,105.6999969482422,106.9000015258789,193735,NTPCGREEN.BO,106.56999969482422,106.47999877929688,107.51749954223632,49.32128107120177,-0.3574683527124165,106.4499969482422,106.3499984741211,105.5999984741211
2025-07-08,106.8000030517578,107.3499984741211,106.1999969482422,107.0500030517578,100771,NTPCGREEN.BO,106.46999969482422,106.44999923706055,107.24249954223633,49.72158157018623,-0.31160066150413,106.9000015258789,106.4499969482422,106.3499984741211
2025-07-09,106.5999984741211,107.5999984741211,106.5999984741211,107.3000030517578,332760,NTPCGREEN.BO,106.81000061035157,106.4599998474121,107.0099998474121,50.424422908194735,-0.2521704115659702,107.0500030517578,106.9000015258789,106.4499969482422
2025-07-10,107.0500030517578,108.8499984741211,107.0500030517578,108.3000030517578,429641,NTPCGREEN.BO,107.2000015258789,106.6150001525879,106.9875,53.240167816440206,-0.12296243327749323,107.3000030517578,107.0500030517578,106.9000015258789
2025-07-11,108.0999984741211,113.0,108.0500030517578,112.1500015258789,2904751,NTPCGREEN.BO,108.34000244140626,107.23500061035156,107.22000007629394,62.15277576635494,0.28679255543427473,108.3000030517578,107.3000030517578,107.0500030517578
2025-07-14,112.75,112.75,109.25,110.0500030517578,413263,NTPCGREEN.BO,108.97000274658203,107.77000122070312,107.30500030517578,55.89463809406177,0.43703612921949286,112.1500015258789,108.3000030517578,107.3000030517578
2025-07-15,110.0500030517578,111.4000015258789,108.8000030517578,109.9499969482422,781321,NTPCGREEN.BO,109.55000152587891,108.01000061035157,107.44250030517578,55.60748727096694,0.5417901673266812,110.0500030517578,112.1500015258789,108.3000030517578
2025-07-16,110.0,113.4000015258789,109.5999984741211,112.0500030517578,754993,NTPCGREEN.BO,110.5000015258789,108.65500106811524,107.71250038146972,60.22805633888759,0.7852100268953563,109.9499969482422,110.0500030517578,112.1500015258789
2025-07-17,113.1500015258789,114.0999984741211,111.0500030517578,111.9499969482422,1019138,NTPCGREEN.BO,111.23000030517578,109.21500091552734,108.10750007629395,59.908267624861466,0.9589976348023868,112.0500030517578,109.9499969482422,110.0500030517578
2025-07-18,112.8499984741211,113.4000015258789,110.1999969482422,110.6999969482422,491338,NTPCGREEN.BO,110.93999938964843,109.64000091552734,108.12749977111817,55.91214653036704,0.9845121693756909,111.9499969482422,112.0500030517578,109.9499969482422
2025-07-21,110.6999969482422,110.9499969482422,109.3000030517578,109.5500030517578,421766,NTPCGREEN.BO,110.83999938964844,109.90500106811524,108.19249992370605,52.44609330188223,0.9015452725910222,110.6999969482422,111.9499969482422,112.0500030517578
2025-07-22,109.25,110.4499969482422,108.0999984741211,108.4000015258789,513958,NTPCGREEN.BO,110.53000030517578,110.04000091552734,108.24500007629395,49.16390851087274,0.7345306844692203,109.5500030517578,110.6999969482422,111.9499969482422
2025-07-23,108.3000030517578,109.0999984741211,107.5500030517578,107.9499969482422,226324,NTPCGREEN.BO,109.70999908447266,110.10500030517578,108.28250007629394,47.90064360150588,0.5594102780726473,108.4000015258789,109.5500030517578,110.6999969482422
2025-07-24,107.6500015258789,108.0,106.4499969482422,106.9000015258789,371516,NTPCGREEN.BO,108.7,109.96500015258789,108.2900001525879,44.99547068109515,0.3320723159714447,107.9499969482422,108.4000015258789,109.5500030517578
2025-07-25,106.5,106.75,105.5,105.8499984741211,223782,NTPCGREEN.BO,107.73000030517578,109.3349998474121,108.28500022888184,42.23674260565458,0.06641330089755115,106.9000015258789,107.9499969482422,108.4000015258789
2025-07-28,105.8499984741211,109.4000015258789,105.5500030517578,107.1500015258789,1115394,NTPCGREEN.BO,107.25,109.04499969482421,108.40750045776367,46.60194168274244,-0.038777003659987486,105.8499984741211,106.9000015258789,107.9499969482422
2025-07-29,108.5999984741211,109.6500015258789,105.25,105.9499969482422,741347,NTPCGREEN.BO,106.75999908447265,108.64499969482422,108.32750015258789,43.34566525260709,-0.21647601765572233,107.1500015258789,105.8499984741211,106.9000015258789
2025-07-30,106.0500030517578,106.6999969482422,105.8000030517578,106.0,234742,NTPCGREEN.BO,106.36999969482422,108.03999938964844,108.34750022888184,43.52275322361747,-0.3492430812710694,105.9499969482422,107.1500015258789,105.8499984741211
2025-07-31,104.5999984741211,105.3499984741211,103.9000015258789,104.3499984741211,582592,NTPCGREEN.BO,105.85999908447266,107.27999954223633,108.24750022888183,39.17164174764326,-0.5809069356692191,106.0,105.9499969482422,107.1500015258789
2025-08-01,104.0500030517578,105.5999984741211,104.0500030517578,104.5500030517578,453487,NTPCGREEN.BO,105.6,106.6650001525879,108.15250053405762,39.95525028957812,-0.7398351523158908,104.3499984741211,106.0,105.9499969482422
2025-08-04,104.5999984741211,105.4499969482422,104.3000030517578,105.0999984741211,415197,NTPCGREEN.BO,105.18999938964843,106.21999969482422,108.06250038146973,42.161789926257036,-0.81204611283556,104.5500030517578,104.3499984741211,106.0
2025-08-05,105.8499984741211,106.25,104.4000015258789,105.0999984741211,441517,NTPCGREEN.BO,105.01999969482422,105.88999938964844,107.96500015258789,42.161789926257036,-0.8593675649482861,105.0999984741211,104.5500030517578,104.3499984741211
2025-08-06,104.8499984741211,105.6500015258789,103.75,104.3000030517578,356145,NTPCGREEN.BO,104.68000030517578,105.525,107.81500015258788,39.700672414034,-0.950466712804058,105.0999984741211,105.0999984741211,104.5500030517578
2025-08-07,103.6500015258789,104.5,101.3000030517578,102.5,328683,NTPCGREEN.BO,104.31000061035157,105.0849998474121,107.525,34.781103086765356,-1.1545991465884953,104.3000030517578,105.0999984741211,105.0999984741211
2025-08-08,102.3000030517578,104.0,101.4499969482422,101.8499984741211,384819,NTPCGREEN.BO,103.76999969482422,104.68499984741212,107.0099998474121,33.18206625656413,-1.3532261136226253,102.5,104.3000030517578,105.0999984741211
2025-08-11,102.0500030517578,102.5500030517578,100.9000015258789,102.3000030517578,426914,NTPCGREEN.BO,103.21000061035156,104.2,106.62249984741212,35.39647885447587,-1.4575263509618566,101.8499984741211,102.5,104.3000030517578
2025-08-12,101.75,104.0,101.75,102.5500030517578,240298,NTPCGREEN.BO,102.7000015258789,103.86000061035156,106.25250015258788,36.65251642442459,-1.5026900542793413,102.3000030517578,101.8499984741211,102.5
2025-08-13,102.9000015258789,103.5,100.4000015258789,100.6500015258789,362766,NTPCGREEN.BO,101.97000122070311,103.32500076293945,105.68250007629395,31.62078239801758,-1.6725171224269246,102.5500030517578,102.3000030517578,101.8499984741211
2025-08-14,101.0,101.9499969482422,100.5,100.8499984741211,261957,NTPCGREEN.BO,101.64000091552734,102.97500076293946,105.12750015258788,32.66859985016514,-1.7705583210026816,100.6500015258789,102.5500030517578,102.3000030517578
2025-08-18,101.4499969482422,102.1999969482422,100.75,100.9499969482422,441604,NTPCGREEN.BO,101.46000061035156,102.6150001525879,104.64000015258789,33.21961697176815,-1.81921683681162,100.8499984741211,100.6500015258789,102.5500030517578
2025-08-19,100.4499969482422,103.1500015258789,100.4499969482422,103.0,449387,NTPCGREEN.BO,101.6,102.40500030517578,104.3125,43.43871436649718,-1.67307478282585,100.9499969482422,100.8499984741211,100.6500015258789
2025-08-20,103.4000015258789,105.4000015258789,103.0999984741211,105.1500015258789,305556,NTPCGREEN.BO,102.11999969482422,102.41000061035156,104.15,51.77389087558177,-1.3679995500566093,103.0,100.9499969482422,100.8499984741211
2025-08-21,105.25,105.5999984741211,102.9000015258789,103.5,268164,NTPCGREEN.BO,102.68999938964843,102.33000030517579,103.9275001525879,46.152762650105856,-1.2450148079279586,105.1500015258789,103.0,100.9499969482422
2025-08-22,103.25,105.0500030517578,103.0,103.4000015258789,230740,NTPCGREEN.BO,103.2,102.42000045776368,103.75250015258788,45.82802136439768,-1.1424481240484567,103.5,105.1500015258789,103.0
2025-08-25,103.9000015258789,104.4000015258789,101.3499984741211,101.9000015258789,445455,NTPCGREEN.BO,103.39000091552734,102.42500076293945,103.55500030517578,41.150676888352336,-1.168728378854567,103.4000015258789,103.5,105.1500015258789
2025-08-26,102.0500030517578,102.9499969482422,100.6999969482422,102.6500015258789,599254,NTPCGREEN.BO,103.32000122070312,102.46000061035156,103.33000030517579,44.21637689415432,-1.1161704203254033,101.9000015258789,103.4000015258789,103.5
2025-08-28,102.3499984741211,103.4000015258789,100.8499984741211,103.1999969482422,598448,NTPCGREEN.BO,102.93000030517578,102.525,103.19250030517578,46.420663242176936,-1.0183983630519293,102.6500015258789,101.9000015258789,103.4000015258789
2025-08-29,101.6500015258789,103.3499984741211,101.6500015258789,102.9000015258789,259270,NTPCGREEN.BO,102.81000061035157,102.75,103.03750038146973,45.367616870692395,-0.9541219032905417,103.1999969482422,102.6500015258789,101.9000015258789
2025-09-01,102.9000015258789,104.5500030517578,102.3499984741211,104.1500015258789,183598,NTPCGREEN.BO,102.96000061035156,103.08000030517579,103.02750053405762,50.41500283868384,-0.7931745698217583,102.9000015258789,103.1999969482422,102.6500015258789
2025-09-02,104.6500015258789,106.1999969482422,104.0500030517578,105.9499969482422,302212,NTPCGREEN.BO,103.76999969482422,103.58000030517579,103.09750022888184,56.62888519779846,-0.5144478267751111,104.1500015258789,102.9000015258789,103.1999969482422
2025-09-03,105.9499969482422,106.3499984741211,104.8000030517578,105.0999984741211,145541,NTPCGREEN.BO,104.25999908447265,103.7900001525879,103.09750022888184,53.23614384005955,-0.3580156661781331,105.9499969482422,104.1500015258789,102.9000015258789
2025-09-04,106.0,106.4000015258789,103.0500030517578,103.5500030517578,445502,NTPCGREEN.BO,104.33000030517579,103.63000030517578,103.02000045776367,47.63200880671436,-0.3550212644610298,105.0999984741211,105.9499969482422,104.1500015258789
2025-09-05,103.4000015258789,104.8000030517578,103.3000030517578,104.0999984741211,304545,NTPCGREEN.BO,104.56999969482422,103.69000015258788,103.01000022888184,49.65714029238324,-0.30475511814699985,103.5500030517578,105.0999984741211,105.9499969482422
2025-09-08,104.5999984741211,105.9000015258789,102.6999969482422,102.9499969482422,455886,NTPCGREEN.BO,104.32999877929687,103.64499969482422,103.03250007629394,45.67943957932622,-0.353637830442338,104.0999984741211,103.5500030517578,105.0999984741211
