Date,Predicted_Open,Predicted_High,Predicted_Low,Predicted_Close,Actual_Open,Actual_High,Actual_Low,Actual_Close
2024-09-24,24546.293,24744.707,24108.166,24434.557,25861.05115831608,25912.856946906588,25673.204583085066,25804.36328125
2024-09-25,25171.637,25369.957,24742.021,25094.584,25742.79588751276,25934.97388588902,25626.530572408275,25796.1953125
2024-09-26,25647.383,25857.846,25224.275,25584.729,25902.59570655512,26065.485067789254,25664.53891383596,26017.216796875
2024-09-27,25844.2,26066.19,25423.996,25781.064,26025.43541841073,26428.025790358595,25796.59408383057,26093.130859375
2024-09-30,26016.21,26244.766,25596.27,25950.621,25903.19441439666,26359.880817593235,25814.92376252359,26166.05859375
2024-10-01,26149.822,26383.404,25728.9,26079.736,26372.784015701804,26449.895331186955,26109.91983239654,26403.21875
2024-10-03,26214.45,26450.344,25791.85,26138.787,26212.63414605943,26580.1567633864,25885.160610991417,26183.29296875
2024-10-04,26379.996,26615.967,25953.627,26302.102,26301.350029691435,26301.350029691435,25744.14008478502,25923.21875
2024-10-07,26252.467,26489.18,25821.252,26159.328,26300.355630859376,26300.355630859376,25156.942786648688,25257.865234375
2024-10-08,25913.516,26146.11,25475.104,25801.053,25210.98877096786,25522.720538152,25029.071136400817,25466.9296875
2024-10-09,25293.514,25520.264,24846.316,25155.719,25376.4198296471,25468.673598714475,24762.47139539897,24886.654296875
2024-10-10,25022.395,25236.184,24572.332,24886.865,25022.893589521987,25022.94418111462,24510.714034885204,24538.111328125
2024-10-11,24673.191,24880.04,24223.441,24536.104,24313.901938176263,24578.75864306836,24159.43024604414,24223.140625
2024-10-14,24330.26,24531.668,23882.574,24197.152,24416.76806512995,24538.66072760511,24051.237960825456,24501.30078125
2024-10-15,24004.854,24202.771,23561.898,23880.01,24557.837199638685,24848.29714241242,24554.25103419328,24618.609375
2024-10-16,24017.113,24211.826,23583.523,23914.16,24637.63711109341,24637.63711109341,24200.27671110271,24353.80078125
2024-10-17,24209.762,24408.371,23786.416,24130.543,24354.748938130524,24401.07526853689,23956.78964846401,24167.94921875
2024-10-18,24228.146,24435.656,23815.191,24161.02,24105.684101569583,24289.94257756329,23987.22777653241,24249.095703125
2024-10-21,24098.096,24313.867,23694.285,24036.924,24209.2949602724,24317.837275519127,23910.36480857303,24205.658203125
2024-10-22,24026.65,24247.63,23631.793,23974.531,24188.87246745641,24723.468005660627,24177.763720872903,24372.6328125
2024-10-23,23964.111,24189.6,23577.914,23919.518,24386.53053085421,24796.096737385466,24246.506615553302,24573.380859375
2024-10-24,24069.406,24300.299,23690.096,24037.941,24617.314051348632,25270.465123444617,24617.314051348632,24983.990234375
2024-10-25,24304.22,24541.486,23930.03,24284.676,24983.99016022936,25075.944269875043,24652.58215522429,24851.63671875
2024-10-28,24755.979,24999.941,24384.967,24750.598,24825.98336233752,25135.7712510892,24825.98336233752,24986.181640625
2024-10-29,24934.725,25186.06,24563.215,24922.494,24985.33488165276,25255.322750105566,24879.97983704433,25205.95703125
2024-10-31,25041.434,25294.14,24666.63,25020.352,25306.382130479884,25461.400610838024,24906.630707622546,24979.009765625
2024-11-01,25199.31,25449.416,24820.338,25170.547,25056.22003834377,25145.73407893172,25056.22003834377,25119.083984375
2024-11-04,25128.486,25376.596,24743.055,25081.416,25007.60244962476,25064.938293336832,24653.77845542558,24774.427734375
2024-11-06,25097.39,25338.752,24704.98,25039.152,24603.91486407272,24984.4881651506,24603.91486407272,24938.609375
2024-11-07,24827.38,25062.055,24428.523,24750.1,24988.27394672992,25044.96182757255,24606.65571727405,24672.16015625
2024-11-08,24722.16,24946.39,24319.303,24641.088,24607.80216346001,24676.643702780377,24145.03695677453,24460.205078125
2024-11-11,24542.818,24761.264,24135.91,24454.13,24408.49836956652,24474.35111273626,24059.80553571557,24328.349609375
2024-11-12,24280.871,24493.5,23872.566,24186.396,23910.364070197043,24358.68339651324,23412.381314342794,24269.01953125
2024-11-13,24042.955,24250.727,23634.697,23947.43,24164.41193734611,24164.41193734611,23850.588405692262,23994.0
2024-11-14,23853.193,24056.576,23449.49,23762.346,23910.364419919773,24144.53732978954,23576.8646495211,24007.052734375
2024-11-18,23639.568,23842.312,23239.578,23553.385,24259.006245795168,24259.006245795168,23747.12637004705,23847.001953125
2024-11-19,23521.703,23725.36,23126.662,23445.94,23822.69356803561,24229.169771438024,23822.69356803561,24028.0234375
2024-11-21,23434.37,23643.354,23043.426,23367.598,23810.789618093266,24311.311713600942,23769.84156042512,23976.6171875
2024-11-22,23889.523,24109.912,23460.258,23773.3,24174.573153453926,24736.66713750897,24008.496525688945,24705.185546875
2024-11-25,23976.684,24175.508,23512.188,23800.873,24892.531687668008,25653.828105847024,24851.486341030817,25398.53515625
2024-11-26,24442.135,24610.385,23965.281,24247.35,25459.608061701936,25459.608061701936,24838.884243582947,24898.66015625
2024-11-27,25161.715,25317.775,24687.193,24972.38,24906.62966289596,25454.575515479668,24714.6987855476,25314.251953125
2024-11-28,25201.318,25364.338,24733.377,24997.234,25288.647820916143,25566.95606899564,25155.69700458452,25456.767578125
2024-11-29,25228.268,25395.164,24767.895,25027.645,25456.76816396676,26206.757423125,25456.76816396676,25962.822265625
2024-12-02,25298.936,25472.809,24845.83,25108.445,25980.55243563897,26910.616560702867,25954.700132885293,26683.81640625
2024-12-03,25594.875,25777.531,25148.02,25427.049,26683.965895502,27257.81462443753,26683.965895502,27053.630859375
2024-12-04,26103.156,26300.318,25660.441,25962.137,26874.303642284554,27397.292266694247,26874.303642284554,27317.392578125
2024-12-05,26585.035,26802.443,26143.973,26462.844,27297.66621180716,27338.2640183083,26416.61948000932,26509.96875
2024-12-06,26920.545,27156.008,26478.443,26806.988,26550.46712490982,27018.71176088384,26477.83900390861,26928.798828125
2024-12-09,26528.947,26778.229,26079.865,26387.781,26818.46219956913,27018.71149939875,26333.380297532207,26624.98828125
2024-12-10,26386.416,26632.79,25928.55,26242.346,26889.198286599585,27050.194356978296,26480.87937536692,26971.7890625
2024-12-11,26220.297,26465.178,25756.826,26071.125,27178.164854080555,27447.70323253964,26847.35422087816,27168.998046875
2024-12-12,26319.54,26560.285,25852.793,26179.697,27091.29032123978,27229.67194957998,27034.104308397706,27120.28125
2024-12-13,26569.121,26812.08,26100.076,26440.314,27158.73928285319,27565.6630435406,27003.172075795253,27483.072265625
2024-12-16,26720.594,26967.777,26251.07,26596.834,27300.456795814345,28018.514938580785,27300.456795814345,27978.21484375
2024-12-17,26961.928,27211.75,26492.346,26846.736,27896.273322911515,28303.547333788367,27889.35005778438,28239.5859375
2024-12-18,27322.834,27577.91,26855.84,27219.947,28081.378355867728,28241.378154785445,27740.75490128537,27821.25390625
2024-12-19,27674.023,27939.143,27209.39,27579.309,26212.8314616982,27725.90915033532,26212.8314616982,27492.236328125
2024-12-20,27551.936,27827.74,27086.102,27441.436,27148.27786525875,27661.054796201985,26882.97165856041,26961.376953125
2024-12-23,27092.68,27365.066,26630.457,26967.37,27079.73462271937,27217.06939723197,26886.309336721773,27083.96875
2024-12-24,26621.121,26887.254,26154.686,26484.236,27075.69860224128,27251.142465726087,26510.66833429933,26625.38671875
2024-12-26,26479.422,26735.191,26008.414,26346.635,26600.33141554615,26749.720603863847,26151.91089263228,26233.904296875
2024-12-27,26271.414,26520.713,25797.268,26134.334,26251.686812306816,26291.537419631222,25794.998463203,25918.5859375
2024-12-30,25985.531,26226.773,25509.898,25844.059,25813.034260909528,26372.437201127792,25531.93763027844,25789.87109375
2024-12-31,25692.754,25924.434,25217.611,25549.512,25681.37464058056,25919.830314208262,25574.126308403203,25606.255859375
2025-01-01,25512.992,25735.893,25041.812,25376.203,25680.779571747167,25752.360839764748,25105.88393916513,25400.03125
2025-01-02,25361.459,25578.6,24896.867,25233.32,25541.20108262478,26667.03138291551,25501.35047346736,26606.109375
2025-01-03,25201.672,25415.648,24746.393,25082.01,26650.094484212023,26844.41679260574,25935.12436395827,26012.583984375
2025-01-06,25767.55,25979.447,25326.543,25686.426,26058.76118385103,26241.87551347363,25677.242188153592,25747.578125
2025-01-07,26000.904,26227.637,25570.393,25927.076,25825.63295930341,26165.75827331373,25780.503315157104,25886.107421875
2025-01-08,25896.533,26133.244,25471.57,25818.08,25990.118824544552,26087.702221906387,25717.04097836788,25930.640625
2025-01-09,25825.023,26064.951,25401.656,25744.271,25671.01395125494,25970.0919798644,25585.08607950705,25880.529296875
2025-01-10,25800.89,26039.928,25380.277,25719.188,25906.532578826416,25910.51763972205,25489.046858415804,25634.40234375
2025-01-13,25728.287,25964.672,25310.998,25645.275,25155.746471729035,25335.62098308855,24718.485293581067,24768.74609375
2025-01-14,25558.62,25791.773,25142.111,25469.773,24888.54795527349,25125.65907818779,24833.554893333134,25058.162109375
2025-01-15,25056.547,25284.564,24640.504,24953.492,25354.850223658344,25354.850223658344,25037.140860695905,25193.50390625
2025-01-16,24852.025,25068.443,24435.459,24752.635,25430.41618179374,25634.101821622346,25274.74974580634,25314.798828125
2025-01-17,24891.824,25100.383,24475.943,24800.578,25305.08462377784,25487.80004438088,25153.10554020898,25202.619140625
2025-01-20,25050.508,25257.514,24636.783,24970.78,25027.02914339314,25219.707229038348,24896.668226539136,25060.853515625
2025-01-21,25086.193,25296.17,24674.46,25010.506,24957.19021019891,25445.85828592928,24899.406829174728,25047.00390625
2025-01-22,24982.95,25194.502,24573.94,24906.836,24936.86708497199,25327.453647891147,24936.86708497199,25184.837890625
2025-01-23,24892.324,25104.688,24485.492,24817.957,25256.269290512177,25921.42616144579,25084.56336704048,25813.6796875
2025-01-24,24912.371,25125.092,24508.7,24844.252,26102.09815054749,26236.644546728017,25588.22571800014,25708.873046875
2025-01-27,25333.0,25547.213,24934.068,25284.121,25589.071187860864,25589.071187860864,24802.1715233874,24968.796875
2025-01-28,25617.197,25841.799,25218.758,25570.312,25026.18071801225,26162.820023626584,25026.18071801225,25902.24609375
2025-01-29,25294.49,25526.137,24893.941,25224.242,25853.27982803452,26973.82908630655,25853.27982803452,26531.23828125
2025-01-30,25471.45,25698.568,25067.953,25407.648,26898.064383565423,27247.85269943672,26283.119700613785,26708.923828125
2025-01-31,25986.049,26215.83,25580.186,25934.924,27237.69367688327,27870.96813141728,26559.13585304776,27725.962890625
2025-02-01,26436.738,26676.664,26026.803,26386.92,26030.467509239606,27762.77225633128,26030.467509239606,27243.021484375
2025-02-03,27031.32,27280.23,26614.887,26983.969,26751.812739278776,27573.88136902704,26746.53370114769,27417.716796875
2025-02-04,26998.92,27257.432,26582.46,26930.572,27624.29120073756,27921.32805459636,27252.83411594531,27859.310546875
2025-02-05,26967.031,27224.191,26543.57,26885.98,27971.29112859733,28504.300368113283,27737.89758845059,28342.16796875
2025-02-06,27164.717,27420.107,26729.223,27076.74,28075.08920191735,28294.710832390378,27692.886824209378,27757.91015625
2025-02-07,27541.186,27798.932,27094.98,27452.117,27938.20685001081,28363.77368915953,27845.58705670518,28206.98046875
2025-02-10,27430.062,27693.77,26973.09,27316.266,28344.561345261514,28350.450228468424,27916.598795224945,27996.142578125
2025-02-11,27496.959,27757.357,27027.41,27375.266,27985.31543634472,28364.57434739361,27745.93358985244,27915.8515625
2025-02-12,27495.045,27754.375,27015.25,27360.385,27935.41204509657,28269.758705872115,27286.629036005623,28196.251953125
2025-02-13,27472.105,27727.83,26985.512,27329.955,28244.80711954489,28677.96069869268,28047.39210489819,28145.1015625
2025-02-14,27554.123,27803.812,27065.402,27411.48,28359.135116076057,28657.65140446406,27905.221313051003,28440.275390625
2025-02-17,27681.09,27931.77,27190.611,27540.61,28440.27553946606,28440.27553946606,28054.37921429738,28253.44140625
2025-02-18,27879.312,28131.31,27388.072,27743.639,28274.74890011817,28374.553873291905,27990.2540443601,28283.181640625
2025-02-19,27872.879,28128.16,27381.492,27731.215,28244.807493796005,28729.51073734689,28188.31826867159,28594.07421875
2025-02-20,27868.537,28122.842,27377.516,27726.139,28541.17835677089,28837.84864847416,28275.747802339203,28427.55078125
2025-02-21,28041.266,28295.184,27551.021,27907.771,28029.22819663048,28510.73650191569,28029.22819663048,28312.923828125
2025-02-24,28060.86,28318.54,27570.873,27925.725,28118.55348995382,28384.783249956847,28118.55348995382,28264.8671875
2025-02-25,27936.865,28194.842,27447.969,27798.383,28146.19859919892,28513.13196360437,27994.89465357831,28123.892578125
2025-02-27,27845.37,28100.666,27356.236,27706.92,27962.26071091671,28435.68522471138,27690.89059130846,28243.611328125
2025-02-28,27735.934,27988.129,27245.836,27596.037,27945.393395662308,27989.806610166128,26947.992753741382,27224.15234375
2025-03-03,27755.83,28002.744,27267.21,27621.344,27230.789786623085,27731.76008640834,27230.789786623085,27620.9765625
2025-03-04,27113.67,27357.287,26625.363,26952.285,27244.46175425207,27546.07355689012,27099.6958082768,27266.869140625
2025-03-05,26968.305,27198.525,26481.297,26817.545,27410.18925719185,28145.2529097492,27183.28303278632,28017.802734375
2025-03-06,26801.475,27024.701,26317.035,26654.096,28157.377939102043,28444.41664492592,27945.391791506165,27981.970703125
2025-03-07,27182.12,27398.549,26703.463,27062.184,28165.31205692531,28839.64474084836,27830.16813017012,27875.228515625
2025-03-10,27519.918,27744.383,27043.566,27411.025,27947.44001356389,28282.784732345885,27679.761898803696,27820.787109375
2025-03-11,27662.342,27897.777,27185.852,27552.678,27609.20089187272,28094.102982887573,27609.20089187272,27906.91796875
2025-03-12,27624.332,27865.88,27147.166,27506.025,27978.22843936457,28050.885289530543,27192.56252868271,27491.4296875
2025-03-13,27605.736,27846.848,27130.73,27484.652,27512.788392178954,27605.057309414005,27346.562430960763,27405.498046875
2025-03-17,27331.484,27570.545,26857.723,27195.203,27548.916759097563,27933.41541163915,27338.1294391048,27699.22265625
2025-03-18,27090.465,27322.863,26617.54,26948.697,27763.24926909074,27921.689668891875,27581.005772316523,27779.8671875
2025-03-19,27191.77,27416.863,26719.844,27060.11,27839.10058686929,28629.95559537248,27719.28393514932,28483.291015625
2025-03-20,27363.676,27586.89,26893.291,27239.867,28843.08864622292,28843.08864622292,28130.980135319944,28582.59765625
2025-03-21,27896.562,28120.508,27428.693,27794.172,28594.124796436725,29242.85712166129,28594.124796436725,28903.869140625
2025-03-24,28292.576,28526.473,27824.559,28192.197,29242.80745823378,29570.86758586995,28898.53097121792,29366.16796875
2025-03-25,28633.408,28877.47,28163.166,28533.598,29700.713234459312,30122.93896428735,29430.09165272739,29479.994140625
2025-03-26,29000.66,29253.75,28525.104,28899.111,30041.146225206,30041.29632252592,29428.643896854785,29892.087890625
2025-03-27,29266.525,29531.086,28782.832,29156.871,30110.712313857624,30427.193496555952,29747.67172092401,30072.435546875
2025-03-28,29511.68,29782.518,29019.354,29393.21,30450.648068190992,31154.222461999896,30374.69687183383,30442.462890625
2025-04-01,29709.299,29985.97,29207.887,29581.008,30543.015868547904,30543.216648084588,30030.11966879805,30117.34765625
2025-04-02,29998.965,30281.754,29484.635,29867.47,30034.112778214825,30387.12220072504,30034.112778214825,30207.7734375
2025-04-03,29757.77,30044.48,29232.727,29597.13,30214.90700488789,30919.92972778165,30214.90700488789,30837.990234375
2025-04-04,29642.518,29921.846,29109.016,29473.893,30687.0856449876,30853.26092456941,30472.454271423,30651.953125
2025-04-07,29915.562,30188.154,29374.758,29758.775,28797.777785949835,30214.308607707542,28797.777785949835,29698.56640625
2025-04-08,29957.82,30232.293,29412.455,29795.557,30387.37124616042,30455.139214093982,30146.09271893636,30334.474609375
2025-04-09,29086.148,29354.406,28544.227,28888.252,30473.75310447219,30531.688722666848,30100.13162241796,30276.4375
2025-04-11,29107.924,29359.688,28557.242,28924.625,30591.22194862912,30611.032845695583,29685.242315864507,30051.126953125
2025-04-15,29279.465,29527.672,28723.414,29105.018,30542.36846458297,31139.15151983369,30176.78206941704,31085.755859375
2025-04-16,29298.629,29545.705,28739.72,29120.217,31064.297886123502,31262.90978264844,30498.852031139853,30710.98828125
2025-04-17,29822.53,30068.598,29260.77,29664.691,30822.0720910328,30999.82435885845,30525.351125282366,30950.919921875
2025-04-21,29955.041,30213.361,29392.268,29787.334,30918.58284229577,31338.76178211328,30695.01970092019,31111.904296875
2025-04-22,30066.857,30328.566,29504.037,29897.045,31094.63936603281,31303.83020239061,30778.75662224016,30853.111328125
2025-04-23,30223.48,30488.705,29659.861,30054.348,30892.1856119472,31024.376521791728,30255.87821322555,30292.505859375
2025-04-24,30157.703,30427.19,29593.56,29978.75,30292.005564275307,30746.917401607137,30240.906198873512,30637.681640625
2025-04-25,29746.621,30014.871,29180.506,29545.729,30840.635817231385,30840.635817231385,29921.531415347083,30508.333984375
2025-04-28,29709.44,29967.088,29142.889,29515.617,30460.478134862664,30779.854052397262,29870.82956738804,30355.333984375
2025-04-29,29708.371,29959.705,29143.059,29515.748,30522.756486517454,30530.39195682361,29666.628647446185,29962.3515625
2025-04-30,29639.768,29886.26,29077.164,29446.924,29886.6503193338,30370.603081605543,29532.291977371347,29672.716796875
2025-05-02,29384.23,29625.516,28821.84,29181.725,29662.0892404795,29716.63109984269,28943.44273854993,29260.97265625
2025-05-05,29114.469,29348.518,28553.133,28909.217,29479.79486086095,29547.26263360651,29292.75994920963,29398.802734375
2025-05-06,28759.342,28983.709,28201.21,28549.436,29612.733179258696,29800.317790851943,29321.00442015601,29414.220703125
2025-05-07,28709.42,28923.4,28154.916,28512.58,28944.19153589473,29548.36056738285,28944.19153589473,29507.990234375
2025-05-08,28784.943,28996.082,28234.26,28601.578,29392.564648609467,29642.12776417232,29118.100971924658,29221.748046875
2025-05-09,28855.326,29066.324,28314.285,28686.168,29033.517108290987,29465.42314308316,28688.94042773178,29230.18359375
2025-05-12,28749.06,28963.309,28214.53,28581.336,29572.76244024533,30128.126418378564,29572.76244024533,30040.896484375
2025-05-13,28647.598,28861.416,28120.934,28484.42,30171.042563227944,30360.672007059016,29670.4699542728,30141.849609375
2025-05-14,29228.688,29443.775,28706.363,29097.725,30161.511422001404,30839.73690111788,30124.78436123621,30572.16015625
2025-05-15,29650.562,29879.715,29131.266,29527.252,31038.7978089364,31803.054412164696,30834.79799757639,31324.140625
2025-05-16,30073.45,30316.482,29554.385,29955.383,31169.393874993373,31598.75409754953,30961.4993324231,31497.900390625
2025-05-19,30691.982,30950.924,30165.146,30579.328,31438.566948952925,31571.45766228445,31139.152025629563,31521.8046875
2025-05-20,30968.012,31242.707,30436.729,30841.053,31388.664247783643,31862.289530492057,31358.72275565539,31459.724609375
2025-05-21,31000.041,31280.707,30463.615,30852.586,31532.48206932427,31688.078409551188,31369.899381101543,31416.359375
2025-05-22,30916.457,31197.078,30371.223,30750.521,31363.71384054194,31564.321843149704,31333.82302983,31407.1796875
2025-05-23,30813.664,31089.34,30258.1,30633.16,31338.76243045076,31782.894573175297,31318.80143527213,31396.099609375
2025-05-26,30747.941,31016.26,30182.867,30559.078,31394.65204185109,31690.87397894078,30949.52186602881,31021.681640625
2025-05-27,30740.738,31002.236,30166.174,30548.068,31122.084879978625,31122.084879978625,30734.99168747802,30910.6484375
2025-05-28,30371.273,30626.9,29788.031,30156.516,31139.10201855553,31372.69634602599,29759.847924088663,29835.94921875
2025-05-29,30084.104,30326.924,29495.3,29861.17,29836.847499629752,29935.85325552166,29547.26297358064,29856.7578125
2025-05-30,29279.707,29511.594,28685.564,29024.28,29742.480434375168,29911.55044873,29442.467074992823,29550.556640625
2025-06-02,28855.41,29065.695,28263.305,28605.393,29442.51832449005,29572.21410985229,29158.02346335925,29352.943359375
2025-06-03,28611.812,28807.318,28023.686,28373.178,29384.081795244307,29568.6215843888,29192.955267594923,29330.986328125
2025-06-04,28459.771,28645.555,27879.275,28236.588,29267.80922457274,29557.14423998422,29178.284940788657,29353.091796875
2025-06-05,28442.254,28624.3,27868.941,28237.066,29362.62361831044,29522.311578165285,29302.1421933786,29468.865234375
2025-06-06,28510.924,28694.71,27946.42,28324.135,29501.352138483613,29744.028321589874,29427.94480069421,29538.62890625
2025-06-09,28690.414,28879.723,28135.334,28522.537,29587.18410641632,29821.37686432033,29319.8061951462,29784.349609375
2025-06-10,28881.975,29081.041,28335.37,28727.564,29662.13764356086,30056.26787516075,29642.82577098392,29782.552734375
2025-06-11,29192.123,29400.889,28655.008,29052.809,29857.605250213302,30134.96366199189,29607.145448436702,29763.5390625
2025-06-12,29340.16,29561.637,28810.062,29202.531,29917.68958084043,29947.330878864937,29493.46775235947,29636.888671875
2025-06-13,29346.408,29576.5,28820.451,29202.553,29372.653977281592,29608.14302927362,29210.02060562169,29586.384765625
2025-06-16,29182.625,29415.695,28658.92,29025.37,29651.1585741847,29846.67690437784,29504.54468031708,29795.27734375
2025-06-17,28976.117,29204.564,28456.822,28810.754,29761.99351235088,29844.63086170044,29490.92359129786,29538.779296875
2025-06-18,29132.805,29354.436,28615.504,28977.754,29741.83108547996,29741.83108547996,29201.18832985197,29252.587890625
2025-06-19,29007.438,29228.174,28489.135,28842.174,29252.58915254079,29354.48964386814,29101.983052867094,29221.25
2025-06-20,28692.812,28909.271,28172.578,28512.307,29252.88910791214,29475.403521874243,28561.18994296127,28831.3125
2025-06-23,28473.092,28681.06,27952.81,28289.291,28644.02690973474,28843.636853356584,28419.465723160163,28521.865234375
2025-06-24,28139.727,28340.83,27620.934,27948.352,28539.48247884908,28693.87999742322,28278.59188099781,28452.552734375
2025-06-25,27771.684,27965.191,27257.283,27578.734,28529.25128647309,29143.05186513956,28444.417060153337,29070.642578125
2025-06-26,27565.258,27751.824,27055.877,27380.387,29230.48152545892,30091.200021407058,29147.34515071072,30049.630859375
2025-06-27,28189.615,28373.363,27687.572,28048.766,29988.9503928319,31231.820570596807,29988.9503928319,30939.09375
2025-06-30,29403.568,29601.033,28904.598,29312.414,30750.91079827189,31070.48554798652,30555.09421736014,30969.134765625
2025-07-01,30538.912,30768.432,30038.467,30469.904,31238.25793429578,31573.852147847647,31071.433536119766,31125.376953125
2025-07-02,30917.729,31181.383,30414.916,30823.766,31239.008042702702,31624.953103592976,30952.31825031292,31564.970703125
2025-07-03,31004.072,31286.219,30492.555,30880.48,31537.923550600182,31827.75563664753,31258.917965090262,31327.8828125
2025-07-04,31086.799,31373.549,30566.152,30943.822,31394.002887446248,31463.517440345742,31104.41837116543,31237.55859375
2025-07-07,30881.643,31170.584,30350.395,30710.797,31134.11091547997,31136.50662471596,30778.95530583878,31039.9453125
2025-07-08,30631.83,30913.32,30088.979,30441.963,31301.883978101338,31302.7319304982,31004.663992447124,31235.513671875
2025-07-09,30314.746,30583.83,29761.201,30108.324,31209.014510134,31633.18563795002,31185.16073214188,31566.265625
2025-07-10,30353.225,30607.654,29787.8,30150.814,31629.194041034883,31629.194041034883,30959.502671196937,31117.79296875
2025-07-11,30638.11,30885.16,30062.41,30448.084,31337.61342787753,31513.66979041008,31007.7579915554,31183.763671875
2025-07-14,30424.393,30671.438,29840.393,30215.148,31169.143049985407,31423.595043207,30809.794473044312,31071.43359375
2025-07-15,30364.387,30605.6,29773.379,30154.016,31054.26778337801,31089.25020739876,30760.34212732412,30983.40625
2025-07-16,30276.66,30514.137,29681.63,30064.047,30769.87345612221,30962.44637355313,30630.14649264972,30933.00390625
2025-07-17,30177.25,30410.299,29581.828,29964.463,30801.860670772017,30894.6286111039,30625.9544103066,30791.529296875
2025-07-18,30095.99,30325.043,29502.598,29886.68,30879.65968373665,30980.014367186355,30680.94836568025,30705.5
2025-07-21,29966.637,30193.203,29375.508,29758.498,30959.900390625,31583.05078125,30959.900390625,31524.650390625
2025-07-22,29889.635,30114.459,29298.664,29683.973,31629.900390625,32508.19921875,31605.0,32293.80078125
2025-07-23,30521.203,30745.752,29930.092,30350.861,32291.30078125,32389.650390625,31600.0,32108.349609375
2025-07-24,31357.582,31598.994,30765.271,31214.438,32211.30078125,32283.75,31661.05078125,31717.94921875
2025-07-25,31515.715,31780.832,30924.756,31354.697,31625.0,31625.0,30789.349609375,30932.900390625
2025-07-28,31143.756,31419.166,30550.715,30948.66,30950.05078125,31451.400390625,30476.44921875,30677.849609375
2025-07-29,30333.719,30602.256,29739.137,30099.17,30700.0,30900.05078125,30150.0,30423.19921875
2025-07-30,29841.707,30090.268,29245.215,29600.182,30400.0,30719.849609375,30225.5,30598.400390625
2025-07-31,29540.541,29770.588,28943.791,29301.219,30200.55078125,30966.849609375,30200.55078125,30818.349609375
2025-08-01,29598.865,29814.283,29004.135,29378.377,30761.44921875,31011.349609375,30536.650390625,30653.25
2025-08-04,29851.49,30061.35,29260.844,29653.072,30921.150390625,31034.400390625,30189.849609375,30620.900390625
2025-08-05,29938.393,30151.182,29349.436,29744.473,30999.849609375,30999.849609375,30000.349609375,30205.25
2025-08-06,29950.154,30164.635,29362.668,29754.535,30335.0,30653.0,30133.099609375,30558.30078125
2025-08-07,29705.996,29922.486,29120.15,29496.32,30300.0,30710.400390625,30210.0,30625.650390625
2025-08-08,29807.738,30020.238,29226.629,29609.482,30825.0,30880.0,30320.05078125,30444.30078125
2025-08-11,29922.615,30137.074,29347.824,29733.117,30300.55078125,30837.30078125,30300.55078125,30577.75
2025-08-12,29877.79,30097.01,29306.508,29685.73,30593.5,30644.69921875,30380.0,30400.25
2025-08-13,29908.744,30130.113,29340.977,29722.379,30555.0,30555.0,30292.0,30390.650390625
2025-08-14,29798.027,30021.627,29232.1,29607.066,30400.0,30600.0,30250.0,30434.900390625
2025-08-18,29721.6,29943.346,29157.096,29529.49,30850.400390625,31900.0,30775.0,31325.55078125
2025-08-19,29724.727,29944.225,29161.8,29535.84,31325.900390625,31475.0,30690.55078125,30917.75
2025-08-20,30521.275,30743.307,29956.168,30370.418,30900.0,31200.0,30650.0,30693.0
2025-08-21,30564.834,30804.521,29998.9,30395.775,30708.05078125,30762.400390625,30418.0,30600.30078125
2025-08-22,30290.428,30534.615,29724.305,30099.7,30600.05078125,30740.44921875,29942.900390625,29993.349609375
2025-08-25,30006.348,30244.236,29439.596,29802.156,30060.599609375,30382.0,29987.0,30034.94921875
2025-08-26,29499.973,29728.93,28933.596,29276.518,29902.0,30500.0,29700.0,30112.849609375
2025-08-28,29270.852,29486.07,28704.764,29051.018,30100.0,30139.80078125,29621.69921875,29657.5
2025-08-29,29277.256,29483.664,28713.17,29070.355,29815.099609375,29879.94921875,29210.349609375,29247.150390625
2025-09-01,29055.664,29259.705,28494.158,28846.018,29449.94921875,29979.900390625,29379.900390625,29922.25
2025-09-02,28721.979,28921.623,28163.018,28507.775,29922.25,30150.0,29721.75,29989.44921875
2025-09-03,29074.14,29266.184,28519.18,28890.826,29940.099609375,30235.099609375,29870.30078125,29921.150390625
2025-09-04,29396.82,29595.285,28845.99,29228.648,30700.0,30745.0,29860.150390625,29962.099609375
2025-09-05,29493.715,29702.523,28946.275,29326.18,30879.900390625,30879.900390625,29668.80078125,30015.400390625
2025-09-08,29578.01,29795.555,29027.883,29405.12,30109.94921875,30600.0,30109.94921875,30490.44921875
2025-09-09,29645.555,29869.95,29093.299,29465.535,30400.25,30639.5,30150.0,30159.0
2025-09-10,29969.2,30197.254,29419.033,29801.043,30500.0,30500.0,29768.0,29862.650390625
2025-09-11,29868.398,30104.277,29318.828,29684.932,30045.0,30050.0,29659.0,29830.44921875
2025-09-12,29533.91,29769.143,28983.762,29331.41,29850.0,29875.150390625,29506.400390625,29569.099609375
2025-09-15,29277.795,29504.953,28727.844,29068.703,29508.599609375,29520.0,29217.599609375,29272.69921875
2025-09-16,28992.68,29210.893,28444.11,28778.896,29300.0,29869.94921875,29300.0,29551.75
2025-09-17,28665.438,28874.012,28119.752,28449.814,29860.0,30190.099609375,29555.0,29721.900390625
2025-09-18,28782.385,28982.568,28239.164,28588.385,29801.25,30020.0,29635.19921875,29972.400390625
2025-09-19,29089.105,29291.291,28546.129,28914.127,29990.400390625,30090.0,29685.599609375,29916.55078125
2025-09-22,29428.58,29637.494,28887.932,29267.72,29775.5,29975.0,29655.0,29714.0
2025-09-23,29516.088,29733.697,28977.596,29351.87,29925.0,30105.0,29680.05078125,29795.94921875
2025-09-24,29327.254,29549.63,28791.295,29150.902,29953.75,29953.75,29597.25,29659.650390625
2025-09-25,29273.219,29494.752,28737.78,29096.01,29680.0,29905.05078125,29454.0,29508.55078125
2025-09-26,29135.928,29357.137,28600.85,28953.004,29510.0,29510.0,28827.75,28910.599609375
2025-09-29,28938.828,29158.027,28404.549,28751.059,28998.900390625,30078.0,28712.19921875,29635.75
